Restrição de Atendimento;Nome;Código INEP;UF;Município;Localização;Localidade Diferenciada;Categoria Administrativa;Endereço;Telefone;Tipo;Categoria Escola Privada;Conveniada Poder Público;Regulamentação pelo Conselho de Educação;Porte da Escola;Etapas e Modalidade de Ensino Oferecidas;Outras Ofertas Educacionais;Latitude;Longitude;Lat tratada;Long tratada;;;;
ESCOLA EM FUNCIONAMENTO E SEM RESTRIÇÃO DE ATENDIMENTO;COLEGIO CRISTAO ALIANCADOS;50001558;MS;Campo Grande;Urbana;A escola não está em área de localização diferenciada;Privada;RUA PEDRO MARTINS, 1001 VILA DO POLONES. 79032-340 Campo Grande - MS.;(67) 40428121;Privada;Particular;Não;Sim;Entre 51 e 200 matrículas de escolarização;Educação Infantil, Ensino Fundamental;;                              ;                              ;   ;                           ;;;Privada;207
ESCOLA EM FUNCIONAMENTO E SEM RESTRIÇÃO DE ATENDIMENTO;ATIVA IDADE EDUCACAO INFANTIL E ENSINO FUNDAMENTAL;50005049;MS;Campo Grande;Urbana;A escola não está em área de localização diferenciada;Privada;RUA DOUTOR ZERBINI, 243 CHACARA CACHOEIRA. 79040-040 Campo Grande - MS.;(67) 33269497;Privada;Particular;Não;Sim;Entre 201 e 500 matrículas de escolarização;Educação Infantil, Ensino Fundamental;;-2.045.936;-5.458.425;-2.045.936;-5.458.425;;;Estadual;83
ESCOLA EM FUNCIONAMENTO E SEM RESTRIÇÃO DE ATENDIMENTO;CEINF - PARAISO DA CRIANCA E CE FENNIX;50005103;MS;Campo Grande;Urbana;A escola não está em área de localização diferenciada;Privada;RUA SAO MATEUS, 262 VILA NASSER. 79117-210 Campo Grande - MS.;(67) 33650080;Privada;Particular;Não;Sim;Entre 51 e 200 matrículas de escolarização;Educação Infantil, Ensino Fundamental;;-2.041.617;-546.348.233;-2.041.617;-546.348.233;;;Federal;2
ESCOLA EXCLUSIVA DE ATENDIMENTO EDUCACIONAL ESPECIALIZADO;C EST ATEND AO DEF DA AUDIOCOMUNICACAO;50005111;MS;Campo Grande;Urbana;A escola não está em área de localização diferenciada;Pública;RUA ANTONIO DA SILVA VENDAS, 185 JARDIM BELA VISTA. 79003-250 Campo Grande - MS.;(67) 33141289;Estadual;Não Informado;Não;Sim;Escola sem matrícula de escolarização;;Atendimento Educacional Especializado;-204.734.488;-545.901.398;-204.734.488;-545.901.398;;;Municipal;206
ESCOLA EM FUNCIONAMENTO E SEM RESTRIÇÃO DE ATENDIMENTO;COLEGIO IMPACTO CENTRO DE ENSINO LTDA - ME;50005120;MS;Campo Grande;Urbana;A escola não está em área de localização diferenciada;Privada;RUA ALAGOAS, 1081 JARDIM DOS ESTADOS. 79020-121 Campo Grande - MS.;(67) 30255585;Privada;Particular;Não;Sim;Entre 501 e 1000 matrículas de escolarização;Educação Infantil, Ensino Fundamental;;-2.045.006;-5.459.651;-2.045.006;-5.459.651;;;;
ESCOLA EM FUNCIONAMENTO E SEM RESTRIÇÃO DE ATENDIMENTO;CEDAE - C ESP NO DESENV E ACOMP ESCOLAR;50005154;MS;Campo Grande;Urbana;A escola não está em área de localização diferenciada;Privada;RUA ARGEMIRO FIALHO, 594 VILA BANDEIRANTE. 79006-540 Campo Grande - MS.;(67) 33314756;Privada;Particular;Não;Sim;Entre 51 e 200 matrículas de escolarização;Educação Infantil, Ensino Fundamental;;-204.725.412;-546.383.682;-204.725.412;-546.383.682;;;;
ESCOLA EM FUNCIONAMENTO E SEM RESTRIÇÃO DE ATENDIMENTO;CEGRAN - CENTRO DE ENSINO CAMPOGRANDENSE;50005162;MS;Campo Grande;Urbana;A escola não está em área de localização diferenciada;Privada;AVENIDA MATO GROSSO, 952 CENTRO. 79005-000 Campo Grande - MS.;(67) 33822094;Privada;Particular;Não;Sim;Entre 201 e 500 matrículas de escolarização;Educação Profissional;;-204.655.066;-546.272.976;-204.655.066;-546.272.976;;;;
ESCOLA ATENDE EXCLUSIVAMENTE ALUNOS COM DEFICIÊNCIA;CENTRO DE EDUCACAO ESPECIAL GIRASSOL;50005189;MS;Campo Grande;Urbana;A escola não está em área de localização diferenciada;Privada;AVENIDA JOANA DARC, 1450 SANTA BRANCA. 79070-901 Campo Grande - MS.;(67) 40422250;Privada;Filantrópica;Sim;Sim;Entre 51 e 200 matrículas de escolarização;Educação Infantil, Ensino Fundamental, Educação de Jovens Adultos;Atividade Complementar;-205.166.724;-54.617.541;-205.166.724;-54.617.541;;;;
ESCOLA EM FUNCIONAMENTO E SEM RESTRIÇÃO DE ATENDIMENTO;COLEGIO TICTAC E INSTITUTO PENRABEL;50005200;MS;Campo Grande;Urbana;A escola não está em área de localização diferenciada;Privada;RUA BRASILIA, 994 JARDIM IMA. 79102-050 Campo Grande - MS.;(67) 30289200;Privada;Particular;Não;Sim;Entre 501 e 1000 matrículas de escolarização;Educação Infantil, Ensino Fundamental, Ensino Médio;;-2.044.798;-5.466.032;-2.044.798;-5.466.032;;;;
ESCOLA EM FUNCIONAMENTO E SEM RESTRIÇÃO DE ATENDIMENTO;COLEGIO PINTE O SETE;50005278;MS;Campo Grande;Urbana;A escola não está em área de localização diferenciada;Privada;RUA ARARIBA, 28 VILA MORENINHA II. 79065-204 Campo Grande - MS.;(67) 982130710;Privada;Particular;Não;Sim;Entre 51 e 200 matrículas de escolarização;Educação Infantil, Ensino Fundamental;;-2.055.308;-5.457.626;-2.055.308;-5.457.626;;;;
ESCOLA ATENDE EXCLUSIVAMENTE ALUNOS COM DEFICIÊNCIA;CENTRO DESENV DO POTENCIAL HUMANO RAIO DE LUZ;50005286;MS;Campo Grande;Urbana;A escola não está em área de localização diferenciada;Privada;AVENIDA PRESIDENTE ERNESTO GEISEL, 6430 CABREUVA. 79008-410 Campo Grande - MS.;(67) 33314690;Privada;Particular;Não;Sim;Até 50 matrículas de escolarização;Ensino Fundamental;;-204.712.049;-546.434.823;-204.712.049;-546.434.823;;;;
ESCOLA EM FUNCIONAMENTO E SEM RESTRIÇÃO DE ATENDIMENTO;ESCOLA CARROSSEL NOVO ESTILO;50005316;MS;Campo Grande;Urbana;A escola não está em área de localização diferenciada;Privada;RUA ALBERT SABIN, 1895 1905. VILA TAVEIROPOLIS. 79090-160 Campo Grande - MS.;(67) 33807653;Privada;Particular;Não;Sim;Entre 201 e 500 matrículas de escolarização;Educação Infantil, Ensino Fundamental;;-204.860.233;-546.507.013;-204.860.233;-546.507.013;;;;
ESCOLA EM FUNCIONAMENTO E SEM RESTRIÇÃO DE ATENDIMENTO;CENTRO DE EDUCACAO DE JOVENS E ADULTOS PROFª IGNES DE LAMONICA GUIMARAES - CEEJA-MS;50005340;MS;Campo Grande;Urbana;A escola não está em área de localização diferenciada;Pública;RUA ELVIRA COELHO MACHADO, 544 CHACARA CACHOEIRA. 79040-131 Campo Grande - MS.;(67) 33414409;Estadual;Não Informado;Não;Sim;Mais de 1000 matrículas de escolarização;Educação de Jovens Adultos;;-204.633.943;-54.586.582;-204.633.943;-54.586.582;;;;
ESCOLA EM FUNCIONAMENTO E SEM RESTRIÇÃO DE ATENDIMENTO;COLEGIO MARISTA ALEXANDER FLEMING;50005405;MS;Campo Grande;Urbana;A escola não está em área de localização diferenciada;Privada;RUA PERNAMBUCO, 2834 VILA GOMES. 79022-340 Campo Grande - MS.;(67) 33262941;Privada;Filantrópica;Não;Sim;Mais de 1000 matrículas de escolarização;Educação Infantil, Ensino Fundamental, Ensino Médio;;-204.481.333;-54.591.445;-204.481.333;-54.591.445;;;;
ESCOLA EM FUNCIONAMENTO E SEM RESTRIÇÃO DE ATENDIMENTO;COLEGIO MILITAR DE CAMPO GRANDE;50005499;MS;Campo Grande;Urbana;A escola não está em área de localização diferenciada;Pública;AVENIDA PRESIDENTE VARGAS, 2800 CMCG. SANTA CARMELIA. 79115-810 Campo Grande - MS.;(67) 33684828;Federal;Não Informado;Não;Sim;Entre 501 e 1000 matrículas de escolarização;Ensino Fundamental, Ensino Médio;;-204.366.252;-546.466.837;-204.366.252;-546.466.837;;;;
ESCOLA EM FUNCIONAMENTO E SEM RESTRIÇÃO DE ATENDIMENTO;CEI- JOSE EDUARDO MARTINS JALLAD - ZEDU;50005588;MS;Campo Grande;Urbana;A escola não está em área de localização diferenciada;Pública;AVENIDA PRESIDENTE MANOEL FERRAZ DE CAMPO SALES, S/N PARQUE DOS PODERES. 79031-300 Campo Grande - MS.;(67) 33141270;Estadual;Não Informado;Não;Sim;Entre 201 e 500 matrículas de escolarização;Educação Infantil;;-204.436.836;-545.538.614;-204.436.836;-545.538.614;;;;
ESCOLA EM FUNCIONAMENTO E SEM RESTRIÇÃO DE ATENDIMENTO;CEI - MARIA APARECIDA MORAES DAVILA - SANTA CASA;50005596;MS;Campo Grande;Urbana;A escola não está em área de localização diferenciada;Privada;RUA EDUARDO SANTOS PEREIRA, 88 COMPLEXO SANTA CASA. CENTRO. 79002-251 Campo Grande - MS.;(67) 33224225;Privada;Filantrópica;Não;Sim;Entre 51 e 200 matrículas de escolarização;Educação Infantil;;-204.546.553;-546.155.895;-204.546.553;-546.155.895;;;;
ESCOLA EM FUNCIONAMENTO E SEM RESTRIÇÃO DE ATENDIMENTO;COLEGIO ADVENTISTA JARDIM DOS ESTADOS;50005618;MS;Campo Grande;Urbana;A escola não está em área de localização diferenciada;Privada;RUA RIO GRANDE DO SUL, 760 JARDIM DOS ESTADOS. 79020-010 Campo Grande - MS.;(67) 33820129;Privada;Particular;Não;Sim;Entre 501 e 1000 matrículas de escolarização;Educação Infantil, Ensino Fundamental, Ensino Médio;;-204.581.754;-546.011.712;-204.581.754;-546.011.712;;;;
ESCOLA EM FUNCIONAMENTO E SEM RESTRIÇÃO DE ATENDIMENTO;COLEGIO ADVENTISTA CAMPO-GRANDENSE;50005626;MS;Campo Grande;Urbana;A escola não está em área de localização diferenciada;Privada;AVENIDA CUIABA, 1311 JARDIM LEBLON. 79090-294 Campo Grande - MS.;(67) 30479551;Privada;Particular;Não;Sim;Mais de 1000 matrículas de escolarização;Educação Infantil, Ensino Fundamental, Ensino Médio;;-204.975.068;-546.520.813;-204.975.068;-546.520.813;;;;
ESCOLA EM FUNCIONAMENTO E SEM RESTRIÇÃO DE ATENDIMENTO;EM ADVOGADO DEMOSTHENES MARTINS;50005723;MS;Campo Grande;Urbana;A escola não está em área de localização diferenciada;Pública;RUA ARIRAMBA, 215 CONJUNTO RESIDENCIAL OCTAVIO PECORA. 79012-110 Campo Grande - MS.;(67) 20204192;Municipal;Não Informado;Não;Sim;Entre 201 e 500 matrículas de escolarização;Educação Infantil, Ensino Fundamental;Atividade Complementar;-204.201.076;-546.093.542;-204.201.076;-546.093.542;;;;
ESCOLA EM FUNCIONAMENTO E SEM RESTRIÇÃO DE ATENDIMENTO;EE ARACY EUDOCIAK;50005731;MS;Campo Grande;Urbana;A escola não está em área de localização diferenciada;Pública;RUA MARACATINS, 696 JARDIM TIJUCA. 79094-140 Campo Grande - MS.;(67) 33257684;Estadual;Não Informado;Não;Sim;Entre 201 e 500 matrículas de escolarização;Ensino Fundamental, Ensino Médio;Atendimento Educacional Especializado, Atividade Complementar;-205.175.288;-546.640.588;-205.175.288;-546.640.588;;;;
ESCOLA EM FUNCIONAMENTO E SEM RESTRIÇÃO DE ATENDIMENTO;EE ELVIRA MATHIAS DE OLIVEIRA;50005740;MS;Campo Grande;Urbana;A escola não está em área de localização diferenciada;Pública;RUA AGRONOMICA, 38 VILA SANTO EUGENIO. 79060-490 Campo Grande - MS.;(67) 99167786;Estadual;Não Informado;Não;Sim;Entre 201 e 500 matrículas de escolarização;Ensino Fundamental, Ensino Médio;Atendimento Educacional Especializado;-205.224.955;-545.927.335;-205.224.955;-545.927.335;;;;
ESCOLA EM FUNCIONAMENTO E SEM RESTRIÇÃO DE ATENDIMENTO;EE JOAO CARLOS FLORES;50005758;MS;Campo Grande;Urbana;A escola não está em área de localização diferenciada;Pública;RUA ASSUNCAO, 971 RITA VIEIRA. 79052-061 Campo Grande - MS.;;Estadual;Não Informado;Não;Sim;Entre 201 e 500 matrículas de escolarização;Ensino Fundamental, Ensino Médio;Atendimento Educacional Especializado, Atividade Complementar;-205.012.488;-545.909.816;-205.012.488;-545.909.816;;;;
ESCOLA EM FUNCIONAMENTO E SEM RESTRIÇÃO DE ATENDIMENTO;EE JOSE FERREIRA BARBOSA;50005766;MS;Campo Grande;Urbana;A escola não está em área de localização diferenciada;Pública;RUA COMANDANTE ELIAS FERREIRA, 55 VILA BORDON. 79106-695 Campo Grande - MS.;(67) 33147057;Estadual;Não Informado;Não;Sim;Entre 201 e 500 matrículas de escolarização;Ensino Fundamental, Ensino Médio;Atendimento Educacional Especializado, Atividade Complementar;-204.578.337;-547.062.603;-204.578.337;-547.062.603;;;;
ESCOLA EM FUNCIONAMENTO E SEM RESTRIÇÃO DE ATENDIMENTO;EE LUISA VIDAL BORGES DANIEL;50005774;MS;Campo Grande;Urbana;A escola não está em área de localização diferenciada;Pública;RUA DAS AMEIXEIRAS, S/N BOM JARDIM. 79091-210 Campo Grande - MS.;(67) 33146070;Estadual;Não Informado;Não;Sim;Entre 201 e 500 matrículas de escolarização;Ensino Fundamental, Ensino Médio;;-204.916.358;-546.634.071;-204.916.358;-546.634.071;;;;
ESCOLA EM FUNCIONAMENTO E SEM RESTRIÇÃO DE ATENDIMENTO;EE MARCAL DE SOUZA TUPA-Y;50005782;MS;Campo Grande;Urbana;A escola não está em área de localização diferenciada;Pública;RUA LUIZ DE VASCONCELOS, 200 ESCOLA. JARDIM LOS ANGELES. 79073-238 Campo Grande - MS.;(67) 33145639;Estadual;Não Informado;Não;Sim;Entre 501 e 1000 matrículas de escolarização;Ensino Fundamental, Ensino Médio, Educação de Jovens Adultos;Atendimento Educacional Especializado, Atividade Complementar;-205.520.401;-54.622.908;-205.520.401;-54.622.908;;;;
ESCOLA EM FUNCIONAMENTO E SEM RESTRIÇÃO DE ATENDIMENTO;EE PADRE FRANCO DELPIANO;50005804;MS;Campo Grande;Urbana;A escola não está em área de localização diferenciada;Pública;RUA LINO VILLACHA, 1250 HOSPITAL SAO JULIAO. NOVA LIMA. 79017-200 Campo Grande - MS.;(67) 33557554;Estadual;Não Informado;Não;Sim;Entre 201 e 500 matrículas de escolarização;Ensino Fundamental, Ensino Médio;Atendimento Educacional Especializado, Atividade Complementar;-203.724.592;-54.549.548;-203.724.592;-54.549.548;;;;
ESCOLA EM FUNCIONAMENTO E SEM RESTRIÇÃO DE ATENDIMENTO;EE PROFª ADA TEIXEIRA DOS SANTOS PEREIRA;50005812;MS;Campo Grande;Urbana;A escola não está em área de localização diferenciada;Pública;RUA LOURENCO DA VEIGA, 245 JARDIM CAMPO BELO. 79015-243 Campo Grande - MS.;(67) 33845127;Estadual;Não Informado;Não;Sim;Mais de 1000 matrículas de escolarização;Ensino Fundamental, Ensino Médio;Atendimento Educacional Especializado, Atividade Complementar;-204.007.406;-545.812.355;-204.007.406;-545.812.355;;;;
ESCOLA EM FUNCIONAMENTO E SEM RESTRIÇÃO DE ATENDIMENTO;EM PROFESSOR CARLOS HENRIQUE SCHRADER;50005820;MS;Campo Grande;Urbana;A escola não está em área de localização diferenciada;Pública;RUA TITO MADI, 17 JARDIM FLAMBOYANT. 79041-041 Campo Grande - MS.;(67) 20204196;Municipal;Não Informado;Não;Sim;Entre 201 e 500 matrículas de escolarização;Educação Infantil, Ensino Fundamental;Atividade Complementar;-204.687.951;-545.765.918;-204.687.951;-545.765.918;;;;
ESCOLA EM FUNCIONAMENTO E SEM RESTRIÇÃO DE ATENDIMENTO;ESCOLA ESTADUAL PROFESSORA FLAVINA MARIA DA SILVA;50005839;MS;Campo Grande;Urbana;A escola não está em área de localização diferenciada;Pública;RUA CENTRO OESTE, 40 JARDIM MORENAO. 79070-060 Campo Grande - MS.;(67) 33885177;Estadual;Não Informado;Não;Sim;Entre 201 e 500 matrículas de escolarização;Ensino Médio;Atividade Complementar;-205.235.596;-546.239.203;-205.235.596;-546.239.203;;;;
ESCOLA EM FUNCIONAMENTO E SEM RESTRIÇÃO DE ATENDIMENTO;EM PROFESSORA HILDA DE SOUZA FERREIRA;50005847;MS;Campo Grande;Urbana;A escola não está em área de localização diferenciada;Pública;RUA MANGABEIRA, 38 COOPHATRABALHO. 79115-191 Campo Grande - MS.;(67) 20204511;Municipal;Não Informado;Não;Sim;Entre 201 e 500 matrículas de escolarização;Educação Infantil, Ensino Fundamental;Atividade Complementar;-2.043.331.986;-546.558.911;-2.043.331.986;-546.558.911;;;;
ESCOLA EM FUNCIONAMENTO E SEM RESTRIÇÃO DE ATENDIMENTO;EE PROFª JOELINA DE ALMEIDA XAVIER;50005855;MS;Campo Grande;Urbana;A escola não está em área de localização diferenciada;Pública;RUA SANDOVAL RIBEIRO SOARES, 55 CORONEL ANTONINO. 79013-590 Campo Grande - MS.;(67) 33141251;Estadual;Não Informado;Não;Sim;Até 50 matrículas de escolarização;Ensino Fundamental;Atividade Complementar;-204.237.481;-5.458.769;-204.237.481;-5.458.769;;;;
ESCOLA EM FUNCIONAMENTO E SEM RESTRIÇÃO DE ATENDIMENTO;EE PROFª THEREZA NORONHA DE CARVALHO;50005863;MS;Campo Grande;Urbana;A escola não está em área de localização diferenciada;Pública;RUA BRILHANTE, 3315 VILA BANDEIRANTE. 79006-560 Campo Grande - MS.;(67) 33263909;Estadual;Não Informado;Não;Sim;Entre 51 e 200 matrículas de escolarização;Ensino Fundamental, Ensino Médio;;-205.476.463;-546.463.439;-205.476.463;-546.463.439;;;;
ESCOLA EM FUNCIONAMENTO E SEM RESTRIÇÃO DE ATENDIMENTO;EE PROFª ELIA FRANCA CARDOSO;50005871;MS;Campo Grande;Urbana;A escola não está em área de localização diferenciada;Pública;RUA SARGENTO JONAS SERGIO DE OLIVEIRA, 297 JARDIM SAO CONRADO. 79093-250 Campo Grande - MS.;(67) 33146058;Estadual;Não Informado;Não;Sim;Entre 201 e 500 matrículas de escolarização;Ensino Fundamental, Ensino Médio;Atendimento Educacional Especializado, Atividade Complementar;-204.982.567;-546.720.283;-204.982.567;-546.720.283;;;;
ESCOLA EM FUNCIONAMENTO E SEM RESTRIÇÃO DE ATENDIMENTO;EE PROF HENRIQUE CIRYLLO CORREA;50005880;MS;Campo Grande;Urbana;A escola não está em área de localização diferenciada;Pública;AVENIDA DA CAPITAL, 611 VILA RICA. 79022-180 Campo Grande - MS.;(67) 991047637;Estadual;Não Informado;Não;Sim;Entre 201 e 500 matrículas de escolarização;Ensino Fundamental;Atividade Complementar;-204.372.746;-545.941.142;-204.372.746;-545.941.142;;;;
ESCOLA EM FUNCIONAMENTO E SEM RESTRIÇÃO DE ATENDIMENTO;EE AMELIO DE CARVALHO BAIS;50005901;MS;Campo Grande;Urbana;A escola não está em área de localização diferenciada;Pública;AVENIDA FLORESTAL, 42 COOPHATRABALHO. 79115-020 Campo Grande - MS.;(67) 32531049;Estadual;Não Informado;Não;Sim;Entre 201 e 500 matrículas de escolarização;Ensino Médio;;-204.356.911;-546.484.826;-204.356.911;-546.484.826;;;;
ESCOLA EM FUNCIONAMENTO E SEM RESTRIÇÃO DE ATENDIMENTO;EE ARLINDO DE ANDRADE GOMES;50005910;MS;Campo Grande;Urbana;A escola não está em área de localização diferenciada;Pública;TRAVESSA COMIL, 32 SOBRINHO. 79110-504 Campo Grande - MS.;(67) 33147050;Estadual;Não Informado;Não;Sim;Entre 501 e 1000 matrículas de escolarização;Ensino Fundamental, Ensino Médio, Educação Profissional;;-20.455.454;-546.428.215;-20.455.454;-546.428.215;;;;
ESCOLA EM FUNCIONAMENTO E SEM RESTRIÇÃO DE ATENDIMENTO;EE BLANCHE DOS SANTOS PEREIRA;50005928;MS;Campo Grande;Urbana;A escola não está em área de localização diferenciada;Pública;RUA TABIRA, 911 JARDIM TIJUCA. 79094-030 Campo Grande - MS.;(67) 33146055;Estadual;Não Informado;Não;Sim;Mais de 1000 matrículas de escolarização;Ensino Fundamental, Ensino Médio, Educação de Jovens Adultos;Atendimento Educacional Especializado, Atividade Complementar;-205.078.434;-546.642.373;-205.078.434;-546.642.373;;;;
ESCOLA EM FUNCIONAMENTO E SEM RESTRIÇÃO DE ATENDIMENTO;EE DOLOR FERREIRA DE ANDRADE;50005936;MS;Campo Grande;Urbana;A escola não está em área de localização diferenciada;Pública;AVENIDA ORLANDO DAROS, 143 ESQ.RUA PONTA GROSSA. PARQUE RESIDENCIAL MARIA APARECIDA PEDROSSIAN. 79044-490 Campo Grande - MS.;(67) 33145649;Estadual;Não Informado;Não;Sim;Mais de 1000 matrículas de escolarização;Ensino Fundamental, Ensino Médio;Atendimento Educacional Especializado, Atividade Complementar;-204.691.517;-545.492.982;-204.691.517;-545.492.982;;;;
ESCOLA EM FUNCIONAMENTO E SEM RESTRIÇÃO DE ATENDIMENTO;EE DONA CONSUELO MULLER;50005944;MS;Campo Grande;Urbana;A escola não está em área de localização diferenciada;Pública;RUA EQUADOR, 70 JARDIM JACY. 79006-320 Campo Grande - MS.;(67) 33313996;Estadual;Não Informado;Não;Sim;Entre 201 e 500 matrículas de escolarização;Ensino Fundamental, Ensino Médio;;-204.859.035;-546.393.672;-204.859.035;-546.393.672;;;;
ESCOLA EM FUNCIONAMENTO E SEM RESTRIÇÃO DE ATENDIMENTO;EE DR ARTHUR DE VASCONCELLOS DIAS;50005952;MS;Campo Grande;Urbana;A escola não está em área de localização diferenciada;Pública;RUA DOUTOR JIVAGO, 744 CONJUNTO RESIDENCIAL ESTRELA DO SUL. 79013-820 Campo Grande - MS.;(67) 33510835;Estadual;Não Informado;Não;Sim;Entre 201 e 500 matrículas de escolarização;Ensino Fundamental, Ensino Médio;Atendimento Educacional Especializado, Atividade Complementar;-204.202.786;-545.961.582;-204.202.786;-545.961.582;;;;
ESCOLA EM FUNCIONAMENTO E SEM RESTRIÇÃO DE ATENDIMENTO;EE JOSE BARBOSA RODRIGUES;50005979;MS;Campo Grande;Urbana;A escola não está em área de localização diferenciada;Pública;RUA ELESBAO MURTINHO, 856 UNIVERSITARIO. 79063-040 Campo Grande - MS.;(67) 993186316;Estadual;Não Informado;Não;Sim;Entre 201 e 500 matrículas de escolarização;Ensino Fundamental, Ensino Médio;Atividade Complementar;-205.195.054;-545.959.295;-205.195.054;-545.959.295;;;;
ESCOLA EM FUNCIONAMENTO E SEM RESTRIÇÃO DE ATENDIMENTO;EE JOSE MAMEDE DE AQUINO;50005987;MS;Campo Grande;Urbana;A escola não está em área de localização diferenciada;Pública;RUA HEITOR VIEIRA DE ALMEIDA, 287 JARDIM AEROPORTO. 79106-053 Campo Grande - MS.;(67) 33211674;Estadual;Não Informado;Não;Sim;Entre 501 e 1000 matrículas de escolarização;Ensino Fundamental, Ensino Médio;Atividade Complementar;-20.441.602;-546.873.578;-20.441.602;-546.873.578;;;;
ESCOLA EM FUNCIONAMENTO E SEM RESTRIÇÃO DE ATENDIMENTO;EE JOSE MARIA HUGO RODRIGUES;50005995;MS;Campo Grande;Urbana;A escola não está em área de localização diferenciada;Pública;RUA HUGO PEREIRA DO VALE, 468 MATA DO JACINTO. 79033-210 Campo Grande - MS.;(67) 33148130;Estadual;Não Informado;Não;Sim;Mais de 1000 matrículas de escolarização;Ensino Fundamental, Ensino Médio;Atendimento Educacional Especializado, Atividade Complementar;-204.250.539;-545.703.712;-204.250.539;-545.703.712;;;;
ESCOLA EM FUNCIONAMENTO E SEM RESTRIÇÃO DE ATENDIMENTO;ESCOLA ESTADUAL LINO VILLACHA;50006002;MS;Campo Grande;Urbana;A escola não está em área de localização diferenciada;Pública;RUA JERONIMO DE ALBUQUERQUE, 1941 LADO/ POSTO POLICIAL. NOVA LIMA. 79017-121 Campo Grande - MS.;(67) 33542239;Estadual;Não Informado;Não;Sim;Mais de 1000 matrículas de escolarização;Ensino Fundamental, Ensino Médio;Atendimento Educacional Especializado, Atividade Complementar;-20.389.199;-545.654.238;-20.389.199;-545.654.238;;;;
ESCOLA EM FUNCIONAMENTO E SEM RESTRIÇÃO DE ATENDIMENTO;EE LUCIA MARTINS COELHO;50006010;MS;Campo Grande;Urbana;A escola não está em área de localização diferenciada;Pública;RUA BAHIA, 355 JARDIM DOS ESTADOS. 79002-530 Campo Grande - MS.;(67) 33141237;Estadual;Não Informado;Não;Sim;Entre 201 e 500 matrículas de escolarização;Ensino Médio, Educação de Jovens Adultos;Atendimento Educacional Especializado;-204.595.468;-546.025.017;-204.595.468;-546.025.017;;;;
ESCOLA EM FUNCIONAMENTO E SEM RESTRIÇÃO DE ATENDIMENTO;EE MAESTRO FREDERICO LIEBERMANN;50006029;MS;Campo Grande;Urbana;A escola não está em área de localização diferenciada;Pública;AVENIDA MONTE CASTELO, 50 MONTE CASTELO. 79010-400 Campo Grande - MS.;(67) 33561352;Estadual;Não Informado;Não;Sim;Entre 201 e 500 matrículas de escolarização;Ensino Fundamental, Ensino Médio;Atividade Complementar;-204.349.731;-546.086.852;-204.349.731;-546.086.852;;;;
ESCOLA EM FUNCIONAMENTO E SEM RESTRIÇÃO DE ATENDIMENTO;EE MAESTRO HEITOR VILLA LOBOS;50006037;MS;Campo Grande;Urbana;A escola não está em área de localização diferenciada;Pública;RUA ANTONIO ESTEVAO FIGUEIREDO, 209 JARDIM PARATI. 79081-580 Campo Grande - MS.;(67) 33462351;Estadual;Não Informado;Não;Sim;Entre 201 e 500 matrículas de escolarização;Ensino Fundamental, Ensino Médio;Atendimento Educacional Especializado, Atividade Complementar;-20.509.167;-546.329.318;-20.509.167;-546.329.318;;;;
ESCOLA EM FUNCIONAMENTO E SEM RESTRIÇÃO DE ATENDIMENTO;EE MARIA ELIZA BOCAYUVA CORREA DA COSTA;50006045;MS;Campo Grande;Urbana;A escola não está em área de localização diferenciada;Pública;AVENIDA CIRO ARAUJO FRANCA, 412 VILA MARGARIDA. 79023-270 Campo Grande - MS.;(67) 33141261;Estadual;Não Informado;Não;Sim;Entre 201 e 500 matrículas de escolarização;Ensino Fundamental, Ensino Médio;Atividade Complementar;-204.341.193;-545.893.826;-204.341.193;-545.893.826;;;;
ESCOLA EM FUNCIONAMENTO E SEM RESTRIÇÃO DE ATENDIMENTO;CEEP PE JOAO GREINER;50006053;MS;Campo Grande;Urbana;A escola não está em área de localização diferenciada;Pública;RUA MACUNAIMA, 199 CONJUNTO RESIDENCIAL ESTRELA DO SUL. 79013-290 Campo Grande - MS.;(67) 992043462;Estadual;Não Informado;Não;Sim;Entre 201 e 500 matrículas de escolarização;Ensino Fundamental, Ensino Médio, Educação Profissional;Atendimento Educacional Especializado, Atividade Complementar;-204.183.504;-545.973.048;-204.183.504;-545.973.048;;;;
ESCOLA EM FUNCIONAMENTO E SEM RESTRIÇÃO DE ATENDIMENTO;EE PADRE MARIO BLANDINO;50006061;MS;Campo Grande;Urbana;A escola não está em área de localização diferenciada;Pública;RUA PLINIO MENDES DOS SANTOS, 91 CONJUNTO AERO RANCHO. 79084-090 Campo Grande - MS.;(67) 991307709;Estadual;Não Informado;Não;Sim;Entre 201 e 500 matrículas de escolarização;Ensino Fundamental, Ensino Médio;Atendimento Educacional Especializado;-205.207.565;-546.490.136;-205.207.565;-546.490.136;;;;
ESCOLA EM FUNCIONAMENTO E SEM RESTRIÇÃO DE ATENDIMENTO;EE PROFª IZAURA HIGA;50006070;MS;Campo Grande;Urbana;A escola não está em área de localização diferenciada;Pública;RUA INCONFIDENTE, 348 VILA CIDADE MORENA. 79064-130 Campo Grande - MS.;(67) 996005934;Estadual;Não Informado;Não;Sim;Entre 201 e 500 matrículas de escolarização;Ensino Fundamental, Ensino Médio;Atividade Complementar;-205.551.886;-54.586.789;-205.551.886;-54.586.789;;;;
ESCOLA EM FUNCIONAMENTO E SEM RESTRIÇÃO DE ATENDIMENTO;EE PROFª ALICE NUNES ZAMPIERE;50006088;MS;Campo Grande;Urbana;A escola não está em área de localização diferenciada;Pública;RUA CONSTANTINOPLA, S/N JARDIM PANAMA. 79112-180 Campo Grande - MS.;(67) 33147051;Estadual;Não Informado;Não;Sim;Entre 501 e 1000 matrículas de escolarização;Ensino Fundamental, Ensino Médio;Atendimento Educacional Especializado, Atividade Complementar;-204.392;-5.465.864;-204.392;-5.465.864;;;;
ESCOLA EM FUNCIONAMENTO E SEM RESTRIÇÃO DE ATENDIMENTO;EE PROFª CELIA MARIA NAGLIS;50006096;MS;Campo Grande;Urbana;A escola não está em área de localização diferenciada;Pública;RUA BAGUARI, 28 VILA MORENINHA III. 79065-290 Campo Grande - MS.;(67) 33149012;Estadual;Não Informado;Não;Sim;Entre 201 e 500 matrículas de escolarização;Ensino Fundamental;Atendimento Educacional Especializado, Atividade Complementar;-205.553.424;-545.723.869;-205.553.424;-545.723.869;;;;
ESCOLA EM FUNCIONAMENTO E SEM RESTRIÇÃO DE ATENDIMENTO;EE PROF EMYGDIO CAMPOS WIDAL;50006100;MS;Campo Grande;Urbana;A escola não está em área de localização diferenciada;Pública;AVENIDA BOM PASTOR, 460 VILA VILAS BOAS. 79051-220 Campo Grande - MS.;(67) 30269329;Estadual;Não Informado;Não;Sim;Entre 201 e 500 matrículas de escolarização;Ensino Médio;Atividade Complementar;-204.821.277;-545.951.571;-204.821.277;-545.951.571;;;;
ESCOLA EM FUNCIONAMENTO E SEM RESTRIÇÃO DE ATENDIMENTO;EE PROFª MARIA DE LOURDES TOLEDO AREIAS;50006118;MS;Campo Grande;Urbana;A escola não está em área de localização diferenciada;Pública;RUA ARACY PEREIRA DE MATOS, S/N CONJUNTO ROUXINOIS. 79063-280 Campo Grande - MS.;(67) 33141259;Estadual;Não Informado;Não;Sim;Mais de 1000 matrículas de escolarização;Ensino Fundamental, Ensino Médio;Atendimento Educacional Especializado, Atividade Complementar;-205.266.361;-545.833.493;-205.266.361;-545.833.493;;;;
ESCOLA EM FUNCIONAMENTO E SEM RESTRIÇÃO DE ATENDIMENTO;CEEP PROFª MARIA DE LOURDES WIDAL ROMA;50006126;MS;Campo Grande;Urbana;A escola não está em área de localização diferenciada;Pública;RUA ANACA, 780 MORENINHAIII. 79065-070 Campo Grande - MS.;(67) 993319372;Estadual;Não Informado;Não;Sim;Entre 501 e 1000 matrículas de escolarização;Ensino Médio, Educação Profissional;;-205.570.869;-545.735.038;-205.570.869;-545.735.038;;;;
ESCOLA EM FUNCIONAMENTO E SEM RESTRIÇÃO DE ATENDIMENTO;ESCOLA ESTADUAL PROF SEVERINO DE QUEIROZ;50006169;MS;Campo Grande;Urbana;A escola não está em área de localização diferenciada;Pública;RUA SAO PAULO, 1103 VILA ROSA. 79010-050 Campo Grande - MS.;(67) 33141263;Estadual;Não Informado;Não;Sim;Entre 201 e 500 matrículas de escolarização;Ensino Médio;;-204.472;-5.460.357;-204.472;-5.460.357;;;;
ESCOLA EM FUNCIONAMENTO E SEM RESTRIÇÃO DE ATENDIMENTO;ESCOLA ESTADUAL PROF SILVIO OLIVEIRA DOS SANTOS;50006177;MS;Campo Grande;Urbana;A escola não está em área de localização diferenciada;Pública;RUA PEDRO SOARES DE SOUZA, 154 CONJUNTO AERO RANCHO. 79085-030 Campo Grande - MS.;(67) 993311671;Estadual;Não Informado;Não;Sim;Mais de 1000 matrículas de escolarização;Ensino Fundamental, Ensino Médio;Atendimento Educacional Especializado, Atividade Complementar;-2.052.943;-5.465.832;-2.052.943;-5.465.832;;;;
ESCOLA EM FUNCIONAMENTO E SEM RESTRIÇÃO DE ATENDIMENTO;EE PROF ULISSES SERRA;50006185;MS;Campo Grande;Urbana;A escola não está em área de localização diferenciada;Pública;AVENIDA PRINCIPAL I, S/N NUCLEO INDUSTRIAL. 79108-550 Campo Grande - MS.;(67) 33911124;Estadual;Não Informado;Não;Sim;Entre 501 e 1000 matrículas de escolarização;Ensino Fundamental, Ensino Médio;Atendimento Educacional Especializado, Atividade Complementar;-2.047.969;-5.475.294.167;-2.047.969;-5.475.294.167;;;;
ESCOLA EM FUNCIONAMENTO E SEM RESTRIÇÃO DE ATENDIMENTO;EE PROFª BRASILINA FERRAZ MANTERO;50006207;MS;Campo Grande;Urbana;A escola não está em área de localização diferenciada;Pública;RUA TAMOIO, 260 JARDIM LEBLON. 79092-040 Campo Grande - MS.;(67) 33146057;Estadual;Não Informado;Não;Sim;Entre 201 e 500 matrículas de escolarização;Ensino Fundamental, Ensino Médio;Atividade Complementar;-204.937.154;-54.652.547;-204.937.154;-54.652.547;;;;
ESCOLA EM FUNCIONAMENTO E SEM RESTRIÇÃO DE ATENDIMENTO;EE RUI BARBOSA;50006215;MS;Campo Grande;Urbana;A escola não está em área de localização diferenciada;Pública;RUA JOAO THOMAZ, 222 SANTO ANTONIO. 79100-350 Campo Grande - MS.;(67) 33147052;Estadual;Não Informado;Não;Sim;Entre 501 e 1000 matrículas de escolarização;Ensino Fundamental, Ensino Médio;Atendimento Educacional Especializado, Atividade Complementar;-204.573;-546.549.483;-204.573;-546.549.483;;;;
ESCOLA EM FUNCIONAMENTO E SEM RESTRIÇÃO DE ATENDIMENTO;EE SEBASTIAO SANTANA DE OLIVEIRA;50006223;MS;Campo Grande;Urbana;A escola não está em área de localização diferenciada;Pública;RUA ARMANDO HOLANDA, 318 CONJUNTO JOSE ABRAO. 79114-050 Campo Grande - MS.;(67) 33147061;Estadual;Não Informado;Não;Sim;Entre 201 e 500 matrículas de escolarização;Ensino Fundamental, Ensino Médio;Atendimento Educacional Especializado, Atividade Complementar;-20.417.737;-546.623.208;-20.417.737;-546.623.208;;;;
ESCOLA EM FUNCIONAMENTO E SEM RESTRIÇÃO DE ATENDIMENTO;EE TEOTONIO VILELA;50006231;MS;Campo Grande;Urbana;A escola não está em área de localização diferenciada;Pública;AVENIDA SOUZA LIMA, 506 NUCLEO HABITACIONAL UNIVERSITARIAS II. 79071-340 Campo Grande - MS.;(67) 33145636;Estadual;Não Informado;Não;Sim;Mais de 1000 matrículas de escolarização;Ensino Fundamental, Ensino Médio;Atendimento Educacional Especializado, Atividade Complementar;-2.053.639;-5.461.918;-2.053.639;-5.461.918;;;;
ESCOLA EM FUNCIONAMENTO E SEM RESTRIÇÃO DE ATENDIMENTO;EE WALDEMIR BARROS DA SILVA;50006240;MS;Campo Grande;Urbana;A escola não está em área de localização diferenciada;Pública;RUA PALMACIA, 1095 VILA MORENINHA II. 79065-140 Campo Grande - MS.;(67) 33149014;Estadual;Não Informado;Não;Sim;Entre 201 e 500 matrículas de escolarização;Ensino Fundamental, Ensino Médio;Atividade Complementar;-205.496.841;-545.766.129;-205.496.841;-545.766.129;;;;
ESCOLA EM FUNCIONAMENTO E SEM RESTRIÇÃO DE ATENDIMENTO;EE CORACAO DE MARIA;50006274;MS;Campo Grande;Urbana;A escola não está em área de localização diferenciada;Pública;RUA DOUTOR ANIBAL DE TOLEDO, 420 VILA SANTA DOROTHEIA. 79004-060 Campo Grande - MS.;(67) 993266891;Estadual;Não Informado;Não;Sim;Entre 201 e 500 matrículas de escolarização;Ensino Fundamental, Ensino Médio;Atividade Complementar;-204.795.454;-546.113.155;-204.795.454;-546.113.155;;;;
ESCOLA EM FUNCIONAMENTO E SEM RESTRIÇÃO DE ATENDIMENTO;EE GAL MALAN;50006282;MS;Campo Grande;Urbana;A escola não está em área de localização diferenciada;Pública;RUA AMANDO DE OLIVEIRA, 595 AMAMBAI. 79008-010 Campo Grande - MS.;(67) 33141230;Estadual;Não Informado;Não;Sim;Entre 501 e 1000 matrículas de escolarização;Ensino Fundamental, Ensino Médio;Atendimento Educacional Especializado, Atividade Complementar;-2.046.668.815;-5.463.395.915;-2.046.668.815;-5.463.395.915;;;;
ESCOLA EM FUNCIONAMENTO E SEM RESTRIÇÃO DE ATENDIMENTO;EE ANTONIO DELFINO PEREIRA E C CULT ED TIA EVA;50006290;MS;Campo Grande;Urbana;Área remanescente de quilombos;Pública;RUA EVA MARIA DE JESUS, SN JARDIM SEMINARIO. 79118-732 Campo Grande - MS.;(67) 33658006;Estadual;Não Informado;Não;Sim;Entre 51 e 200 matrículas de escolarização;Ensino Fundamental;Atendimento Educacional Especializado;-2.042.536.629;-5.461.612.523;-2.042.536.629;-5.461.612.523;;;;
ESCOLA EM FUNCIONAMENTO E SEM RESTRIÇÃO DE ATENDIMENTO;EM NICOLAU FRAGELLI;50006304;MS;Campo Grande;Urbana;A escola não está em área de localização diferenciada;Pública;AVENIDA EULER DE AZEVEDO, 116 SAO FRANCISCO. 79116-610 Campo Grande - MS.;(67) 20204194;Municipal;Não Informado;Não;Sim;Entre 201 e 500 matrículas de escolarização;Educação Infantil, Ensino Fundamental;Atividade Complementar;-204.430.504;-546.206.918;-204.430.504;-546.206.918;;;;
ESCOLA EM FUNCIONAMENTO E SEM RESTRIÇÃO DE ATENDIMENTO;EE ORCIRIO THIAGO DE OLIVEIRA;50006312;MS;Campo Grande;Urbana;A escola não está em área de localização diferenciada;Pública;RUA SENADOR PONCE, S/N VILA PROGRESSO. 79050-220 Campo Grande - MS.;(67) 33145632;Estadual;Não Informado;Não;Sim;Entre 501 e 1000 matrículas de escolarização;Ensino Fundamental, Ensino Médio, Educação de Jovens Adultos;Atendimento Educacional Especializado, Atividade Complementar;-204.901.297;-546.051.287;-204.901.297;-546.051.287;;;;
ESCOLA EM FUNCIONAMENTO E SEM RESTRIÇÃO DE ATENDIMENTO;EE PROFª FAUSTA GARCIA BUENO;50006320;MS;Campo Grande;Urbana;A escola não está em área de localização diferenciada;Pública;RUA CARLOS SCARDINE, 138 COOPHASUL. 79117-160 Campo Grande - MS.;(67) 33147060;Estadual;Não Informado;Não;Sim;Mais de 1000 matrículas de escolarização;Ensino Fundamental, Ensino Médio, Educação de Jovens Adultos;Atividade Complementar;-204.233.407;-546.344.766;-204.233.407;-546.344.766;;;;
ESCOLA EM FUNCIONAMENTO E SEM RESTRIÇÃO DE ATENDIMENTO;EE SAO FRANCISCO;50006339;MS;Campo Grande;Urbana;A escola não está em área de localização diferenciada;Pública;RUA DOUTOR EULER DE AZEVEDO, 500 SAO FRANCISCO. 79118-000 Campo Grande - MS.;(67) 33214527;Estadual;Não Informado;Não;Sim;Entre 201 e 500 matrículas de escolarização;Ensino Fundamental, Ensino Médio;Atendimento Educacional Especializado, Atividade Complementar;-204.401.986;-54.622.907;-204.401.986;-54.622.907;;;;
ESCOLA EM FUNCIONAMENTO E SEM RESTRIÇÃO DE ATENDIMENTO;EE SAO JOSE;50006347;MS;Campo Grande;Urbana;A escola não está em área de localização diferenciada;Pública;RUA DOUTOR ARTHUR JORGE, 1762 VILA ROSA PIRES. 79010-210 Campo Grande - MS.;(67) 33141242;Estadual;Não Informado;Não;Sim;Entre 201 e 500 matrículas de escolarização;Ensino Fundamental, Ensino Médio;Atividade Complementar;-2.045.047.544;-5.460.795.435;-2.045.047.544;-5.460.795.435;;;;
ESCOLA EM FUNCIONAMENTO E SEM RESTRIÇÃO DE ATENDIMENTO;EE 11 DE OUTUBRO;50006355;MS;Campo Grande;Urbana;A escola não está em área de localização diferenciada;Pública;RUA PORTO BATISTA, 29 JARDIM BONANCA. 79092-153 Campo Grande - MS.;(67) 998687072;Estadual;Não Informado;Não;Sim;Entre 501 e 1000 matrículas de escolarização;Ensino Fundamental, Ensino Médio;Atendimento Educacional Especializado, Atividade Complementar;-204.934.777;-546.605.245;-204.934.777;-546.605.245;;;;
ESCOLA EM FUNCIONAMENTO E SEM RESTRIÇÃO DE ATENDIMENTO;EE 26 DE AGOSTO;50006363;MS;Campo Grande;Urbana;A escola não está em área de localização diferenciada;Pública;RUA RUI BARBOSA, 4580 CENTRO. 79002-367 Campo Grande - MS.;(67) 33147063;Estadual;Não Informado;Não;Sim;Entre 51 e 200 matrículas de escolarização;Ensino Fundamental, Ensino Médio;;-20.445.274;-54.617.251;-20.445.274;-54.617.251;;;;
ESCOLA EM FUNCIONAMENTO E SEM RESTRIÇÃO DE ATENDIMENTO;EE ADVENTOR DIVINO DE ALMEIDA;50006371;MS;Campo Grande;Urbana;A escola não está em área de localização diferenciada;Pública;AVENIDA JULIO DE CASTILHO, 841 VILA ALBA. 79100-005 Campo Grande - MS.;(67) 33147055;Estadual;Não Informado;Não;Sim;Entre 501 e 1000 matrículas de escolarização;Ensino Fundamental, Ensino Médio;Atividade Complementar;-204.586.948;-546.387.478;-204.586.948;-546.387.478;;;;
ESCOLA EM FUNCIONAMENTO E SEM RESTRIÇÃO DE ATENDIMENTO;EE AMANDO DE OLIVEIRA;50006380;MS;Campo Grande;Urbana;A escola não está em área de localização diferenciada;Pública;RUA TUPA, SN PORTAO DE ENTRADA. VILA PIRATININGA. 79081-140 Campo Grande - MS.;(67) 33464004;Estadual;Não Informado;Não;Sim;Entre 201 e 500 matrículas de escolarização;Ensino Fundamental, Ensino Médio;Atendimento Educacional Especializado, Atividade Complementar;-204.979.875;-546.291.471;-204.979.875;-546.291.471;;;;
ESCOLA EM FUNCIONAMENTO E SEM RESTRIÇÃO DE ATENDIMENTO;EE ARLINDO DE SAMPAIO JORGE;50006398;MS;Campo Grande;Urbana;A escola não está em área de localização diferenciada;Pública;RUA PARIRIS, 360 VILA MORENINHA II. 79065-080 Campo Grande - MS.;(67) 33149011;Estadual;Não Informado;Não;Sim;Entre 201 e 500 matrículas de escolarização;Ensino Fundamental, Ensino Médio, Educação de Jovens Adultos;Atendimento Educacional Especializado, Atividade Complementar;-205.565.064;-545.775.326;-205.565.064;-545.775.326;;;;
ESCOLA EM FUNCIONAMENTO E SEM RESTRIÇÃO DE ATENDIMENTO;EE JOAQUIM MURTINHO;50006410;MS;Campo Grande;Urbana;A escola não está em área de localização diferenciada;Pública;AVENIDA AFONSO PENA, 2445 CENTRO. 79002-073 Campo Grande - MS.;(67) 33846124;Estadual;Não Informado;Não;Sim;Mais de 1000 matrículas de escolarização;Ensino Fundamental, Ensino Médio;Atendimento Educacional Especializado, Atividade Complementar;-204.627.765;-546.130.972;-204.627.765;-546.130.972;;;;
ESCOLA EM FUNCIONAMENTO E SEM RESTRIÇÃO DE ATENDIMENTO;EE MANOEL BONIFACIO NUNES DA CUNHA;50006436;MS;Campo Grande;Urbana;A escola não está em área de localização diferenciada;Pública;RUA ITAOCA, 196 JARDIM TARUMA. 79097-400 Campo Grande - MS.;(67) 33733840;Estadual;Não Informado;Não;Sim;Entre 201 e 500 matrículas de escolarização;Ensino Fundamental, Ensino Médio;Atendimento Educacional Especializado;-205.427.533;-546.690.207;-205.427.533;-546.690.207;;;;
ESCOLA EM FUNCIONAMENTO E SEM RESTRIÇÃO DE ATENDIMENTO;EE MARIA CONSTANCA BARROS MACHADO;50006444;MS;Campo Grande;Urbana;A escola não está em área de localização diferenciada;Pública;RUA MARECHAL RONDON, 451 AMAMBAI. 79008-000 Campo Grande - MS.;(67) 33141239;Estadual;Não Informado;Não;Sim;Entre 201 e 500 matrículas de escolarização;Ensino Fundamental, Ensino Médio;Atendimento Educacional Especializado, Atividade Complementar;-20.461.115;-54.627.285;-20.461.115;-54.627.285;;;;
ESCOLA EM FUNCIONAMENTO E SEM RESTRIÇÃO DE ATENDIMENTO;EE OLINDA CONCEICAO TEIXEIRA BACHA;50006452;MS;Campo Grande;Urbana;A escola não está em área de localização diferenciada;Pública;RUA DAS CAMELIAS, 1446 NUCLEO HABITACIONAL BURITI. 79091-020 Campo Grande - MS.;(67) 33146062;Estadual;Não Informado;Não;Sim;Entre 501 e 1000 matrículas de escolarização;Ensino Fundamental, Ensino Médio;Atendimento Educacional Especializado, Atividade Complementar;-204.939.353;-546.691.536;-204.939.353;-546.691.536;;;;
ESCOLA EM FUNCIONAMENTO E SEM RESTRIÇÃO DE ATENDIMENTO;EE PADRE JOSE SCAMPINI;50006460;MS;Campo Grande;Urbana;A escola não está em área de localização diferenciada;Pública;RUA DO PORTO, 220 COOPHAVILA II. 79097-160 Campo Grande - MS.;(67) 93172586;Estadual;Não Informado;Não;Sim;Mais de 1000 matrículas de escolarização;Ensino Fundamental, Ensino Médio;;-20.536.126;-546.698.779;-20.536.126;-546.698.779;;;;
ESCOLA EM FUNCIONAMENTO E SEM RESTRIÇÃO DE ATENDIMENTO;EE PROFª DELMIRA RAMOS DOS SANTOS;50006479;MS;Campo Grande;Urbana;A escola não está em área de localização diferenciada;Pública;RUA DOS RECIFES, 371 COOPHAVILA II. 79097-050 Campo Grande - MS.;(67) 33734789;Estadual;Não Informado;Não;Sim;Entre 201 e 500 matrículas de escolarização;Ensino Fundamental;Atendimento Educacional Especializado, Atividade Complementar;-205.345.589;-546.732.953;-205.345.589;-546.732.953;;;;
ESCOLA EM FUNCIONAMENTO E SEM RESTRIÇÃO DE ATENDIMENTO;EE VESPASIANO MARTINS;50006495;MS;Campo Grande;Urbana;A escola não está em área de localização diferenciada;Pública;RUA TREZE DE MAIO, 1516 VILA GLORIA. CENTRO. 79004-422 Campo Grande - MS.;(67) 33262447;Estadual;Não Informado;Não;Sim;Entre 201 e 500 matrículas de escolarização;Ensino Fundamental, Ensino Médio;Atendimento Educacional Especializado, Atividade Complementar;-20.471.919;-546.140.877;-20.471.919;-546.140.877;;;;
ESCOLA EM FUNCIONAMENTO E SEM RESTRIÇÃO DE ATENDIMENTO;CEEP HERCULES MAYMONE;50006509;MS;Campo Grande;Urbana;A escola não está em área de localização diferenciada;Pública;RUA JOAQUIM MURTINHO, 2612 ITANHANGA PARK. 79003-020 Campo Grande - MS.;(67) 33141277;Estadual;Não Informado;Não;Sim;Mais de 1000 matrículas de escolarização;Ensino Fundamental, Ensino Médio, Educação Profissional;Atividade Complementar;-204.706.448;-545.894.973;-204.706.448;-545.894.973;;;;
ESCOLA EM FUNCIONAMENTO E SEM RESTRIÇÃO DE ATENDIMENTO;EM CARLOS VILHALVA CRISTALDO;50006525;MS;Campo Grande;Urbana;A escola não está em área de localização diferenciada;Pública;RUA PADUA GAZAL, 13 JARDIM AEROPORTO. 79106-200 Campo Grande - MS.;(67) 20204006;Municipal;Não Informado;Não;Sim;Mais de 1000 matrículas de escolarização;Educação Infantil, Ensino Fundamental, Educação de Jovens Adultos;Atendimento Educacional Especializado, Atividade Complementar;-20.446.569;-546.864.381;-20.446.569;-546.864.381;;;;
ESCOLA EM FUNCIONAMENTO E SEM RESTRIÇÃO DE ATENDIMENTO;EM CEL ANTONINO;50006533;MS;Campo Grande;Urbana;A escola não está em área de localização diferenciada;Pública;RUA DOUTOR MEIRELES, 1401 CORONEL ANTONINO. 79011-060 Campo Grande - MS.;(67) 20204010;Municipal;Não Informado;Não;Sim;Entre 501 e 1000 matrículas de escolarização;Educação Infantil, Ensino Fundamental;Atendimento Educacional Especializado, Atividade Complementar;-2.043.101.581;-5.459.902.682;-2.043.101.581;-5.459.902.682;;;;
ESCOLA EM FUNCIONAMENTO E SEM RESTRIÇÃO DE ATENDIMENTO;EM CEL SEBASTIAO LIMA;50006541;MS;Campo Grande;Urbana;A escola não está em área de localização diferenciada;Pública;RUA DOUTOR JAIR GARCIA, 215 VILA SERRADINHO. 79104-010 Campo Grande - MS.;(67) 20204013;Municipal;Não Informado;Não;Sim;Entre 501 e 1000 matrículas de escolarização;Educação Infantil, Ensino Fundamental;Atendimento Educacional Especializado, Atividade Complementar;-204.574.894;-546.844.649;-204.574.894;-546.844.649;;;;
ESCOLA EM FUNCIONAMENTO E SEM RESTRIÇÃO DE ATENDIMENTO;EM DR TERTULIANO MEIRELLES;50006550;MS;Campo Grande;Urbana;A escola não está em área de localização diferenciada;Pública;RUA ANICETO DA COSTA RONDON, 336 CAICARA. 79090-291 Campo Grande - MS.;(67) 20204024;Municipal;Não Informado;Não;Sim;Entre 501 e 1000 matrículas de escolarização;Educação Infantil, Ensino Fundamental;Atendimento Educacional Especializado, Atividade Complementar;-2.048.281.454;-5.464.768.144;-2.048.281.454;-5.464.768.144;;;;
ESCOLA EM FUNCIONAMENTO E SEM RESTRIÇÃO DE ATENDIMENTO;EM ETALIVIO PEREIRA MARTINS;50006568;MS;Campo Grande;Urbana;A escola não está em área de localização diferenciada;Pública;RUA SAO LEOPOLDO, 53 MONTE CASTELO. 79010-380 Campo Grande - MS.;(67) 20204030;Municipal;Não Informado;Não;Sim;Entre 501 e 1000 matrículas de escolarização;Educação Infantil, Ensino Fundamental;Atividade Complementar;-204.381.478;-5.460.754.286;-204.381.478;-5.460.754.286;;;;
ESCOLA EM FUNCIONAMENTO E SEM RESTRIÇÃO DE ATENDIMENTO;EM IMACULADA CONCEICAO;50006576;MS;Campo Grande;Urbana;A escola não está em área de localização diferenciada;Pública;TRAVESSA BORNEU, 54 JARDIM BATISTAO. 79094-510 Campo Grande - MS.;(67) 20204039;Municipal;Não Informado;Não;Sim;Mais de 1000 matrículas de escolarização;Educação Infantil, Ensino Fundamental;Atendimento Educacional Especializado, Atividade Complementar;-205.229.213;-546.605.463;-205.229.213;-546.605.463;;;;
ESCOLA EM FUNCIONAMENTO E SEM RESTRIÇÃO DE ATENDIMENTO;EM JOAO DE PAULA RIBEIRO;50006584;MS;Campo Grande;Urbana;A escola não está em área de localização diferenciada;Pública;RUA QUATORZE DE JULHO, 5140 MONTE CASTELO. 79011-470 Campo Grande - MS.;(67) 20204046;Municipal;Não Informado;Não;Sim;Entre 501 e 1000 matrículas de escolarização;Ensino Fundamental;Atividade Complementar;-204.349.168;-546.167.617;-204.349.168;-546.167.617;;;;
ESCOLA EM FUNCIONAMENTO E SEM RESTRIÇÃO DE ATENDIMENTO;EM JOAO NEPOMUCENO;50006592;MS;Campo Grande;Urbana;A escola não está em área de localização diferenciada;Pública;RUA BRIGADEIRO TOBIAS, 701 TAQUARUSSU. 79006-600 Campo Grande - MS.;(67) 20204050;Municipal;Não Informado;Não;Sim;Entre 201 e 500 matrículas de escolarização;Educação Infantil, Ensino Fundamental;Atendimento Educacional Especializado, Atividade Complementar;-2.047.996.342;-5.463.378.925;-2.047.996.342;-5.463.378.925;;;;
ESCOLA EM FUNCIONAMENTO E SEM RESTRIÇÃO DE ATENDIMENTO;EM JOSE DORILEO DE PINA;50006606;MS;Campo Grande;Urbana;A escola não está em área de localização diferenciada;Pública;RUA MANOEL GARCIA DE SOUZA, 662 JARDIM MONUMENTO. 79063-170 Campo Grande - MS.;(67) 20204052;Municipal;Não Informado;Não;Sim;Entre 501 e 1000 matrículas de escolarização;Educação Infantil, Ensino Fundamental;Atividade Complementar;-205.311.758;-546.017.976;-205.311.758;-546.017.976;;;;
ESCOLA EM FUNCIONAMENTO E SEM RESTRIÇÃO DE ATENDIMENTO;EM JOSE RODRIGUES BENFICA;50006614;MS;Campo Grande;Urbana;A escola não está em área de localização diferenciada;Pública;RUA DOS BARBOSAS, 355 AMAMBAI. 79005-430 Campo Grande - MS.;(67) 20204056;Municipal;Não Informado;Não;Sim;Entre 201 e 500 matrículas de escolarização;Educação Infantil, Ensino Fundamental;Atendimento Educacional Especializado, Atividade Complementar;-204.686.156;-546.250.024;-204.686.156;-546.250.024;;;;
ESCOLA EM FUNCIONAMENTO E SEM RESTRIÇÃO DE ATENDIMENTO;EM KAME ADANIA;50006622;MS;Campo Grande;Urbana;A escola não está em área de localização diferenciada;Pública;RUA JOAO DE FARIAS, 67 CJ.HAB.NASC.SEGREDO. NASCENTE SEGREDO. 79014-550 Campo Grande - MS.;(67) 20204058;Municipal;Não Informado;Não;Sim;Entre 201 e 500 matrículas de escolarização;Educação Infantil, Ensino Fundamental;Atividade Complementar;-204.119.711;-545.928.239;-204.119.711;-545.928.239;;;;
ESCOLA EM FUNCIONAMENTO E SEM RESTRIÇÃO DE ATENDIMENTO;EM PREF MANOEL INACIO DE SOUZA;50006630;MS;Campo Grande;Urbana;A escola não está em área de localização diferenciada;Pública;RUA AFRANIO PEIXOTO, 452 SANTO ANTONIO. 79100-500 Campo Grande - MS.;(67) 20204078;Municipal;Não Informado;Não;Sim;Entre 201 e 500 matrículas de escolarização;Educação Infantil, Ensino Fundamental;Atendimento Educacional Especializado, Atividade Complementar;-2.045.960.069;-5.464.908.198;-2.045.960.069;-5.464.908.198;;;;
ESCOLA EM FUNCIONAMENTO E SEM RESTRIÇÃO DE ATENDIMENTO;EM PROFª ADAIR DE OLIVEIRA;50006649;MS;Campo Grande;Urbana;A escola não está em área de localização diferenciada;Pública;RUA DONA CARLOTA, 94 VILA PIRATININGA. 79081-170 Campo Grande - MS.;(67) 20204121;Municipal;Não Informado;Não;Sim;Entre 501 e 1000 matrículas de escolarização;Educação Infantil, Ensino Fundamental;Atendimento Educacional Especializado, Atividade Complementar;-2.049.756.596;-5.463.337.452;-2.049.756.596;-5.463.337.452;;;;
ESCOLA EM FUNCIONAMENTO E SEM RESTRIÇÃO DE ATENDIMENTO;EM PROF ARLINDO LIMA;50006657;MS;Campo Grande;Urbana;A escola não está em área de localização diferenciada;Pública;RUA BARAO DO RIO BRANCO, 2469 CENTRO. 79002-173 Campo Grande - MS.;(67) 20204089;Municipal;Não Informado;Não;Sim;Entre 501 e 1000 matrículas de escolarização;Educação Infantil, Ensino Fundamental;Atendimento Educacional Especializado, Atividade Complementar;-204.603.481;-546.051.637;-204.603.481;-546.051.637;;;;
ESCOLA EM FUNCIONAMENTO E SEM RESTRIÇÃO DE ATENDIMENTO;EM PROFª BRIGIDA FERRAZ FOSS;50006665;MS;Campo Grande;Urbana;A escola não está em área de localização diferenciada;Pública;RUA BRIGADEIRO MACHADO, 1.271 JARDIM JACY. 79006-610 Campo Grande - MS.;(67) 20204127;Municipal;Não Informado;Não;Sim;Entre 501 e 1000 matrículas de escolarização;Educação Infantil, Ensino Fundamental;Atendimento Educacional Especializado, Atividade Complementar;-2.048.776.415;-5.463.914.881;-2.048.776.415;-5.463.914.881;;;;
ESCOLA EM FUNCIONAMENTO E SEM RESTRIÇÃO DE ATENDIMENTO;EM PROFª DANDA NUNES;50006673;MS;Campo Grande;Urbana;A escola não está em área de localização diferenciada;Pública;RUA CALIANDRA, 225 VIVENDAS DO BOSQUE. 79021-160 Campo Grande - MS.;(67) 20204130;Municipal;Não Informado;Não;Sim;Entre 501 e 1000 matrículas de escolarização;Educação Infantil, Ensino Fundamental;Atendimento Educacional Especializado, Atividade Complementar;-204.504.803;-5.458.184.863;-204.504.803;-5.458.184.863;;;;
ESCOLA EM FUNCIONAMENTO E SEM RESTRIÇÃO DE ATENDIMENTO;EM PROFª ELIZABEL MARIA GOMES SALLES;50006681;MS;Campo Grande;Urbana;A escola não está em área de localização diferenciada;Pública;RUA SAO GREGORIO, 451 VILA SANTA LUZIA. 79116-290 Campo Grande - MS.;(67) 20204132;Municipal;Não Informado;Não;Sim;Mais de 1000 matrículas de escolarização;Educação Infantil, Ensino Fundamental;Atendimento Educacional Especializado, Atividade Complementar;-2.041.245.646;-5.464.322.334;-2.041.245.646;-5.464.322.334;;;;
ESCOLA EM FUNCIONAMENTO E SEM RESTRIÇÃO DE ATENDIMENTO;EM PROF ERNESTO GARCIA DE ARAUJO;50006690;MS;Campo Grande;Urbana;A escola não está em área de localização diferenciada;Pública;RUA DOUTOR ALFREDO AURELIO DE CASTRO, 748 VILA ELIANE. 79103-330 Campo Grande - MS.;(67) 20204091;Municipal;Não Informado;Não;Sim;Entre 201 e 500 matrículas de escolarização;Educação Infantil, Ensino Fundamental;Atividade Complementar;-204.534.112;-546.829.658;-204.534.112;-546.829.658;;;;
ESCOLA EM FUNCIONAMENTO E SEM RESTRIÇÃO DE ATENDIMENTO;EM PROFª EULALIA NETO LESSA;50006703;MS;Campo Grande;Urbana;A escola não está em área de localização diferenciada;Pública;RUA TERLITA GARCIA, 1823 BAIRRO MANOEL TAVEIRA. 79115-500 Campo Grande - MS.;(67) 20204134;Municipal;Não Informado;Não;Sim;Entre 501 e 1000 matrículas de escolarização;Educação Infantil, Ensino Fundamental;Atendimento Educacional Especializado, Atividade Complementar;-204.270.864;-546.505.112;-204.270.864;-546.505.112;;;;
ESCOLA EM FUNCIONAMENTO E SEM RESTRIÇÃO DE ATENDIMENTO;EM PROFª LEIRE PIMENTEL DE CARVALHO CORREA;50006738;MS;Campo Grande;Urbana;A escola não está em área de localização diferenciada;Pública;RUA ENZO CIANTELLI, S/Nº JARDIM COLIBRI. 79071-010 Campo Grande - MS.;(67) 20204146;Municipal;Não Informado;Não;Sim;Entre 501 e 1000 matrículas de escolarização;Educação Infantil, Ensino Fundamental;Atendimento Educacional Especializado, Atividade Complementar;-2.052.547.017;-5.460.600.151;-2.052.547.017;-5.460.600.151;;;;
ESCOLA EM FUNCIONAMENTO E SEM RESTRIÇÃO DE ATENDIMENTO;EM PROFª MARIA TEREZA RODRIGUES;50006746;MS;Campo Grande;Urbana;A escola não está em área de localização diferenciada;Pública;RUA CORONEL ADAUTO BARBOSA, 350 JARDIM SANTA EMILIA. 79093-320 Campo Grande - MS.;(67) 20204153;Municipal;Não Informado;Não;Sim;Mais de 1000 matrículas de escolarização;Educação Infantil, Ensino Fundamental;Atendimento Educacional Especializado, Atividade Complementar;-2.050.211.533;-5.467.513.677;-2.050.211.533;-5.467.513.677;;;;
ESCOLA EM FUNCIONAMENTO E SEM RESTRIÇÃO DE ATENDIMENTO;EM PROFª MARINA COUTO FORTES;50006754;MS;Campo Grande;Urbana;A escola não está em área de localização diferenciada;Pública;RUA PIRITUBA, 718 GUANANDI. 79086-430 Campo Grande - MS.;(67) 20204155;Municipal;Não Informado;Não;Sim;Entre 201 e 500 matrículas de escolarização;Educação Infantil, Ensino Fundamental;Atendimento Educacional Especializado, Atividade Complementar;-205.023.722;-546.447.712;-205.023.722;-546.447.712;;;;
ESCOLA EM FUNCIONAMENTO E SEM RESTRIÇÃO DE ATENDIMENTO;EM PROFª OLIVA ENCISO;50006762;MS;Campo Grande;Urbana;A escola não está em área de localização diferenciada;Pública;RUA ALVARO SILVEIRA, 210 TIRADENTES. 79042-290 Campo Grande - MS.;(67) 20204157;Municipal;Não Informado;Não;Sim;Mais de 1000 matrículas de escolarização;Educação Infantil, Ensino Fundamental;Atividade Complementar;-204.808.249;-5.457.010.386;-204.808.249;-5.457.010.386;;;;
ESCOLA EM FUNCIONAMENTO E SEM RESTRIÇÃO DE ATENDIMENTO;EM SANTOS DUMONT;50006770;MS;Campo Grande;Urbana;A escola não está em área de localização diferenciada;Pública;RUA CRISTIANO MACHADO, 147 SANTO AMARO. 79112-060 Campo Grande - MS.;(67) 20204162;Municipal;Não Informado;Não;Sim;Entre 501 e 1000 matrículas de escolarização;Educação Infantil, Ensino Fundamental;Atendimento Educacional Especializado, Atividade Complementar;-204.465.955;-546.491.262;-204.465.955;-546.491.262;;;;
ESCOLA EM FUNCIONAMENTO E SEM RESTRIÇÃO DE ATENDIMENTO;EM FREDERICO SOARES;50006789;MS;Campo Grande;Urbana;A escola não está em área de localização diferenciada;Pública;AVENIDA RADIO MAIA, 410 VILA POPULAR. 79106-550 Campo Grande - MS.;(67) 20204033;Municipal;Não Informado;Não;Sim;Mais de 1000 matrículas de escolarização;Educação Infantil, Ensino Fundamental;Atendimento Educacional Especializado, Atividade Complementar;-204.533.366;-547.036.452;-204.533.366;-547.036.452;;;;
ESCOLA EM FUNCIONAMENTO E SEM RESTRIÇÃO DE ATENDIMENTO;EM GOV HARRY AMORIM COSTA;50006797;MS;Campo Grande;Urbana;A escola não está em área de localização diferenciada;Pública;RUA AIRTON BACHI DE ARAUJO, 293 GUANANDI. 79086-040 Campo Grande - MS.;(67) 20204036;Municipal;Não Informado;Não;Sim;Entre 501 e 1000 matrículas de escolarização;Educação Infantil, Ensino Fundamental;Atendimento Educacional Especializado, Atividade Complementar;-204.939.451;-546.444.485;-204.939.451;-546.444.485;;;;
ESCOLA EM FUNCIONAMENTO E SEM RESTRIÇÃO DE ATENDIMENTO;EM JOAO EVANGELISTA VIEIRA DE ALMEIDA;50006800;MS;Campo Grande;Urbana;A escola não está em área de localização diferenciada;Pública;RUA PONTA PORA, 861 ESCOLA. VILA PALMIRA. 79112-300 Campo Grande - MS.;(67) 20204049;Municipal;Não Informado;Não;Sim;Entre 501 e 1000 matrículas de escolarização;Educação Infantil, Ensino Fundamental;Atividade Complementar;-204.407.722;-546.524.933;-204.407.722;-546.524.933;;;;
ESCOLA EM FUNCIONAMENTO E SEM RESTRIÇÃO DE ATENDIMENTO;EM PE JOSE DE ANCHIETA;50006819;MS;Campo Grande;Urbana;A escola não está em área de localização diferenciada;Pública;RUA DOM PEDRO II, 239 VILA PLANALTO. 79009-420 Campo Grande - MS.;(67) 20204073;Municipal;Não Informado;Não;Sim;Entre 501 e 1000 matrículas de escolarização;Educação Infantil, Ensino Fundamental;Atividade Complementar;-2.045.623.667;-54.631.955;-2.045.623.667;-54.631.955;;;;
ESCOLA EM FUNCIONAMENTO E SEM RESTRIÇÃO DE ATENDIMENTO;EM PADRE HEITOR CASTOLDI;50006827;MS;Campo Grande;Urbana;A escola não está em área de localização diferenciada;Pública;RUA DOS PEIXES, 382 JARDIM NHANHA. 79081-290 Campo Grande - MS.;(67) 20204072;Municipal;Não Informado;Não;Sim;Entre 201 e 500 matrículas de escolarização;Educação Infantil, Ensino Fundamental;Atendimento Educacional Especializado, Atividade Complementar;-2.049.404.793;-5.463.313.552;-2.049.404.793;-5.463.313.552;;;;
ESCOLA EM FUNCIONAMENTO E SEM RESTRIÇÃO DE ATENDIMENTO;EM PROF ALCIDIO PIMENTEL;50006835;MS;Campo Grande;Urbana;A escola não está em área de localização diferenciada;Pública;RUA BRILHANTE, 245 VILA CARVALHO. 79005-250 Campo Grande - MS.;(67) 20204081;Municipal;Não Informado;Não;Sim;Entre 201 e 500 matrículas de escolarização;Educação Infantil, Ensino Fundamental;Atividade Complementar;-2.047.732.887;-546.227.734;-2.047.732.887;-546.227.734;;;;
ESCOLA EM FUNCIONAMENTO E SEM RESTRIÇÃO DE ATENDIMENTO;EM PROF LICURGO DE OLIVEIRA BASTOS;50006843;MS;Campo Grande;Urbana;A escola não está em área de localização diferenciada;Pública;RUA ANTONIO DE MORAIS RIBEIRO, 1056 VILA NASSER. 79117-470 Campo Grande - MS.;(67) 20204101;Municipal;Não Informado;Não;Sim;Mais de 1000 matrículas de escolarização;Educação Infantil, Ensino Fundamental;Atendimento Educacional Especializado, Atividade Complementar;-204.150.031;-546.350.691;-204.150.031;-546.350.691;;;;
ESCOLA EM FUNCIONAMENTO E SEM RESTRIÇÃO DE ATENDIMENTO;EM PROFª MARIA LUCIA PASSARELLI;50006851;MS;Campo Grande;Urbana;A escola não está em área de localização diferenciada;Pública;RUA CHARLOTE, 2001 JARDIM AERO RANCHO. 79083-610 Campo Grande - MS.;(67) 20204151;Municipal;Não Informado;Não;Sim;Mais de 1000 matrículas de escolarização;Educação Infantil, Ensino Fundamental;Atendimento Educacional Especializado, Atividade Complementar;-205.342.106;-546.531.208;-205.342.106;-546.531.208;;;;
ESCOLA EM FUNCIONAMENTO E SEM RESTRIÇÃO DE ATENDIMENTO;EM PROF MUCIO TEIXEIRA JR;50006860;MS;Campo Grande;Urbana;A escola não está em área de localização diferenciada;Pública;RUA DO CRUZEIRO, 479 VILA CARLOTA. 79051-380 Campo Grande - MS.;(67) 20204107;Municipal;Não Informado;Não;Sim;Entre 501 e 1000 matrículas de escolarização;Educação Infantil, Ensino Fundamental;Atendimento Educacional Especializado, Atividade Complementar;-2.048.993.836;-545.991.001;-2.048.993.836;-545.991.001;;;;
ESCOLA EM FUNCIONAMENTO E SEM RESTRIÇÃO DE ATENDIMENTO;EM PROF NAGIB RASLAN;50006878;MS;Campo Grande;Urbana;A escola não está em área de localização diferenciada;Pública;AVENIDA MURILO ROLIM JUNIOR, 437 JARDIM PETROPOLIS. 79102-100 Campo Grande - MS.;(67) 20204109;Municipal;Não Informado;Não;Sim;Entre 501 e 1000 matrículas de escolarização;Educação Infantil, Ensino Fundamental;Atendimento Educacional Especializado, Atividade Complementar;-204.522.461;-546.678.296;-204.522.461;-546.678.296;;;;
ESCOLA EM FUNCIONAMENTO E SEM RESTRIÇÃO DE ATENDIMENTO;EM ABEL FREIRE DE ARAGAO;50006916;MS;Campo Grande;Urbana;A escola não está em área de localização diferenciada;Pública;RUA ANA LUIZA DE SOUZA, 1201 SANTA BRANCA. 79070-140 Campo Grande - MS.;(67) 20204001;Municipal;Não Informado;Não;Sim;Entre 501 e 1000 matrículas de escolarização;Educação Infantil, Ensino Fundamental;Atendimento Educacional Especializado, Atividade Complementar;-2.051.828.947;-5.461.463.856;-2.051.828.947;-5.461.463.856;;;;
ESCOLA EM FUNCIONAMENTO E SEM RESTRIÇÃO DE ATENDIMENTO;EM DARTHESY NOVAES CAMINHA;50006959;MS;Campo Grande;Rural;A escola não está em área de localização diferenciada;Pública;RUA MASCOTE, 1152 CHACARA DAS MANSOES. 79079-130 Campo Grande - MS.;(67) 20204171;Municipal;Não Informado;Não;Sim;Entre 201 e 500 matrículas de escolarização;Educação Infantil, Ensino Fundamental;Atividade Complementar;-2.069.157.384;-5.458.386.163;-2.069.157.384;-5.458.386.163;;;;
ESCOLA EM FUNCIONAMENTO E SEM RESTRIÇÃO DE ATENDIMENTO;EM DR EDUARDO OLIMPIO MACHADO;50006975;MS;Campo Grande;Urbana;A escola não está em área de localização diferenciada;Pública;RUA LUCIA MARTINS COELHO, 793 OURO VERDE. 79097-170 Campo Grande - MS.;(67) 20204020;Municipal;Não Informado;Não;Sim;Mais de 1000 matrículas de escolarização;Ensino Fundamental;Atendimento Educacional Especializado, Atividade Complementar;-205.316.609;-546.690.421;-205.316.609;-546.690.421;;;;
ESCOLA EM FUNCIONAMENTO E SEM RESTRIÇÃO DE ATENDIMENTO;EM GERALDO CASTELO;50007033;MS;Campo Grande;Urbana;A escola não está em área de localização diferenciada;Pública;RUA PADRE JOAO CRIPPA, 218 JARDIM MONTE LIBANO. 79004-540 Campo Grande - MS.;(67) 20204034;Municipal;Não Informado;Não;Sim;Entre 201 e 500 matrículas de escolarização;Educação Infantil, Ensino Fundamental;Atendimento Educacional Especializado, Atividade Complementar;-204.715.962;-5.460.882.209;-204.715.962;-5.460.882.209;;;;
ESCOLA EM FUNCIONAMENTO E SEM RESTRIÇÃO DE ATENDIMENTO;EM IRMA EDITH COELHO NETTO;50007041;MS;Campo Grande;Urbana;A escola não está em área de localização diferenciada;Pública;RUA PARANAPEBAS, 1149 JARDIM COLUMBIA. 79018-073 Campo Grande - MS.;(67) 20204042;Municipal;Não Informado;Não;Sim;Mais de 1000 matrículas de escolarização;Educação Infantil, Ensino Fundamental;Atendimento Educacional Especializado, Atividade Complementar;-203.821.474;-54.549.973;-203.821.474;-54.549.973;;;;
ESCOLA EM FUNCIONAMENTO E SEM RESTRIÇÃO DE ATENDIMENTO;EM JOSE DO PATROCINIO;50007050;MS;Campo Grande;Rural;A escola não está em área de localização diferenciada;Pública;RODOVIA BR 163 KM 444, SN SAIDA PARA SAO PAULO. CACHOERINHA. 79125-000 Campo Grande - MS.;(67) 20204174;Municipal;Não Informado;Não;Sim;Entre 51 e 200 matrículas de escolarização;Educação Infantil, Ensino Fundamental;;-2.076.410.283;-5.452.923.834;-2.076.410.283;-5.452.923.834;;;;
ESCOLA EM FUNCIONAMENTO E SEM RESTRIÇÃO DE ATENDIMENTO;EM LEOVEGILDO DE MELO;50007076;MS;Campo Grande;Rural;A escola não está em área de localização diferenciada;Pública;BR 262, KM 309, FAZENDA SAO MIGUEL, S/N FAZENDA SAO MIGUEL. ZONA RURAL. 79108-550 Campo Grande - MS.;(67) 20204175;Municipal;Não Informado;Não;Sim;Entre 201 e 500 matrículas de escolarização;Educação Infantil, Ensino Fundamental;Atendimento Educacional Especializado, Atividade Complementar;-204.735.498;-54.392.458;-204.735.498;-54.392.458;;;;
ESCOLA EM FUNCIONAMENTO E SEM RESTRIÇÃO DE ATENDIMENTO;EM MAESTRO JOAO CORREA RIBEIRO;50007092;MS;Campo Grande;Urbana;A escola não está em área de localização diferenciada;Pública;RUA NOVA IORQUE, 227 JARDIM CAMPO NOVO. 79014-100 Campo Grande - MS.;(67) 20204061;Municipal;Não Informado;Não;Sim;Entre 501 e 1000 matrículas de escolarização;Ensino Fundamental;Atendimento Educacional Especializado, Atividade Complementar;-204.047.926;-545.927.692;-204.047.926;-545.927.692;;;;
ESCOLA EM FUNCIONAMENTO E SEM RESTRIÇÃO DE ATENDIMENTO;EM MAJOR AVIADOR Y - JUCA PIRAMA DE ALMEIDA;50007106;MS;Campo Grande;Urbana;A escola não está em área de localização diferenciada;Pública;RUA FOX, 34 VILA DA BASE AEREA. 79090-350 Campo Grande - MS.;(67) 20204063;Municipal;Não Informado;Não;Sim;Entre 501 e 1000 matrículas de escolarização;Ensino Fundamental;Atendimento Educacional Especializado, Atividade Complementar;-2.047.080.251;-5.465.365.672;-2.047.080.251;-5.465.365.672;;;;
ESCOLA EM FUNCIONAMENTO E SEM RESTRIÇÃO DE ATENDIMENTO;EM ORLANDINA OLIVEIRA LIMA;50007149;MS;Campo Grande;Rural;A escola não está em área de localização diferenciada;Pública;RODOVIA BR-080, KM 30 COLONIA DO AGUAO. ZONA RURAL. 79114-005 Campo Grande - MS.;(67) 20204178;Municipal;Não Informado;Não;Sim;Entre 51 e 200 matrículas de escolarização;Educação Infantil, Ensino Fundamental;Atividade Complementar;-2.024.192.991;-5.478.991.421;-2.024.192.991;-5.478.991.421;;;;
ESCOLA EM FUNCIONAMENTO E SEM RESTRIÇÃO DE ATENDIMENTO;EM PE JOSE VALENTIM;50007165;MS;Campo Grande;Urbana;A escola não está em área de localização diferenciada;Pública;RUA DAS VIOLETAS, 538 JARDIM JOQUEI CLUB. 79080-580 Campo Grande - MS.;(67) 20204075;Municipal;Não Informado;Não;Sim;Entre 501 e 1000 matrículas de escolarização;Educação Infantil, Ensino Fundamental;Atendimento Educacional Especializado, Atividade Complementar;-2.049.144.076;-546.247.371;-2.049.144.076;-546.247.371;;;;
ESCOLA EM FUNCIONAMENTO E SEM RESTRIÇÃO DE ATENDIMENTO;EM PROF ANTONIO LOPES LINS;50007181;MS;Campo Grande;Urbana;A escola não está em área de localização diferenciada;Pública;RUA CIBELE, 460 PORTAL CAIOBA. 79096-030 Campo Grande - MS.;(67) 20204084;Municipal;Não Informado;Não;Sim;Mais de 1000 matrículas de escolarização;Educação Infantil, Ensino Fundamental, Educação de Jovens Adultos;Atendimento Educacional Especializado, Atividade Complementar;-20.522.944;-54.679.001;-20.522.944;-54.679.001;;;;
ESCOLA EM FUNCIONAMENTO E SEM RESTRIÇÃO DE ATENDIMENTO;EM PROFª GONCALINA FAUSTINA DE OLIVEIRA;50007211;MS;Campo Grande;Urbana;A escola não está em área de localização diferenciada;Pública;RUA DELAMARE, 42 JARDIM TARUMA. 79097-240 Campo Grande - MS.;(67) 20204138;Municipal;Não Informado;Não;Sim;Mais de 1000 matrículas de escolarização;Educação Infantil, Ensino Fundamental;Atendimento Educacional Especializado, Atividade Complementar;-205.444.152;-546.720.936;-205.444.152;-546.720.936;;;;
ESCOLA EM FUNCIONAMENTO E SEM RESTRIÇÃO DE ATENDIMENTO;EM PROF HERCULES MAYMONE;50007220;MS;Campo Grande;Urbana;A escola não está em área de localização diferenciada;Pública;RUA CELINA BAIS MARTINS, 31 NOVA LIMA. 79017-141 Campo Grande - MS.;(67) 20204095;Municipal;Não Informado;Não;Sim;Entre 501 e 1000 matrículas de escolarização;Educação Infantil, Ensino Fundamental;Atendimento Educacional Especializado, Atividade Complementar;-2.040.848.542;-5.457.362.943;-2.040.848.542;-5.457.362.943;;;;
ESCOLA EM FUNCIONAMENTO E SEM RESTRIÇÃO DE ATENDIMENTO;EM PROFª LENITA DE SENA NACHIF;50007238;MS;Campo Grande;Urbana;A escola não está em área de localização diferenciada;Pública;RUA ENCHOVA, 305 JARDIM CENTRO OESTE. 79073-171 Campo Grande - MS.;(67) 20204148;Municipal;Não Informado;Não;Sim;Mais de 1000 matrículas de escolarização;Educação Infantil, Ensino Fundamental;Atendimento Educacional Especializado, Atividade Complementar;-2.055.256.852;-5.460.975.124;-2.055.256.852;-5.460.975.124;;;;
ESCOLA EM FUNCIONAMENTO E SEM RESTRIÇÃO DE ATENDIMENTO;EM PROF LUIZ CAVALLON;50007246;MS;Campo Grande;Urbana;A escola não está em área de localização diferenciada;Pública;RUA ANA LUIZA DE SOUZA, 2414 JD. BOTA FOGO -. 79070-140 Campo Grande - MS.;(67) 20204105;Municipal;Não Informado;Não;Sim;Mais de 1000 matrículas de escolarização;Educação Infantil, Ensino Fundamental;Atendimento Educacional Especializado, Atividade Complementar;-2.052.389.333;-5.462.506.167;-2.052.389.333;-5.462.506.167;;;;
ESCOLA EM FUNCIONAMENTO E SEM RESTRIÇÃO DE ATENDIMENTO;EM PROF NELSON DE SOUZA PINHEIRO;50007254;MS;Campo Grande;Urbana;A escola não está em área de localização diferenciada;Pública;RUA FRANCISCO SERRA, 319 VILA CORUMBA. 79009-040 Campo Grande - MS.;(67) 20204111;Municipal;Não Informado;Não;Sim;Entre 501 e 1000 matrículas de escolarização;Educação Infantil, Ensino Fundamental;Atendimento Educacional Especializado, Atividade Complementar;-204.471.111;-5.462.979.168;-204.471.111;-5.462.979.168;;;;
ESCOLA EM FUNCIONAMENTO E SEM RESTRIÇÃO DE ATENDIMENTO;EM PROF VIRGILIO ALVES DE CAMPOS;50007270;MS;Campo Grande;Urbana;A escola não está em área de localização diferenciada;Pública;RUA JAMIL BASMAGE, S/N MATA DO JACINTO. 79033-480 Campo Grande - MS.;(67) 20204117;Municipal;Não Informado;Não;Sim;Entre 501 e 1000 matrículas de escolarização;Educação Infantil, Ensino Fundamental;Atendimento Educacional Especializado, Atividade Complementar;-2.042.305.637;-5.457.641.508;-2.042.305.637;-5.457.641.508;;;;
ESCOLA EM FUNCIONAMENTO E SEM RESTRIÇÃO DE ATENDIMENTO;EM BERNARDO FRANCO BAIS;50007300;MS;Campo Grande;Urbana;A escola não está em área de localização diferenciada;Pública;AVENIDA CALOGERAS, 405 CENTRO. 79004-383 Campo Grande - MS.;(67) 20204005;Municipal;Não Informado;Não;Sim;Entre 201 e 500 matrículas de escolarização;Educação Infantil, Ensino Fundamental;Atividade Complementar;-204.788.271;-54.616.487;-204.788.271;-54.616.487;;;;
ESCOLA EM FUNCIONAMENTO E SEM RESTRIÇÃO DE ATENDIMENTO;EM DOMINGOS GONCALVES GOMES;50007319;MS;Campo Grande;Urbana;A escola não está em área de localização diferenciada;Pública;RUA BARAO DE LIMEIRA, 599 UNIVERSITARIO. 79070-150 Campo Grande - MS.;(67) 20204019;Municipal;Não Informado;Não;Sim;Entre 501 e 1000 matrículas de escolarização;Educação Infantil, Ensino Fundamental;Atendimento Educacional Especializado, Atividade Complementar;-2.051.387.083;-5.460.902.679;-2.051.387.083;-5.460.902.679;;;;
ESCOLA EM FUNCIONAMENTO E SEM RESTRIÇÃO DE ATENDIMENTO;EM PROF PLINIO MENDES DOS SANTOS;50007327;MS;Campo Grande;Urbana;A escola não está em área de localização diferenciada;Pública;RUA BARRA MANSA, 327 GUANANDI. 79086-390 Campo Grande - MS.;(67) 20204113;Municipal;Não Informado;Não;Sim;Mais de 1000 matrículas de escolarização;Educação Infantil, Ensino Fundamental, Educação de Jovens Adultos;Atendimento Educacional Especializado, Atividade Complementar;-204.991.566;-546.483.026;-204.991.566;-546.483.026;;;;
ESCOLA EM FUNCIONAMENTO E SEM RESTRIÇÃO DE ATENDIMENTO;EM PROFª IRACEMA DE SOUZA MENDONCA;50007335;MS;Campo Grande;Urbana;A escola não está em área de localização diferenciada;Pública;RUA BELMIRA PEREIRA DE SOUZA, 490 UNIVERSITARIO. 79071-031 Campo Grande - MS.;(67) 20204142;Municipal;Não Informado;Não;Sim;Mais de 1000 matrículas de escolarização;Educação Infantil, Ensino Fundamental, Educação de Jovens Adultos;Atendimento Educacional Especializado, Atividade Complementar;-2.052.258.947;-5.460.393.124;-2.052.258.947;-5.460.393.124;;;;
ESCOLA EM FUNCIONAMENTO E SEM RESTRIÇÃO DE ATENDIMENTO;COLEGIO RUI BARBOSA - UNIDADE MULTIPLICANDO;50007351;MS;Campo Grande;Urbana;A escola não está em área de localização diferenciada;Privada;RUA GUARATUBA, 373 PARQUE SAO DOMINGOS. 79110-220 Campo Grande - MS.;(67) 33413921;Privada;Particular;Não;Sim;Entre 201 e 500 matrículas de escolarização;Educação Infantil, Ensino Fundamental;;-204.490.449;-546.335.597;-204.490.449;-546.335.597;;;;
ESCOLA EM FUNCIONAMENTO E SEM RESTRIÇÃO DE ATENDIMENTO;ESCOLA RAIO DE SOL;50007424;MS;Campo Grande;Urbana;A escola não está em área de localização diferenciada;Privada;AVENIDA JULIO DE CASTILHO, 2466 VILA PALMIRA. 79112-000 Campo Grande - MS.;(67) 32040065;Privada;Particular;Não;Sim;Até 50 matrículas de escolarização;Educação Infantil;;-204.501.741;-546.522.439;-204.501.741;-546.522.439;;;;
ESCOLA EM FUNCIONAMENTO E SEM RESTRIÇÃO DE ATENDIMENTO;ESCOLA URSINHO PANDA;50007432;MS;Campo Grande;Urbana;A escola não está em área de localização diferenciada;Privada;RUA BARRA DO MENDES, 68 PANAMA III. 79113-020 Campo Grande - MS.;(67) 33611600;Privada;Particular;Não;Sim;Entre 51 e 200 matrículas de escolarização;Educação Infantil, Ensino Fundamental;;-2.044.397;-5.466.506;-2.044.397;-5.466.506;;;;
ESCOLA EM FUNCIONAMENTO E SEM RESTRIÇÃO DE ATENDIMENTO;COLEGIO ABC DE EIEF;50007467;MS;Campo Grande;Urbana;A escola não está em área de localização diferenciada;Privada;AVENIDA SALGADO FILHO, 3590 VILA PROGRESSO. 79050-350 Campo Grande - MS.;(67) 33422058;Privada;Particular;Não;Sim;Entre 201 e 500 matrículas de escolarização;Ensino Fundamental;;-2.048.721;-546.086;-2.048.721;-546.086;;;;
ESCOLA EM FUNCIONAMENTO E SEM RESTRIÇÃO DE ATENDIMENTO;COLEGIO ALBERTO BETTENCOURT;50007475;MS;Campo Grande;Urbana;A escola não está em área de localização diferenciada;Privada;RUA 58, 329 VILA NOVA CAMPO GRANDE. 79104-340 Campo Grande - MS.;(67) 33631332;Privada;Particular;Não;Sim;Entre 51 e 200 matrículas de escolarização;Educação Infantil, Ensino Fundamental;;-204.590.746;-546.897.321;-204.590.746;-546.897.321;;;;
ESCOLA EM FUNCIONAMENTO E SEM RESTRIÇÃO DE ATENDIMENTO;ESCOLA IDEAL;50007483;MS;Campo Grande;Urbana;A escola não está em área de localização diferenciada;Privada;RUA CANCAO, 53 RECANTO DOS PASSAROS. 79113-250 Campo Grande - MS.;(67) 33633295;Privada;Particular;Não;Sim;Entre 201 e 500 matrículas de escolarização;Educação Infantil, Ensino Fundamental;;-2.044.376;-546.694;-2.044.376;-546.694;;;;
ESCOLA EM FUNCIONAMENTO E SEM RESTRIÇÃO DE ATENDIMENTO;ESCOLA AMARELINHA YELLOW;50007491;MS;Campo Grande;Urbana;A escola não está em área de localização diferenciada;Privada;RUA HUGO PEREIRA DO VALE, 277 MATA DO JACINTO. 79033-210 Campo Grande - MS.;(67) 33545566;Privada;Particular;Não;Sim;Entre 51 e 200 matrículas de escolarização;Educação Infantil;;-2.042.575;-5.457.123;-2.042.575;-5.457.123;;;;
ESCOLA EM FUNCIONAMENTO E SEM RESTRIÇÃO DE ATENDIMENTO;ESCOLA CRESCENDO EIEF;50007629;MS;Campo Grande;Urbana;A escola não está em área de localização diferenciada;Privada;RUA NORUEGA, 356 JARDIM JACY. 79006-650 Campo Grande - MS.;(67) 33819046;Privada;Particular;Não;Sim;Entre 51 e 200 matrículas de escolarização;Educação Infantil, Ensino Fundamental;;-2.048.916;-5.463.748;-2.048.916;-5.463.748;;;;
ESCOLA EM FUNCIONAMENTO E SEM RESTRIÇÃO DE ATENDIMENTO;ESCOLA DE EDUCACAO INFANTIL FAZ DE CONTA E ENSINO FUNDAMENTAL NOVA GERACAO;50007661;MS;Campo Grande;Urbana;A escola não está em área de localização diferenciada;Privada;RUA ALBERT SABIN, 851 VILA TAVEIRPOLIS. 79090-160 Campo Grande - MS.;(67) 33311591;Privada;Particular;Não;Sim;Entre 201 e 500 matrículas de escolarização;Educação Infantil, Ensino Fundamental;;-2.047.432;-5.464.441;-2.047.432;-5.464.441;;;;
ESCOLA EM FUNCIONAMENTO E SEM RESTRIÇÃO DE ATENDIMENTO;CENTRO DE ENSINO CAMPO-GRANDENSE - CECAMP;50007688;MS;Campo Grande;Urbana;A escola não está em área de localização diferenciada;Privada;AVENIDA FERNANDO CORREA DA COSTA, 569 VILA CIDADE. 79005-050 Campo Grande - MS.;(67) 33250707;Privada;Particular;Não;Sim;Entre 201 e 500 matrículas de escolarização;Educação Infantil, Ensino Fundamental, Ensino Médio;;-2.046.848;-546.172;-2.046.848;-546.172;;;;
ESCOLA EM FUNCIONAMENTO E SEM RESTRIÇÃO DE ATENDIMENTO;ESCOLA NAZARE EIEF;50007700;MS;Campo Grande;Urbana;A escola não está em área de localização diferenciada;Privada;RUA ANTONIO NEVES DE AZEVEDO, 50 VILA FLORIO. 79092-286 Campo Grande - MS.;(67) 33852268;Privada;Particular;Não;Sim;Entre 501 e 1000 matrículas de escolarização;Educação Infantil, Ensino Fundamental;;-2.049.944.247;-5.465.890.967;-2.049.944.247;-5.465.890.967;;;;
ESCOLA EM FUNCIONAMENTO E SEM RESTRIÇÃO DE ATENDIMENTO;COLEGIO ALMIRANTE TAMANDARE;50007718;MS;Campo Grande;Urbana;A escola não está em área de localização diferenciada;Privada;RUA GENERAL NEPOMUCENO COSTA, 493 VILA ALBA. 79100-010 Campo Grande - MS.;(67) 30292879;Privada;Particular;Não;Sim;Entre 201 e 500 matrículas de escolarização;Ensino Fundamental, Ensino Médio;;-204.621.217;-54.635.054;-204.621.217;-54.635.054;;;;
ESCOLA EM FUNCIONAMENTO E SEM RESTRIÇÃO DE ATENDIMENTO;O CASULO ESTABELECIMENTO DE ENSINO;50007734;MS;Campo Grande;Urbana;A escola não está em área de localização diferenciada;Privada;RUA SENADOR PONCE, 486 JARDIM MONTE LIBANO. 79004-570 Campo Grande - MS.;(67) 33831107;Privada;Particular;Não;Sim;Entre 51 e 200 matrículas de escolarização;Educação Infantil, Ensino Fundamental;;-2.047.792.541;-546.091.241;-2.047.792.541;-546.091.241;;;;
ESCOLA EM FUNCIONAMENTO E SEM RESTRIÇÃO DE ATENDIMENTO;METROPOLITANO INST DE EDUC E CULTURA;50007742;MS;Campo Grande;Urbana;A escola não está em área de localização diferenciada;Privada;RUA RUI BARBOSA, 3506 CENTRO. 79002-364 Campo Grande - MS.;(67) 33246815;Privada;Particular;Não;Sim;Entre 51 e 200 matrículas de escolarização;Educação Infantil, Ensino Fundamental;;-2.045.536;-546.154;-2.045.536;-546.154;;;;
ESCOLA EM FUNCIONAMENTO E SEM RESTRIÇÃO DE ATENDIMENTO;ESCOLA ATUAL EIEF;50007750;MS;Campo Grande;Urbana;A escola não está em área de localização diferenciada;Privada;RUA DAS EMBAUVAS, 73 JARDIM SAMAMBAIA. 79044-570 Campo Grande - MS.;(67) 33055263;Privada;Particular;Não;Sim;Entre 201 e 500 matrículas de escolarização;Educação Infantil, Ensino Fundamental;;-2.047.257.481;-5.454.819.096;-2.047.257.481;-5.454.819.096;;;;
ESCOLA EM FUNCIONAMENTO E SEM RESTRIÇÃO DE ATENDIMENTO;ESCOLA TURMA DA MONICA;50007823;MS;Campo Grande;Urbana;A escola não está em área de localização diferenciada;Privada;RUA ZACARIAS DE PAULA NANTES, 227 PARQUE RESIDENCIAL UNIAO. 79091-736 Campo Grande - MS.;(67) 33869623;Privada;Particular;Não;Sim;Entre 51 e 200 matrículas de escolarização;Educação Infantil, Ensino Fundamental;;-204.772.812;-546.652.296;-204.772.812;-546.652.296;;;;
ESCOLA EM FUNCIONAMENTO E SEM RESTRIÇÃO DE ATENDIMENTO;ESCOLA VISCONDE DE CAIRU;50007831;MS;Campo Grande;Urbana;A escola não está em área de localização diferenciada;Privada;RUA ANTONIO MARIA COELHO, 1108 CENTRO. 79002-220 Campo Grande - MS.;(67) 33243627;Privada;Particular;Não;Sim;Entre 201 e 500 matrículas de escolarização;Educação Infantil, Ensino Fundamental;;-2.045.778.148;-5.461.942.119;-2.045.778.148;-5.461.942.119;;;;
ESCOLA EM FUNCIONAMENTO E SEM RESTRIÇÃO DE ATENDIMENTO;COLEGIO SALESIANO DOM BOSCO;50007858;MS;Campo Grande;Urbana;A escola não está em área de localização diferenciada;Privada;AVENIDA MATO GROSSO, 227 CENTRO. 79002-230 Campo Grande - MS.;(67) 33123200;Privada;Filantrópica;Não;Sim;Entre 501 e 1000 matrículas de escolarização;Educação Infantil, Ensino Fundamental, Ensino Médio;Atividade Complementar;-204.549.682;-546.179.549;-204.549.682;-546.179.549;;;;
ESCOLA EM FUNCIONAMENTO E SEM RESTRIÇÃO DE ATENDIMENTO;CENTRO DE ENS NOSSA SENHORA AUXILIADORA;50007874;MS;Campo Grande;Urbana;A escola não está em área de localização diferenciada;Privada;RUA PEDRO CELESTINO, 1980 CENTRO. 79002-371 Campo Grande - MS.;(67) 33231700;Privada;Particular;Não;Sim;Entre 501 e 1000 matrículas de escolarização;Educação Infantil, Ensino Fundamental, Ensino Médio;Atividade Complementar;-204.558.947;-546.128.679;-204.558.947;-546.128.679;;;;
ESCOLA EM FUNCIONAMENTO E SEM RESTRIÇÃO DE ATENDIMENTO;COLEGIO OSWALDO TOGNINI;50007890;MS;Campo Grande;Urbana;A escola não está em área de localização diferenciada;Privada;RUA CORONEL CACILDO ARANTES, 322 CHACARA CACHOEIRA. 79040-452 Campo Grande - MS.;(67) 39012890;Privada;Particular;Não;Sim;Mais de 1000 matrículas de escolarização;Educação Infantil, Ensino Fundamental, Ensino Médio;;-2.046.113.194;-5.457.944.638;-2.046.113.194;-5.457.944.638;;;;
ESCOLA EM FUNCIONAMENTO E SEM RESTRIÇÃO DE ATENDIMENTO;MABE MODERNA ASSOCIACAO BRASILEIRA DE ENSINO MEDIO LTDA;50007904;MS;Campo Grande;Urbana;A escola não está em área de localização diferenciada;Privada;RUA 26 DE AGOSTO, 63 VILA BARTIRIA. 79002-081 Campo Grande - MS.;(67) 21077558;Privada;Particular;Não;Sim;Mais de 1000 matrículas de escolarização;Educação Infantil, Ensino Fundamental, Ensino Médio;;-204.672.701;-546.140.304;-204.672.701;-546.140.304;;;;
ESCOLA EM FUNCIONAMENTO E SEM RESTRIÇÃO DE ATENDIMENTO;COLEGIO PROF LOURIVAL MARTINS FAGUNDES;50007912;MS;Campo Grande;Urbana;A escola não está em área de localização diferenciada;Privada;RUA REBOLCAS, 674 PARQUE DOS NOVOS ESTADOS. 79034-260 Campo Grande - MS.;(67) 39012862;Privada;Filantrópica;Não;Sim;Mais de 1000 matrículas de escolarização;Educação Infantil, Ensino Fundamental, Ensino Médio;Atividade Complementar;-2.041.489;-5.456.637;-2.041.489;-5.456.637;;;;
ESCOLA EM FUNCIONAMENTO E SEM RESTRIÇÃO DE ATENDIMENTO;COLEGIO RAUL SANS DE MATOS;50007920;MS;Campo Grande;Urbana;A escola não está em área de localização diferenciada;Privada;RUA TREZE DE MAIO, 783 SANTA DOROTHEA. 79004-423 Campo Grande - MS.;(67) 30255575;Privada;Particular;Não;Sim;Entre 501 e 1000 matrículas de escolarização;Educação Infantil, Ensino Fundamental, Ensino Médio;Atividade Complementar;-2.047.839.382;-5.461.322.925;-2.047.839.382;-5.461.322.925;;;;
ESCOLA EM FUNCIONAMENTO E SEM RESTRIÇÃO DE ATENDIMENTO;COLEGIO SANTEL;50007971;MS;Campo Grande;Urbana;A escola não está em área de localização diferenciada;Privada;AVENIDA SCHNOOR, 149 TIRADENTES. 79041-360 Campo Grande - MS.;(67) 33414653;Privada;Particular;Não;Sim;Entre 51 e 200 matrículas de escolarização;Ensino Fundamental;;-2.047.159;-5.458.279;-2.047.159;-5.458.279;;;;
ESCOLA ATENDE EXCLUSIVAMENTE ALUNOS COM DEFICIÊNCIA;ESCOLA ESPECIAL RAIO DE SOL;50008064;MS;Campo Grande;Urbana;A escola não está em área de localização diferenciada;Privada;RUA PERNAMBUCO, 1253 VILA ROSA. 79010-040 Campo Grande - MS.;(67) 33167600;Privada;Filantrópica;Sim;Sim;Entre 51 e 200 matrículas de escolarização;Ensino Fundamental, Educação de Jovens Adultos;Atividade Complementar;-204.486.837;-546.062.654;-204.486.837;-546.062.654;;;;
ESCOLA ATENDE EXCLUSIVAMENTE ALUNOS COM DEFICIÊNCIA;ESCOLA ESPECIAL COLIBRI;50008080;MS;Campo Grande;Urbana;A escola não está em área de localização diferenciada;Privada;RUA GOMES FREIRE, 180 VILA SANTO AMARO. 79112-050 Campo Grande - MS.;(67) 33615235;Privada;Filantrópica;Sim;Sim;Entre 51 e 200 matrículas de escolarização;Educação Infantil, Ensino Fundamental, Educação de Jovens Adultos;Atividade Complementar;-204.472.334;-546.492.718;-204.472.334;-546.492.718;;;;
ESCOLA EM FUNCIONAMENTO E SEM RESTRIÇÃO DE ATENDIMENTO;EE PROFª MARIA RITA DE CASSIA PONTES TEIXEIRA;50008463;MS;Campo Grande;Urbana;A escola não está em área de localização diferenciada;Pública;RUA OSVALDINO MENDES ROCHA, 560 PARQUE RESIDENCIAL UNIAO. 79091-540 Campo Grande - MS.;(67) 33264969;Estadual;Não Informado;Não;Sim;Entre 201 e 500 matrículas de escolarização;Ensino Fundamental, Ensino Médio;Atendimento Educacional Especializado, Atividade Complementar;-204.799.029;-546.663.421;-204.799.029;-546.663.421;;;;
ESCOLA EM FUNCIONAMENTO E SEM RESTRIÇÃO DE ATENDIMENTO;EE PROFª ZELIA QUEVEDO CHAVES;50008501;MS;Campo Grande;Urbana;A escola não está em área de localização diferenciada;Pública;RUA GAUDILEY BRUN, 250 PARQUE RESIDENCIAL IRACY COELHO NETTO. 79074-500 Campo Grande - MS.;(67) 981354850;Estadual;Não Informado;Não;Sim;Mais de 1000 matrículas de escolarização;Ensino Fundamental, Ensino Médio;Atendimento Educacional Especializado, Atividade Complementar;-205.336.419;-546.451.285;-205.336.419;-546.451.285;;;;
ESCOLA EM FUNCIONAMENTO E SEM RESTRIÇÃO DE ATENDIMENTO;EM PROF ALDO DE QUEIROZ;50008714;MS;Campo Grande;Urbana;A escola não está em área de localização diferenciada;Pública;RUA TABOAO DA SERRA, 436 CIDADE MORENA. 79064-070 Campo Grande - MS.;(67) 20204082;Municipal;Não Informado;Não;Sim;Mais de 1000 matrículas de escolarização;Educação Infantil, Ensino Fundamental;Atendimento Educacional Especializado, Atividade Complementar;-2.055.085.912;-5.458.679.773;-2.055.085.912;-5.458.679.773;;;;
ESCOLA EM FUNCIONAMENTO E SEM RESTRIÇÃO DE ATENDIMENTO;EM PROF JOAO CANDIDO DE SOUZA;50008803;MS;Campo Grande;Urbana;A escola não está em área de localização diferenciada;Pública;AVENIDA ABRAO ANACHE, 1273 JARDIM ANACHE. 79017-160 Campo Grande - MS.;(67) 20204097;Municipal;Não Informado;Não;Sim;Entre 501 e 1000 matrículas de escolarização;Educação Infantil, Ensino Fundamental;Atividade Complementar;-2.037.266.522;-5.456.836.676;-2.037.266.522;-5.456.836.676;;;;
ESCOLA EM FUNCIONAMENTO E SEM RESTRIÇÃO DE ATENDIMENTO;EM ANTONIO JOSE PANIAGO;50008862;MS;Campo Grande;Urbana;A escola não está em área de localização diferenciada;Pública;RUA ROMULO CAPPI, 262 JARDIM ITAMARACA. 79062-380 Campo Grande - MS.;(67) 20204002;Municipal;Não Informado;Não;Sim;Mais de 1000 matrículas de escolarização;Educação Infantil, Ensino Fundamental;Atendimento Educacional Especializado, Atividade Complementar;-2.051.180.266;-5.457.001.613;-2.051.180.266;-5.457.001.613;;;;
ESCOLA EM FUNCIONAMENTO E SEM RESTRIÇÃO DE ATENDIMENTO;COLEGIO MARIA MONTESSORI;50009060;MS;Campo Grande;Urbana;A escola não está em área de localização diferenciada;Privada;RUA ABRAO JULIO RAHE, 1110 CENTRO. 79020-190 Campo Grande - MS.;(67) 33827576;Privada;Particular;Não;Sim;Entre 501 e 1000 matrículas de escolarização;Educação Infantil, Ensino Fundamental, Ensino Médio;;-2.045.239.672;-5.460.319.878;-2.045.239.672;-5.460.319.878;;;;
ESCOLA EM FUNCIONAMENTO E SEM RESTRIÇÃO DE ATENDIMENTO;INST SMG CEGOS FLORIVALDO VARGAS - ISMAC;50009079;MS;Campo Grande;Urbana;A escola não está em área de localização diferenciada;Privada;RUA VINTE E CINCO DE DEZEMBRO, 262 JARDIM DOS ESTADOS. 79002-504 Campo Grande - MS.;(67) 33250997;Privada;Filantrópica;Sim;Sim;Escola sem matrícula de escolarização;;Atendimento Educacional Especializado, Atividade Complementar;-204.609.074;-546.045.767;-204.609.074;-546.045.767;;;;
ESCOLA EM FUNCIONAMENTO E SEM RESTRIÇÃO DE ATENDIMENTO;NOTA 10 INTERNACIONAL - UNIDADE MAXIMA;50009087;MS;Campo Grande;Urbana;A escola não está em área de localização diferenciada;Privada;RUA PIRATININGA, 873 JARDIM DOS ESTADOS. 79020-240 Campo Grande - MS.;(67) 33045136;Privada;Particular;Não;Sim;Entre 501 e 1000 matrículas de escolarização;Educação Infantil, Ensino Fundamental;;-2.045.682.183;-5.459.599.536;-2.045.682.183;-5.459.599.536;;;;
ESCOLA EM FUNCIONAMENTO E SEM RESTRIÇÃO DE ATENDIMENTO;INSTITUTO DE EDUCACAO HARMONIA;50009095;MS;Campo Grande;Urbana;A escola não está em área de localização diferenciada;Privada;RUA JOSE CAETANO, 225 JARDIM BELA VISTA. 79003-051 Campo Grande - MS.;(67) 33415757;Privada;Particular;Não;Sim;Entre 501 e 1000 matrículas de escolarização;Ensino Fundamental;;-204.735.445;-545.965.376;-204.735.445;-545.965.376;;;;
ESCOLA EM FUNCIONAMENTO E SEM RESTRIÇÃO DE ATENDIMENTO;ESCOLA INOVACAO;50009133;MS;Campo Grande;Urbana;A escola não está em área de localização diferenciada;Privada;AVENIDA MONTE CASTELO, 933 MONTE CASTELO. 79011-540 Campo Grande - MS.;(67) 30421937;Privada;Particular;Não;Sim;Entre 51 e 200 matrículas de escolarização;Educação Infantil, Ensino Fundamental;;-204.380.107;-546.137.799;-204.380.107;-546.137.799;;;;
ESCOLA EM FUNCIONAMENTO E SEM RESTRIÇÃO DE ATENDIMENTO;COLEGIO STATUS - UNIDADE 1;50009141;MS;Campo Grande;Urbana;A escola não está em área de localização diferenciada;Privada;RUA PEDRO DAVID MEDEIROS, 210 JARDIM PAULISTA. 79050-280 Campo Grande - MS.;(67) 33424411;Privada;Particular;Não;Sim;Entre 201 e 500 matrículas de escolarização;Educação Infantil, Ensino Fundamental;;-204.880.012;-54.604.065;-204.880.012;-54.604.065;;;;
ESCOLA EM FUNCIONAMENTO E SEM RESTRIÇÃO DE ATENDIMENTO;ASSOCIACAO FILANTROPICA ACACIA MORENA;50009206;MS;Campo Grande;Urbana;A escola não está em área de localização diferenciada;Privada;RUA PORFIRIO DE BRITO, 125 VILA PIRATININGA. 79081-440 Campo Grande - MS.;(67) 33462716;Privada;Filantrópica;Sim;Sim;Entre 51 e 200 matrículas de escolarização;Educação Infantil;;-205.010.218;-546.355.298;-205.010.218;-546.355.298;;;;
ESCOLA EM FUNCIONAMENTO E SEM RESTRIÇÃO DE ATENDIMENTO;EM ISAURO BENTO NOGUEIRA;50009249;MS;Campo Grande;Rural;A escola não está em área de localização diferenciada;Pública;RUA MAIRIPORA, 60 RUA MAIRIPORA. DISTRITO DE ANHANDUI. 79125-000 Campo Grande - MS.;(67) 20204173;Municipal;Não Informado;Não;Sim;Entre 201 e 500 matrículas de escolarização;Educação Infantil, Ensino Fundamental;Atendimento Educacional Especializado, Atividade Complementar;-2.098.667.249;-5.450.665.265;-2.098.667.249;-5.450.665.265;;;;
ESCOLA EM FUNCIONAMENTO E SEM RESTRIÇÃO DE ATENDIMENTO;EM AGRICOLA BARAO DO RIO BRANCO;50009257;MS;Campo Grande;Rural;A escola não está em área de localização diferenciada;Pública;RUA GUIA LOPES, 340 ZONA RURAL. ROCHEDINHO. 79127-000 Campo Grande - MS.;(67) 20204170;Municipal;Não Informado;Não;Sim;Entre 201 e 500 matrículas de escolarização;Educação Infantil, Ensino Fundamental;Atividade Complementar;                              ;                              ;   .                           ;   .                           ;;;;
ESCOLA EM FUNCIONAMENTO E SEM RESTRIÇÃO DE ATENDIMENTO;EMEI MENINO JESUS DE PRAGA;50021842;MS;Campo Grande;Urbana;A escola não está em área de localização diferenciada;Pública;RUA DOS RECIFES, 686 COOPHAVILA II. 79097-050 Campo Grande - MS.;(67) 20204255;Municipal;Não Informado;Não;Sim;Entre 51 e 200 matrículas de escolarização;Educação Infantil;;-205.357.949;-546.706;-205.357.949;-546.706;;;;
ESCOLA EM FUNCIONAMENTO E SEM RESTRIÇÃO DE ATENDIMENTO;EM OITO DE DEZEMBRO;50022849;MS;Campo Grande;Rural;A escola não está em área de localização diferenciada;Pública;FAZENDA GIRASSOL, COMUNIDADE STA LUZIA. REGIAO DO ANHANDUI -. 79125-000 Campo Grande - MS.;(67) 20204177;Municipal;Não Informado;Não;Sim;Entre 51 e 200 matrículas de escolarização;Educação Infantil, Ensino Fundamental;;-2.119.906.472;-5.423.822.011;-2.119.906.472;-5.423.822.011;;;;
ESCOLA EM FUNCIONAMENTO E SEM RESTRIÇÃO DE ATENDIMENTO;INSTITUTO DE EDUC HARMONIA UNIDADE II;50022890;MS;Campo Grande;Urbana;A escola não está em área de localização diferenciada;Privada;RUA LUIZ DODERO, 126 JARDIM SAO BENTO. 79004-660 Campo Grande - MS.;(67) 30422220;Privada;Particular;Não;Sim;Entre 201 e 500 matrículas de escolarização;Educação Infantil;;-204.762.993;-545.987.729;-204.762.993;-545.987.729;;;;
ESCOLA ATENDE EXCLUSIVAMENTE ALUNOS COM DEFICIÊNCIA;ASSOCIACAO ESCOLA CLINICA SANTA TEREZINHA;50022903;MS;Campo Grande;Urbana;A escola não está em área de localização diferenciada;Privada;RUA BENEDITINOS, 364 VILA IPIRANGA. 79081-090 Campo Grande - MS.;(67) 984296777;Privada;Filantrópica;Sim;Sim;Até 50 matrículas de escolarização;Ensino Fundamental;;-204.988.161;-546.221.186;-204.988.161;-546.221.186;;;;
ESCOLA ATENDE EXCLUSIVAMENTE ALUNOS COM DEFICIÊNCIA;ESCOLA DE DESENVOLVIMENTO ESPECIAL JULIANO FERNANDES VARELA;50022920;MS;Campo Grande;Urbana;A escola não está em área de localização diferenciada;Privada;AVENIDA FABIO ZAHRAN, 6513 VILA CARVALHO. 79005-571 Campo Grande - MS.;(67) 30268828;Privada;Filantrópica;Sim;Sim;Entre 201 e 500 matrículas de escolarização;Educação Infantil, Ensino Fundamental, Educação de Jovens Adultos;Atendimento Educacional Especializado, Atividade Complementar;-2.047.582;-5.462.379;-2.047.582;-5.462.379;;;;
ESCOLA ATENDE EXCLUSIVAMENTE ALUNOS COM DEFICIÊNCIA;ASEADEM- ASSOCIACAO ESPECIAL DE ATENDIMENTO AO DEFICIENTE MENTAL;50022938;MS;Campo Grande;Urbana;A escola não está em área de localização diferenciada;Privada;RUA TENNESSE, 280 CAMPO NOVO. 79014-010 Campo Grande - MS.;(67) 33527979;Privada;Filantrópica;Sim;Sim;Entre 51 e 200 matrículas de escolarização;Educação de Jovens Adultos;;-204.104.153;-545.899.373;-204.104.153;-545.899.373;;;;
ESCOLA EM FUNCIONAMENTO E SEM RESTRIÇÃO DE ATENDIMENTO;AMA - ASSOCIACAO DE PAIS E AMIGOS DO AUTISTA;50022962;MS;Campo Grande;Urbana;A escola não está em área de localização diferenciada;Privada;AVENIDA BANDEIRANTES, 215 AMAMBAI. 79005-671 Campo Grande - MS.;(67) 33255135;Privada;Filantrópica;Sim;Sim;Escola sem matrícula de escolarização;;Atendimento Educacional Especializado, Atividade Complementar;-204.674.214;-546.271.905;-204.674.214;-546.271.905;;;;
ESCOLA EM FUNCIONAMENTO E SEM RESTRIÇÃO DE ATENDIMENTO;EE JOSE ANTONIO PEREIRA;50022997;MS;Campo Grande;Urbana;A escola não está em área de localização diferenciada;Pública;RUA ANTONIO PINTO, 257 VILA TAVEIROPOLIS. 79090-170 Campo Grande - MS.;(67) 33141248;Estadual;Não Informado;Não;Sim;Entre 501 e 1000 matrículas de escolarização;Ensino Fundamental, Ensino Médio;;-204.751.888;-546.451.906;-204.751.888;-546.451.906;;;;
ESCOLA EM FUNCIONAMENTO E SEM RESTRIÇÃO DE ATENDIMENTO;EE PROFª NEYDER SUELLY COSTA VIEIRA;50023004;MS;Campo Grande;Urbana;A escola não está em área de localização diferenciada;Pública;RUA MARCO AURELIO BEIER, 100 CONJUNTO AERO RANCHO. 79085-042 Campo Grande - MS.;(67) 33146097;Estadual;Não Informado;Não;Sim;Entre 201 e 500 matrículas de escolarização;Ensino Fundamental, Ensino Médio;Atividade Complementar;-205.220.248;-546.565.619;-205.220.248;-546.565.619;;;;
ESCOLA EM FUNCIONAMENTO E SEM RESTRIÇÃO DE ATENDIMENTO;EMEI NOSSA SENHORA DE FATIMA;50023039;MS;Campo Grande;Urbana;A escola não está em área de localização diferenciada;Pública;RUA JARDIM SANTO IGNACIO, 325 JARDIM BONANCA. 79092-161 Campo Grande - MS.;(67) 20204261;Municipal;Não Informado;Não;Sim;Entre 51 e 200 matrículas de escolarização;Educação Infantil;;-20.494.279;-546.613.096;-20.494.279;-546.613.096;;;;
ESCOLA EM FUNCIONAMENTO E SEM RESTRIÇÃO DE ATENDIMENTO;EMEI NOSSA SENHORA AUXILIADORA;50023047;MS;Campo Grande;Urbana;A escola não está em área de localização diferenciada;Pública;RUA INOCENCIA MOREIRA DOS SANTOS, 68 CONJUNTO AERO RANCHO. 79084-093 Campo Grande - MS.;(67) 20204260;Municipal;Não Informado;Não;Sim;Entre 201 e 500 matrículas de escolarização;Educação Infantil;;-2.051.994.363;-5.464.863.212;-2.051.994.363;-5.464.863.212;;;;
ESCOLA EM FUNCIONAMENTO E SEM RESTRIÇÃO DE ATENDIMENTO;EMEI PROFª LINA LEMES DE OLIVEIRA;50023055;MS;Campo Grande;Urbana;A escola não está em área de localização diferenciada;Pública;AVENIDA JOSE NOGUEIRA VIEIRA, 494 TIRADENTES. 79042-010 Campo Grande - MS.;(67) 20204295;Municipal;Não Informado;Não;Sim;Entre 51 e 200 matrículas de escolarização;Educação Infantil;;-2.048.016.418;-545.793.173;-2.048.016.418;-545.793.173;;;;
ESCOLA EM FUNCIONAMENTO E SEM RESTRIÇÃO DE ATENDIMENTO;EMEI SANTA EDWIRGES;50023063;MS;Campo Grande;Urbana;A escola não está em área de localização diferenciada;Pública;RUA PEDRO SOARES DE SOUZA, 72 CONJUNTO AERO RANCHO SETOR VII. 79085-030 Campo Grande - MS.;(67) 20204286;Municipal;Não Informado;Não;Sim;Entre 51 e 200 matrículas de escolarização;Educação Infantil;;-2.052.971.376;-5.465.864.019;-2.052.971.376;-5.465.864.019;;;;
ESCOLA EM FUNCIONAMENTO E SEM RESTRIÇÃO DE ATENDIMENTO;EMEI CRISTO E VIDA;50023071;MS;Campo Grande;Urbana;A escola não está em área de localização diferenciada;Pública;RUA ANTONIO SOBREIRA, 565 VILA POPULAR. 79106-790 Campo Grande - MS.;(67) 20204219;Municipal;Não Informado;Não;Sim;Entre 51 e 200 matrículas de escolarização;Educação Infantil;;-204.481.689;-547.038.044;-204.481.689;-547.038.044;;;;
ESCOLA EM FUNCIONAMENTO E SEM RESTRIÇÃO DE ATENDIMENTO;EMEI SAO JOSE;50023080;MS;Campo Grande;Urbana;A escola não está em área de localização diferenciada;Pública;RUA ANA LUIZA DE SOUZA, 1090 SANTA BRANCA. 79070-140 Campo Grande - MS.;(67) 20204290;Municipal;Não Informado;Não;Sim;Entre 51 e 200 matrículas de escolarização;Educação Infantil;;-2.051.741.563;-5.461.362.942;-2.051.741.563;-5.461.362.942;;;;
ESCOLA EM FUNCIONAMENTO E SEM RESTRIÇÃO DE ATENDIMENTO;EMEI TRIANGULO AZUL;50023098;MS;Campo Grande;Urbana;A escola não está em área de localização diferenciada;Pública;RUA FIRMINOPOLIS, 313 VILA CIDADE MORENA. 79064-050 Campo Grande - MS.;(67) 20204294;Municipal;Não Informado;Não;Sim;Entre 51 e 200 matrículas de escolarização;Educação Infantil;;-2.054.943.805;-5.458.876.674;-2.054.943.805;-5.458.876.674;;;;
ESCOLA EM FUNCIONAMENTO E SEM RESTRIÇÃO DE ATENDIMENTO;ASSOCIACAO CAMILLE FLAMMARION;50023136;MS;Campo Grande;Urbana;A escola não está em área de localização diferenciada;Privada;RUA PASTEUR, 1.450 VILA PIRATININGA. 79081-070 Campo Grande - MS.;(67) 33461202;Privada;Filantrópica;Sim;Sim;Entre 51 e 200 matrículas de escolarização;Educação Infantil;;-205.005.075;-546.234.683;-205.005.075;-546.234.683;;;;
ESCOLA EM FUNCIONAMENTO E SEM RESTRIÇÃO DE ATENDIMENTO;EM PROFª FLORA GUIMARAES ROSA PIRES;50023144;MS;Campo Grande;Urbana;A escola não está em área de localização diferenciada;Pública;RUA RAMALHO ORTIGAO, 55 VILA ALBUQUERQUE. 79060-290 Campo Grande - MS.;(67) 20204137;Municipal;Não Informado;Não;Sim;Entre 501 e 1000 matrículas de escolarização;Educação Infantil, Ensino Fundamental;Atividade Complementar;-204.993.347;-546.031.079;-204.993.347;-546.031.079;;;;
ESCOLA EM FUNCIONAMENTO E SEM RESTRIÇÃO DE ATENDIMENTO;EM PROF LUIS ANTONIO DE SA CARVALHO;50023152;MS;Campo Grande;Urbana;A escola não está em área de localização diferenciada;Pública;RUA GOIAS, 1362 CONJUNTO EUDES COSTA. VILA CELIA. 79020-101 Campo Grande - MS.;(67) 20204104;Municipal;Não Informado;Não;Sim;Entre 201 e 500 matrículas de escolarização;Ensino Fundamental;Atendimento Educacional Especializado, Atividade Complementar;-204.517.816;-545.972.382;-204.517.816;-545.972.382;;;;
ESCOLA EM FUNCIONAMENTO E SEM RESTRIÇÃO DE ATENDIMENTO;EM VALDETE ROSA DA SILVA;50023160;MS;Campo Grande;Urbana;A escola não está em área de localização diferenciada;Pública;RUA ANISIO DE BARROS, 85 JARDIM DAS MACAUBAS. 79073-044 Campo Grande - MS.;(67) 20204167;Municipal;Não Informado;Não;Sim;Entre 501 e 1000 matrículas de escolarização;Educação Infantil, Ensino Fundamental;Atendimento Educacional Especializado, Atividade Complementar;-205.531.224;-546.175.462;-205.531.224;-546.175.462;;;;
ESCOLA EM FUNCIONAMENTO E SEM RESTRIÇÃO DE ATENDIMENTO;EM PROF WILSON TAVEIRA ROSALINO;50023179;MS;Campo Grande;Urbana;A escola não está em área de localização diferenciada;Pública;RUA TOKUEI NAKAO, S/N CONJUNTO AERO RANCHO. 79084-130 Campo Grande - MS.;(67) 20204119;Municipal;Não Informado;Não;Sim;Mais de 1000 matrículas de escolarização;Educação Infantil, Ensino Fundamental;Atendimento Educacional Especializado, Atividade Complementar;-205.148.864;-546.467.041;-205.148.864;-546.467.041;;;;
ESCOLA EM FUNCIONAMENTO E SEM RESTRIÇÃO DE ATENDIMENTO;EMEI PROFª GEORGIA DE FATIMA NOGUEIRA BORGES;50023187;MS;Campo Grande;Urbana;A escola não está em área de localização diferenciada;Pública;RUA DR. DOLOR FERREIRA DE ANDRADE, 2141 CORONEL ANTONINO. 79010-260 Campo Grande - MS.;(67) 20204217;Municipal;Não Informado;Não;Sim;Entre 51 e 200 matrículas de escolarização;Educação Infantil;;-204.370.368;-545.999.506;-204.370.368;-545.999.506;;;;
ESCOLA EM FUNCIONAMENTO E SEM RESTRIÇÃO DE ATENDIMENTO;EMEI LAR DE SHEILA;50023195;MS;Campo Grande;Urbana;A escola não está em área de localização diferenciada;Pública;AVENIDA FLORESTAL, 879 COOPHATRABALHO. 79115-020 Campo Grande - MS.;(67) 20204241;Municipal;Não Informado;Não;Sim;Entre 51 e 200 matrículas de escolarização;Educação Infantil;;-2.043.267.122;-5.465.562.126;-2.043.267.122;-5.465.562.126;;;;
ESCOLA EM FUNCIONAMENTO E SEM RESTRIÇÃO DE ATENDIMENTO;EMEI DOM ANTONIO BARBOSA;50023209;MS;Campo Grande;Urbana;A escola não está em área de localização diferenciada;Pública;RUA JOAO OLIVEIRA MACHADO, 189 CONJUNTO AERO RANCHO III. 79084-520 Campo Grande - MS.;(67) 20204220;Municipal;Não Informado;Não;Sim;Entre 51 e 200 matrículas de escolarização;Educação Infantil;;-205.155.149;-546.470.818;-205.155.149;-546.470.818;;;;
ESCOLA EM FUNCIONAMENTO E SEM RESTRIÇÃO DE ATENDIMENTO;ASSOCIACAO EVANGELICA DE PROTECAO A CRIANCAS;50023217;MS;Campo Grande;Urbana;A escola não está em área de localização diferenciada;Privada;TRAVESSA LOTUS, 67 VILA BANDEIRANTE. 79006-561 Campo Grande - MS.;(67) 33865811;Privada;Filantrópica;Sim;Sim;Entre 51 e 200 matrículas de escolarização;Educação Infantil;;-2.048.600.247;-5.464.467.846;-2.048.600.247;-5.464.467.846;;;;
ESCOLA EM FUNCIONAMENTO E SEM RESTRIÇÃO DE ATENDIMENTO;EMEI SAO FRANCISCO DE ASSIS;50023225;MS;Campo Grande;Urbana;A escola não está em área de localização diferenciada;Pública;AVENIDA MANOEL DA COSTA LIMA, 3.000 VILA PIRATININGA. 79081-041 Campo Grande - MS.;(67) 20204289;Municipal;Não Informado;Não;Sim;Entre 51 e 200 matrículas de escolarização;Educação Infantil;;-2.049.551.136;-5.464.345.847;-2.049.551.136;-5.464.345.847;;;;
ESCOLA EM FUNCIONAMENTO E SEM RESTRIÇÃO DE ATENDIMENTO;CEI - JOAO PAULO II;50023233;MS;Campo Grande;Urbana;A escola não está em área de localização diferenciada;Privada;RUA JULIA PEREIRA DE SOUZA, 969 UNIVERSITARIO. 79071-200 Campo Grande - MS.;(67) 993318448;Privada;Filantrópica;Sim;Sim;Entre 51 e 200 matrículas de escolarização;Educação Infantil;;-2.052.762;-5.460.234;-2.052.762;-5.460.234;;;;
ESCOLA EM FUNCIONAMENTO E SEM RESTRIÇÃO DE ATENDIMENTO;EMEI PEDACINHO DO CEU;50023241;MS;Campo Grande;Urbana;A escola não está em área de localização diferenciada;Pública;RUA CARLOS FERREIRA VIANA BANDEIRA, 0 UNIVERSITARIO. 79063-510 Campo Grande - MS.;(67) 20204270;Municipal;Não Informado;Não;Sim;Entre 51 e 200 matrículas de escolarização;Educação Infantil;;-205.185.185;-545.983.637;-205.185.185;-545.983.637;;;;
ESCOLA EM FUNCIONAMENTO E SEM RESTRIÇÃO DE ATENDIMENTO;EMEI JOSE MORESCHI;50023268;MS;Campo Grande;Urbana;A escola não está em área de localização diferenciada;Pública;RUA CHARLOTE, 262 JARDIM AERO RANCHO. 79083-610 Campo Grande - MS.;(67) 20204236;Municipal;Não Informado;Não;Sim;Entre 51 e 200 matrículas de escolarização;Educação Infantil;;-2.051.865.417;-5.465.276.792;-2.051.865.417;-5.465.276.792;;;;
ESCOLA EM FUNCIONAMENTO E SEM RESTRIÇÃO DE ATENDIMENTO;EMEI SANTA BARBARA;50023276;MS;Campo Grande;Urbana;A escola não está em área de localização diferenciada;Pública;RUA MARCO AURELIO BEIER, 54 CONJUNTO AERO RANCHO. 79085-042 Campo Grande - MS.;(67) 20204285;Municipal;Não Informado;Não;Sim;Entre 51 e 200 matrículas de escolarização;Educação Infantil;;-2.052.207.369;-5.465.689.005;-2.052.207.369;-5.465.689.005;;;;
ESCOLA EM FUNCIONAMENTO E SEM RESTRIÇÃO DE ATENDIMENTO;EMEI SANTA TEREZINHA;50023284;MS;Campo Grande;Urbana;A escola não está em área de localização diferenciada;Pública;RUA SAO COSME E DAMIAO, S/N VILA PROGRESSO. 79050-390 Campo Grande - MS.;(67) 20204288;Municipal;Não Informado;Não;Sim;Entre 51 e 200 matrículas de escolarização;Educação Infantil;;-204.905.706;-546.048.494;-204.905.706;-546.048.494;;;;
ESCOLA EM FUNCIONAMENTO E SEM RESTRIÇÃO DE ATENDIMENTO;EM IRMA IRMA ZORZI;50023292;MS;Campo Grande;Urbana;A escola não está em área de localização diferenciada;Pública;RUA GUAIANAS, 260 VILA SILVIA REGINA. 79103-040 Campo Grande - MS.;(67) 20204045;Municipal;Não Informado;Não;Sim;Entre 201 e 500 matrículas de escolarização;Educação Infantil, Ensino Fundamental;Atendimento Educacional Especializado, Atividade Complementar;-2.044.650.229;-5.466.662.169;-2.044.650.229;-5.466.662.169;;;;
ESCOLA EM FUNCIONAMENTO E SEM RESTRIÇÃO DE ATENDIMENTO;EMEI PROFª CIRENE RODRIGUES LIMA;50023306;MS;Campo Grande;Urbana;A escola não está em área de localização diferenciada;Pública;RUA DOS NARCISOS, 20 LAR DO TRABALHADOR. 79110-550 Campo Grande - MS.;(67) 20204266;Municipal;Não Informado;Não;Sim;Entre 51 e 200 matrículas de escolarização;Educação Infantil;;-2.045.190.927;-5.464.577.573;-2.045.190.927;-5.464.577.573;;;;
ESCOLA EM FUNCIONAMENTO E SEM RESTRIÇÃO DE ATENDIMENTO;EMEI LAURA DE VICUNA;50023314;MS;Campo Grande;Urbana;A escola não está em área de localização diferenciada;Pública;RUA RIO DOURADO, 558 VILA SAO JORGE DA LAGOA. 79095-060 Campo Grande - MS.;(67) 20204242;Municipal;Não Informado;Não;Sim;Entre 51 e 200 matrículas de escolarização;Educação Infantil;;-205.271.297;-546.680.156;-205.271.297;-546.680.156;;;;
ESCOLA EM FUNCIONAMENTO E SEM RESTRIÇÃO DE ATENDIMENTO;EMEI CORDEIRINHO DE JESUS;50023322;MS;Campo Grande;Urbana;A escola não está em área de localização diferenciada;Pública;RUA ARMANDO HOLANDA, 246 CONJUNTO JOSE ABRAO. 79114-050 Campo Grande - MS.;(67) 20204218;Municipal;Não Informado;Não;Sim;Entre 51 e 200 matrículas de escolarização;Educação Infantil;;-2.041.777.833;-5.466.154.167;-2.041.777.833;-5.466.154.167;;;;
ESCOLA EM FUNCIONAMENTO E SEM RESTRIÇÃO DE ATENDIMENTO;CEI - PEQUENO PRINCIPE;50023330;MS;Campo Grande;Urbana;A escola não está em área de localização diferenciada;Privada;RUA SANTA BARBARA, 326 JARDIM VITRINE. 79022-060 Campo Grande - MS.;(67) 30295080;Privada;Filantrópica;Sim;Sim;Entre 51 e 200 matrículas de escolarização;Educação Infantil;;-204.427.196;-545.927.934;-204.427.196;-545.927.934;;;;
ESCOLA EM FUNCIONAMENTO E SEM RESTRIÇÃO DE ATENDIMENTO;EMEI BEM TE VI;50023365;MS;Campo Grande;Urbana;A escola não está em área de localização diferenciada;Pública;RUA HEITOR VIEIRA DE ALMEIDA, 245 JARDIM AEROPORTO. 79106-053 Campo Grande - MS.;(67) 20204207;Municipal;Não Informado;Não;Sim;Entre 51 e 200 matrículas de escolarização;Educação Infantil;;-2.044.162.024;-5.468.793.704;-2.044.162.024;-5.468.793.704;;;;
ESCOLA EM FUNCIONAMENTO E SEM RESTRIÇÃO DE ATENDIMENTO;CEI - FLAMINGOS;50023381;MS;Campo Grande;Urbana;A escola não está em área de localização diferenciada;Privada;AVENIDA DOS CRISANTEMOS, 274 SOBRINHO. 79110-580 Campo Grande - MS.;(67) 32116745;Privada;Comunitária;Sim;Sim;Até 50 matrículas de escolarização;Educação Infantil;;-204.516.313;-546.437.743;-204.516.313;-546.437.743;;;;
ESCOLA EM FUNCIONAMENTO E SEM RESTRIÇÃO DE ATENDIMENTO;EMEI ELEODES ESTEVAN;50023403;MS;Campo Grande;Urbana;A escola não está em área de localização diferenciada;Pública;AVENIDA AFONSO PENA, 3315 JARDIM VILA CIDADE. 79002-072 Campo Grande - MS.;(67) 20204221;Municipal;Não Informado;Não;Sim;Entre 201 e 500 matrículas de escolarização;Educação Infantil;;-204.614.317;-5.460.427;-204.614.317;-5.460.427;;;;
ESCOLA EM FUNCIONAMENTO E SEM RESTRIÇÃO DE ATENDIMENTO;EMEI ANTONIO MARIO GONCALVES;50023420;MS;Campo Grande;Urbana;A escola não está em área de localização diferenciada;Pública;RUA DOS ECONOMISTAS, 107 ARNALDO ESTEVAO FIGUEIREDO. 79043-100 Campo Grande - MS.;(67) 20204203;Municipal;Não Informado;Não;Sim;Entre 51 e 200 matrículas de escolarização;Educação Infantil;;-204.720.817;-5.456.034;-204.720.817;-5.456.034;;;;
ESCOLA EM FUNCIONAMENTO E SEM RESTRIÇÃO DE ATENDIMENTO;EMEI O BOM PASTOR;50023438;MS;Campo Grande;Urbana;A escola não está em área de localização diferenciada;Pública;RUA HAMLET, S/N CONJUNTO RESIDENCIAL ESTRELA DO SUL. 79013-370 Campo Grande - MS.;(67) 20204263;Municipal;Não Informado;Não;Sim;Entre 51 e 200 matrículas de escolarização;Educação Infantil;;-204.203.889;-545.953.417;-204.203.889;-545.953.417;;;;
ESCOLA EM FUNCIONAMENTO E SEM RESTRIÇÃO DE ATENDIMENTO;SOCIEDADE ASSISTENCIAL MEIMEI CASA DA CRIANCA MEIMEI;50023446;MS;Campo Grande;Urbana;A escola não está em área de localização diferenciada;Privada;RUA JOAQUIM TOMAS RIBEIRO, 80 JARDIM ALTO SAO FRANCISCO. 79116-180 Campo Grande - MS.;(67) 33650255;Privada;Filantrópica;Sim;Sim;Entre 201 e 500 matrículas de escolarização;Educação Infantil;;-2.041.827.704;-5.463.812.809;-2.041.827.704;-5.463.812.809;;;;
ESCOLA EM FUNCIONAMENTO E SEM RESTRIÇÃO DE ATENDIMENTO;ESPACO LIVRE;50023888;MS;Campo Grande;Urbana;A escola não está em área de localização diferenciada;Privada;RUA RIO GRANDE DO SUL, 370 JARDIM DOS ESTADOS. 79020-010 Campo Grande - MS.;(67) 33833183;Privada;Particular;Não;Sim;Entre 51 e 200 matrículas de escolarização;Educação Infantil, Ensino Fundamental;;-2.044.945;-546.024;-2.044.945;-546.024;;;;
ESCOLA EM FUNCIONAMENTO E SEM RESTRIÇÃO DE ATENDIMENTO;COLEGIO LICEU;50023900;MS;Campo Grande;Urbana;A escola não está em área de localização diferenciada;Privada;RUA RICARDO FRANCO, 77 VILA SOBRINHO. 79110-030 Campo Grande - MS.;(67) 33618974;Privada;Particular;Não;Sim;Entre 201 e 500 matrículas de escolarização;Educação Infantil, Ensino Fundamental;;-2.045.820.784;-546.371.085;-2.045.820.784;-546.371.085;;;;
ESCOLA EM FUNCIONAMENTO E SEM RESTRIÇÃO DE ATENDIMENTO;COLEGIO NOVA DIMENSAO UNIDADE I;50023918;MS;Campo Grande;Urbana;A escola não está em área de localização diferenciada;Privada;RUA ANA LUIZA DE SOUZA, 1390 PIONEIROS. 79070-140 Campo Grande - MS.;(67) 33137068;Privada;Particular;Não;Sim;Entre 51 e 200 matrículas de escolarização;Educação Infantil;;-2.051.875.667;-5.461.700.333;-2.051.875.667;-5.461.700.333;;;;
ESCOLA EM FUNCIONAMENTO E SEM RESTRIÇÃO DE ATENDIMENTO;CENTRO EDUCACIONAL ALCEU VIANA;50024353;MS;Campo Grande;Urbana;A escola não está em área de localização diferenciada;Privada;RUA JAMIL BASMAGE, 1846 PREDIO. PARQUE DOS NOVOS ESTADOS. 79034-230 Campo Grande - MS.;(67) 992221237;Privada;Particular;Não;Sim;Entre 51 e 200 matrículas de escolarização;Ensino Fundamental;;-204.135.972;-545.675.771;-204.135.972;-545.675.771;;;;
ESCOLA EM FUNCIONAMENTO E SEM RESTRIÇÃO DE ATENDIMENTO;EM AGRICOLA GOV ARNALDO ESTEVAO DE FIGUEIREDO;50024507;MS;Campo Grande;Rural;A escola não está em área de localização diferenciada;Pública;RODOVIA MS 451, KM 10, ESTRADA DAS TRES BARRAS, SN ZONA RURAL. 79065-000 Campo Grande - MS.;(67) 20204169;Municipal;Não Informado;Não;Sim;Entre 201 e 500 matrículas de escolarização;Ensino Fundamental, Ensino Médio, Educação Profissional;Atendimento Educacional Especializado;-2.062.646.333;-5.453.151.667;-2.062.646.333;-5.453.151.667;;;;
ESCOLA EM FUNCIONAMENTO E SEM RESTRIÇÃO DE ATENDIMENTO;EM RAFAELA ABRAO;50024523;MS;Campo Grande;Urbana;A escola não está em área de localização diferenciada;Pública;RUA URUBUPUNGA, 25 GUANANDI. 79086-320 Campo Grande - MS.;(67) 20204160;Municipal;Não Informado;Não;Sim;Entre 501 e 1000 matrículas de escolarização;Educação Infantil, Ensino Fundamental;Atendimento Educacional Especializado, Atividade Complementar;-205.097.261;-546.530.412;-205.097.261;-546.530.412;;;;
ESCOLA EM FUNCIONAMENTO E SEM RESTRIÇÃO DE ATENDIMENTO;EM PROF VANDERLEI ROSA DE OLIVEIRA;50024647;MS;Campo Grande;Urbana;A escola não está em área de localização diferenciada;Pública;RUA BARAO DE GRAJAU, 739 PARQUE DOS NOVOS ESTADOS. 79034-440 Campo Grande - MS.;(67) 20204115;Municipal;Não Informado;Não;Sim;Mais de 1000 matrículas de escolarização;Educação Infantil, Ensino Fundamental;Atendimento Educacional Especializado, Atividade Complementar;-204.199.814;-5.455.717.809;-204.199.814;-5.455.717.809;;;;
ESCOLA EM FUNCIONAMENTO E SEM RESTRIÇÃO DE ATENDIMENTO;EM NAZIRA ANACHE;50024795;MS;Campo Grande;Urbana;A escola não está em área de localização diferenciada;Pública;RUA HANNA ANACHE, 8 JARDIM ANACHE. 79017-230 Campo Grande - MS.;(67) 20204067;Municipal;Não Informado;Não;Sim;Mais de 1000 matrículas de escolarização;Educação Infantil, Ensino Fundamental;Atendimento Educacional Especializado, Atividade Complementar;-203.808.624;-5.456.066.115;-203.808.624;-5.456.066.115;;;;
ESCOLA EM FUNCIONAMENTO E SEM RESTRIÇÃO DE ATENDIMENTO;EM PE TOMAZ GHIRARDELLI;50024809;MS;Campo Grande;Urbana;A escola não está em área de localização diferenciada;Pública;RUA LUCIA DOS SANTOS, 506 DOM ANTONIO BARBOSA. 79075-210 Campo Grande - MS.;(67) 20204076;Municipal;Não Informado;Não;Sim;Mais de 1000 matrículas de escolarização;Ensino Fundamental, Educação de Jovens Adultos;Atendimento Educacional Especializado, Atividade Complementar;-20.551.811;-546.488.143;-20.551.811;-546.488.143;;;;
ESCOLA EM FUNCIONAMENTO E SEM RESTRIÇÃO DE ATENDIMENTO;EM PROFª ONEIDA RAMOS;50024817;MS;Campo Grande;Urbana;A escola não está em área de localização diferenciada;Pública;RUA PROFESSORA ODETE TRINDADE BENITES, 733 JARDIM CAMPINA VERDE. 79062-200 Campo Grande - MS.;(67) 20204159;Municipal;Não Informado;Não;Sim;Entre 501 e 1000 matrículas de escolarização;Educação Infantil, Ensino Fundamental;Atendimento Educacional Especializado, Atividade Complementar;-2.051.894.431;-5.457.691.823;-2.051.894.431;-5.457.691.823;;;;
ESCOLA EM FUNCIONAMENTO E SEM RESTRIÇÃO DE ATENDIMENTO;EM ELPIDIO REIS;50024825;MS;Campo Grande;Urbana;A escola não está em área de localização diferenciada;Pública;RUA TERTULIANA GHERSEL CATTANEO, 66 MATA DO JACINTO. 79033-490 Campo Grande - MS.;(67) 20204029;Municipal;Não Informado;Não;Sim;Mais de 1000 matrículas de escolarização;Educação Infantil, Ensino Fundamental;Atendimento Educacional Especializado, Atividade Complementar;-20.427.427;-545.712.805;-20.427.427;-545.712.805;;;;
ESCOLA EM FUNCIONAMENTO E SEM RESTRIÇÃO DE ATENDIMENTO;EM DES CARLOS GARCIA DE QUEIROZ;50024833;MS;Campo Grande;Urbana;A escola não está em área de localização diferenciada;Pública;RUA ITAPORANGA, S/N JARDIM ZE PEREIRA. 79107-400 Campo Grande - MS.;(67) 20204016;Municipal;Não Informado;Não;Sim;Mais de 1000 matrículas de escolarização;Educação Infantil, Ensino Fundamental;Atendimento Educacional Especializado, Atividade Complementar;-2.043.298.341;-5.467.341.263;-2.043.298.341;-5.467.341.263;;;;
ESCOLA EM FUNCIONAMENTO E SEM RESTRIÇÃO DE ATENDIMENTO;COLEGIO SUCESSO;50025139;MS;Campo Grande;Urbana;A escola não está em área de localização diferenciada;Privada;RUA ALEGRETE, 1301/1327 CORONEL ANTONINO. 79010-800 Campo Grande - MS.;(67) 30155973;Privada;Particular;Não;Sim;Entre 51 e 200 matrículas de escolarização;Educação Infantil, Ensino Fundamental;;-2.043.911;-5.460.055;-2.043.911;-5.460.055;;;;
ESCOLA EM FUNCIONAMENTO E SEM RESTRIÇÃO DE ATENDIMENTO;ESCOLA TECNICA DO SUS PROFª ENA DE ARAUJO GALVAO;50025180;MS;Campo Grande;Urbana;A escola não está em área de localização diferenciada;Pública;AVENIDA SENADOR FILINTO MULLER, 1480 VILA IPIRANGA. 79074-460 Campo Grande - MS.;(67) 33458000;Estadual;Não Informado;Não;Sim;Até 50 matrículas de escolarização;Educação Profissional;;-205.061.178;-546.206.962;-205.061.178;-546.206.962;;;;
ESCOLA EM FUNCIONAMENTO E SEM RESTRIÇÃO DE ATENDIMENTO;EM SULIVAN SILVESTRE OLIVEIRA - TUMUNE KALIVONO - CRIANCA DO FUTURO;50025708;MS;Campo Grande;Urbana;A escola não está em área de localização diferenciada;Pública;RUA TERENA, 88 LOT. INDIGENA. TIRADENTES. 79041-014 Campo Grande - MS.;(67) 20204166;Municipal;Não Informado;Não;Sim;Entre 201 e 500 matrículas de escolarização;Educação Infantil, Ensino Fundamental;Atividade Complementar;-2.046.848.486;-5.457.014.521;-2.046.848.486;-5.457.014.521;;;;
ESCOLA EM FUNCIONAMENTO E SEM RESTRIÇÃO DE ATENDIMENTO;EM PROFª IONE CATARINA GIANOTTI IGYDIO;50025716;MS;Campo Grande;Urbana;A escola não está em área de localização diferenciada;Pública;RUA DOIS IRMAOS, 591 JARDIM NOROESTE. 79045-390 Campo Grande - MS.;(67) 20204140;Municipal;Não Informado;Não;Sim;Mais de 1000 matrículas de escolarização;Educação Infantil, Ensino Fundamental, Educação de Jovens Adultos;Atendimento Educacional Especializado, Atividade Complementar;-2.046.060.925;-5.453.047.741;-2.046.060.925;-5.453.047.741;;;;
ESCOLA EM FUNCIONAMENTO E SEM RESTRIÇÃO DE ATENDIMENTO;EM PROF FAUZE SCAFF GATTASS FILHO;50025724;MS;Campo Grande;Urbana;A escola não está em área de localização diferenciada;Pública;AVENIDA 2, 21 VILA NOVA CAMPO GRANDE. 79104-660 Campo Grande - MS.;(67) 20204093;Municipal;Não Informado;Não;Sim;Mais de 1000 matrículas de escolarização;Educação Infantil, Ensino Fundamental;Atendimento Educacional Especializado, Atividade Complementar;-204.673.205;-546.955.167;-204.673.205;-546.955.167;;;;
ESCOLA EM FUNCIONAMENTO E SEM RESTRIÇÃO DE ATENDIMENTO;EMEI PROFª SELMA APARECIDA FERREIRA LEAL TOMM;50025805;MS;Campo Grande;Urbana;A escola não está em área de localização diferenciada;Pública;AVENIDA PRINCIPAL 01, 16 NUCLEO INDUSTRIAL. 79108-550 Campo Grande - MS.;(67) 20204227;Municipal;Não Informado;Não;Sim;Entre 201 e 500 matrículas de escolarização;Educação Infantil;;-2.047.900.769;-5.475.298.259;-2.047.900.769;-5.475.298.259;;;;
ESCOLA EM FUNCIONAMENTO E SEM RESTRIÇÃO DE ATENDIMENTO;EMEI IRMA JUDITH BANDERA;50025813;MS;Campo Grande;Urbana;A escola não está em área de localização diferenciada;Pública;RUA MAJOR JUAREZ LUCAS DE JESUS, 1000 SAO CONRADO. 79091-220 Campo Grande - MS.;(67) 20204229;Municipal;Não Informado;Não;Sim;Entre 51 e 200 matrículas de escolarização;Educação Infantil;;-2.048.890.869;-5.467.885.016;-2.048.890.869;-5.467.885.016;;;;
ESCOLA EM FUNCIONAMENTO E SEM RESTRIÇÃO DE ATENDIMENTO;EMEI SERRADINHO;50025821;MS;Campo Grande;Urbana;A escola não está em área de localização diferenciada;Pública;RUA ANTONIO VIEIRA DE MELLO, 41 VILA SERRADINHO. 79104-100 Campo Grande - MS.;(67) 20204291;Municipal;Não Informado;Não;Sim;Entre 51 e 200 matrículas de escolarização;Educação Infantil;;-204.611.756;-546.825.501;-204.611.756;-546.825.501;;;;
ESCOLA EM FUNCIONAMENTO E SEM RESTRIÇÃO DE ATENDIMENTO;EMEI PAULINO ROMEIRO PARE;50025830;MS;Campo Grande;Urbana;A escola não está em área de localização diferenciada;Pública;RUA TABAUNA, 48 NOVO MINAS GERAIS. 79034-341 Campo Grande - MS.;(67) 20204268;Municipal;Não Informado;Não;Sim;Entre 51 e 200 matrículas de escolarização;Educação Infantil;;-204.229.789;-545.639.089;-204.229.789;-545.639.089;;;;
ESCOLA EM FUNCIONAMENTO E SEM RESTRIÇÃO DE ATENDIMENTO;EMEI ALOINA DE OLIVEIRA SOARES;50025848;MS;Campo Grande;Urbana;A escola não está em área de localização diferenciada;Pública;RUA BARAO DE MAUA, 477 SANTO ANTONIO. 79100-630 Campo Grande - MS.;(67) 20204202;Municipal;Não Informado;Não;Sim;Entre 51 e 200 matrículas de escolarização;Educação Infantil;;-2.045.185.749;-5.465.159.842;-2.045.185.749;-5.465.159.842;;;;
ESCOLA EM FUNCIONAMENTO E SEM RESTRIÇÃO DE ATENDIMENTO;EMEI FLORIA BRITEZ DE EUGENIO;50025856;MS;Campo Grande;Urbana;A escola não está em área de localização diferenciada;Pública;RUA BARUERI, 330 VILA MORENINHA II. 79065-190 Campo Grande - MS.;(67) 20204224;Municipal;Não Informado;Não;Sim;Entre 201 e 500 matrículas de escolarização;Educação Infantil;;-2.055.694.484;-545.786.734;-2.055.694.484;-545.786.734;;;;
ESCOLA EM FUNCIONAMENTO E SEM RESTRIÇÃO DE ATENDIMENTO;EMEI MARIA DE LOURDES VIEIRA CASTOLDI;50025864;MS;Campo Grande;Urbana;A escola não está em área de localização diferenciada;Pública;RUA JOSE PALHANO, 48 JARDIM SAYONARA. 79103-370 Campo Grande - MS.;(67) 20204249;Municipal;Não Informado;Não;Sim;Entre 51 e 200 matrículas de escolarização;Educação Infantil;;-2.045.214.269;-5.468.266.299;-2.045.214.269;-5.468.266.299;;;;
ESCOLA EM FUNCIONAMENTO E SEM RESTRIÇÃO DE ATENDIMENTO;EMEI OLINDA TOSHIMI NISHIO NASSU;50025872;MS;Campo Grande;Urbana;A escola não está em área de localização diferenciada;Pública;RUA LOURENCO DA VEIGA, 482 JARDIM CAMPO BELO. 79017-111 Campo Grande - MS.;(67) 20204265;Municipal;Não Informado;Não;Sim;Entre 51 e 200 matrículas de escolarização;Educação Infantil;;-20.399.553;-545.793.119;-20.399.553;-545.793.119;;;;
ESCOLA EM FUNCIONAMENTO E SEM RESTRIÇÃO DE ATENDIMENTO;EMEI LUCIA ANGELA DE CASTRO COSTA;50025880;MS;Campo Grande;Urbana;A escola não está em área de localização diferenciada;Pública;RUA QUATORZE DE JULHO, 5140 MONTE CASTELO. 79011-470 Campo Grande - MS.;(67) 20204243;Municipal;Não Informado;Não;Sim;Entre 201 e 500 matrículas de escolarização;Educação Infantil;;-2.043.448.733;-5.461.666.379;-2.043.448.733;-5.461.666.379;;;;
ESCOLA EM FUNCIONAMENTO E SEM RESTRIÇÃO DE ATENDIMENTO;EMEI JASMIM IBRAHIM BACHA;50025899;MS;Campo Grande;Urbana;A escola não está em área de localização diferenciada;Pública;RUA JERONIMO DE ALBUQUERQUE, 2248 NOVA LIMA. 79017-121 Campo Grande - MS.;(67) 20204232;Municipal;Não Informado;Não;Sim;Entre 201 e 500 matrículas de escolarização;Educação Infantil;;-203.872.654;-545.626.754;-203.872.654;-545.626.754;;;;
ESCOLA EM FUNCIONAMENTO E SEM RESTRIÇÃO DE ATENDIMENTO;EMEI LUIZ CARLOS SOBRAL PETTENGILL;50025902;MS;Campo Grande;Urbana;A escola não está em área de localização diferenciada;Pública;RUA MANOEL DIAS PIMENTEL JUNIOR, S/N JARDIM CAMPINA VERDE. 79062-215 Campo Grande - MS.;(67) 20204244;Municipal;Não Informado;Não;Sim;Entre 201 e 500 matrículas de escolarização;Educação Infantil;;-205.182.113;-545.780.033;-205.182.113;-545.780.033;;;;
ESCOLA EM FUNCIONAMENTO E SEM RESTRIÇÃO DE ATENDIMENTO;EMEI ANTONIO RUSTIANO FERNANDES;50025910;MS;Campo Grande;Urbana;A escola não está em área de localização diferenciada;Pública;RUA DOS ANDES, 92 JARDIM NHANHA. 79080-500 Campo Grande - MS.;(67) 20204204;Municipal;Não Informado;Não;Sim;Entre 51 e 200 matrículas de escolarização;Educação Infantil;;-204.960.517;-546.386.091;-204.960.517;-546.386.091;;;;
ESCOLA EM FUNCIONAMENTO E SEM RESTRIÇÃO DE ATENDIMENTO;EMEI IVONE CALARGE ZAHRAN;50025929;MS;Campo Grande;Urbana;A escola não está em área de localização diferenciada;Pública;RUA LAUCIDIO COELHO, 23 JARDIM DAS MENINAS. 79073-780 Campo Grande - MS.;(67) 20204230;Municipal;Não Informado;Não;Sim;Entre 201 e 500 matrículas de escolarização;Educação Infantil;;-205.543.209;-546.202.256;-205.543.209;-546.202.256;;;;
ESCOLA EM FUNCIONAMENTO E SEM RESTRIÇÃO DE ATENDIMENTO;EMEI LAGEADO;50025937;MS;Campo Grande;Urbana;A escola não está em área de localização diferenciada;Pública;RUA LEOPOLDINA DE QUEIROZ MAIA, 439 PARQUE DO LAGEADO. 79075-032 Campo Grande - MS.;(67) 20204240;Municipal;Não Informado;Não;Sim;Entre 51 e 200 matrículas de escolarização;Educação Infantil;;-205.475.578;-546.449.788;-205.475.578;-546.449.788;;;;
ESCOLA EM FUNCIONAMENTO E SEM RESTRIÇÃO DE ATENDIMENTO;EMEI VERA ALBA CONGRO BASTOS;50025945;MS;Campo Grande;Urbana;A escola não está em área de localização diferenciada;Pública;TRAVESSA MAR MEDITERRANEO, 823 JARDIM UIRAPURU. 79073-270 Campo Grande - MS.;(67) 20204297;Municipal;Não Informado;Não;Sim;Entre 201 e 500 matrículas de escolarização;Educação Infantil;;-205.607.045;-546.248.492;-205.607.045;-546.248.492;;;;
ESCOLA EM FUNCIONAMENTO E SEM RESTRIÇÃO DE ATENDIMENTO;EMEI FATIMA DE JESUS DINIZ SILVEIRA;50025953;MS;Campo Grande;Urbana;A escola não está em área de localização diferenciada;Pública;RUA JANUARIO BARBOSA, 366 VILA SANTA LUZIA. 79116-481 Campo Grande - MS.;(67) 20204298;Municipal;Não Informado;Não;Sim;Entre 201 e 500 matrículas de escolarização;Educação Infantil;;-204.141.939;-546.356.988;-204.141.939;-546.356.988;;;;
ESCOLA EM FUNCIONAMENTO E SEM RESTRIÇÃO DE ATENDIMENTO;EMEI CLEOMAR BAPTISTA DOS SANTOS;50025961;MS;Campo Grande;Urbana;A escola não está em área de localização diferenciada;Pública;RUA NERISCA, 39 EMEI. PARQUE DO TRABALHADOR. 79071-550 Campo Grande - MS.;(67) 20204213;Municipal;Não Informado;Não;Sim;Entre 51 e 200 matrículas de escolarização;Educação Infantil;;-2.053.092.579;-5.460.537.033;-2.053.092.579;-5.460.537.033;;;;
ESCOLA EM FUNCIONAMENTO E SEM RESTRIÇÃO DE ATENDIMENTO;EMEI PAULO SIUFI;50025970;MS;Campo Grande;Urbana;A escola não está em área de localização diferenciada;Pública;RUA GENEBRA, 230 VILA MARGARIDA. 79023-380 Campo Grande - MS.;(67) 20204269;Municipal;Não Informado;Não;Sim;Entre 201 e 500 matrículas de escolarização;Educação Infantil;;-2.043.643.079;-5.458.450.879;-2.043.643.079;-5.458.450.879;;;;
ESCOLA EM FUNCIONAMENTO E SEM RESTRIÇÃO DE ATENDIMENTO;EMEI IPIRANGA;50025988;MS;Campo Grande;Urbana;A escola não está em área de localização diferenciada;Pública;RUA NOVE DE JULHO, 2060 VILA IPIRANGA. 79081-050 Campo Grande - MS.;(67) 20204228;Municipal;Não Informado;Não;Sim;Entre 51 e 200 matrículas de escolarização;Educação Infantil;;-2.049.745.391;-5.461.648.107;-2.049.745.391;-5.461.648.107;;;;
ESCOLA EM FUNCIONAMENTO E SEM RESTRIÇÃO DE ATENDIMENTO;EMEI MARIA EDWIGES DE ALBUQUERQUE BORGES;50025996;MS;Campo Grande;Urbana;A escola não está em área de localização diferenciada;Pública;RUA JAIME COSTA, 904 NUCLEO HABITACIONAL BURITI. 79091-110 Campo Grande - MS.;(67) 20204251;Municipal;Não Informado;Não;Sim;Entre 201 e 500 matrículas de escolarização;Educação Infantil;;-20.490.194;-546.712.713;-20.490.194;-546.712.713;;;;
ESCOLA EM FUNCIONAMENTO E SEM RESTRIÇÃO DE ATENDIMENTO;CENTRO DE EDUCACAO INFANTIL GIRASSOL;50026003;MS;Campo Grande;Urbana;A escola não está em área de localização diferenciada;Privada;RUA GUAXE, 260 JARDIM ANACHE. 79017-167 Campo Grande - MS.;(67) 33543941;Privada;Filantrópica;Sim;Sim;Entre 51 e 200 matrículas de escolarização;Educação Infantil;;-203.730.465;-545.700.762;-203.730.465;-545.700.762;;;;
ESCOLA EM FUNCIONAMENTO E SEM RESTRIÇÃO DE ATENDIMENTO;EMEI ATHENAS SA CARVALHO;50026011;MS;Campo Grande;Urbana;A escola não está em área de localização diferenciada;Pública;RUA SANTA CATARINA, 1163 JARDIM IMPERIAL. 79011-260 Campo Grande - MS.;(67) 20204205;Municipal;Não Informado;Não;Sim;Entre 51 e 200 matrículas de escolarização;Educação Infantil;;-2.042.554.667;-545.912;-2.042.554.667;-545.912;;;;
ESCOLA EM FUNCIONAMENTO E SEM RESTRIÇÃO DE ATENDIMENTO;EMEI NEIDA GORDIN FREIRE;50026020;MS;Campo Grande;Urbana;A escola não está em área de localização diferenciada;Pública;RUA MANDACARU, 140 MORENINHA III. 79065-300 Campo Grande - MS.;(67) 20204258;Municipal;Não Informado;Não;Sim;Entre 51 e 200 matrículas de escolarização;Educação Infantil;;-205.541.017;-545.709.733;-205.541.017;-545.709.733;;;;
ESCOLA EM FUNCIONAMENTO E SEM RESTRIÇÃO DE ATENDIMENTO;EMEI JOAO GARCIA DE CARVALHO FILHO;50026038;MS;Campo Grande;Urbana;A escola não está em área de localização diferenciada;Pública;RUA FLORAO, 971 JARDIM TARUMA. 79097-220 Campo Grande - MS.;(67) 20204234;Municipal;Não Informado;Não;Sim;Entre 201 e 500 matrículas de escolarização;Educação Infantil;;-2.054.115.223;-5.467.396.801;-2.054.115.223;-5.467.396.801;;;;
ESCOLA EM FUNCIONAMENTO E SEM RESTRIÇÃO DE ATENDIMENTO;EMEI PROF OSVALDO MACIEL DE OLIVEIRA;50026046;MS;Campo Grande;Urbana;A escola não está em área de localização diferenciada;Pública;RUA DRACENA, S/N VILA TAQUARUSSU. 79006-130 Campo Grande - MS.;(67) 20204274;Municipal;Não Informado;Não;Sim;Entre 51 e 200 matrículas de escolarização;Educação Infantil;;-2.048.175.049;-5.462.997.903;-2.048.175.049;-5.462.997.903;;;;
ESCOLA EM FUNCIONAMENTO E SEM RESTRIÇÃO DE ATENDIMENTO;EMEI PIRATININGA;50026054;MS;Campo Grande;Urbana;A escola não está em área de localização diferenciada;Pública;RUA COROADOS, 276 VILA PIRATININGA. 79081-000 Campo Grande - MS.;(67) 20204271;Municipal;Não Informado;Não;Sim;Entre 51 e 200 matrículas de escolarização;Educação Infantil;;-204.935.973;-546.276.229;-204.935.973;-546.276.229;;;;
ESCOLA EM FUNCIONAMENTO E SEM RESTRIÇÃO DE ATENDIMENTO;EMEI MARIA CRISTINA OCARIZ DE BARROS;50026062;MS;Campo Grande;Urbana;A escola não está em área de localização diferenciada;Pública;RUA PIASSANGUABA, 1115 JARDIM TIJUCA. 79094-160 Campo Grande - MS.;(67) 20204248;Municipal;Não Informado;Não;Sim;Entre 201 e 500 matrículas de escolarização;Educação Infantil;;-20.517.941;-54.668.834;-20.517.941;-54.668.834;;;;
ESCOLA EM FUNCIONAMENTO E SEM RESTRIÇÃO DE ATENDIMENTO;EMEI PROFª MARIOLINA PEREIRA MENDES;50026070;MS;Campo Grande;Urbana;A escola não está em área de localização diferenciada;Pública;RUA ELVIS PRESLEY, 550 JARDIM MORENAO. 79070-100 Campo Grande - MS.;(67) 20204208;Municipal;Não Informado;Não;Sim;Entre 51 e 200 matrículas de escolarização;Educação Infantil;;-2.052.652.839;-546.246.142;-2.052.652.839;-546.246.142;;;;
ESCOLA EM FUNCIONAMENTO E SEM RESTRIÇÃO DE ATENDIMENTO;EMEI MICHEL SCAFF;50026089;MS;Campo Grande;Urbana;A escola não está em área de localização diferenciada;Pública;RUA MARIE, 530 JARDIM COLUMBIA. 79018-030 Campo Grande - MS.;(67) 20204256;Municipal;Não Informado;Não;Sim;Entre 51 e 200 matrículas de escolarização;Educação Infantil;;-2.038.255.124;-5.455.050.271;-2.038.255.124;-5.455.050.271;;;;
ESCOLA EM FUNCIONAMENTO E SEM RESTRIÇÃO DE ATENDIMENTO;EMEI MARY SADALLA SAAD;50026097;MS;Campo Grande;Urbana;A escola não está em área de localização diferenciada;Pública;RUA PALMEIRAIS, 583 ESQ R BRINCO DE PRIN. ESTRELA DALVA I. 79034-500 Campo Grande - MS.;(67) 20204254;Municipal;Não Informado;Não;Sim;Entre 51 e 200 matrículas de escolarização;Educação Infantil;;-2.042.655.998;-5.455.791.545;-2.042.655.998;-5.455.791.545;;;;
ESCOLA EM FUNCIONAMENTO E SEM RESTRIÇÃO DE ATENDIMENTO;EMEI PROFª MARIA JOSEFINA BEZERRA XAVIER;50026100;MS;Campo Grande;Urbana;A escola não está em área de localização diferenciada;Pública;RUA HOTEL, 2080 VILA BASE AEREA. TAVEIROPOLIS. 79090-370 Campo Grande - MS.;(67) 20204206;Municipal;Não Informado;Não;Sim;Entre 51 e 200 matrículas de escolarização;Educação Infantil;;-2.047.157.667;-5.465.355.167;-2.047.157.667;-5.465.355.167;;;;
ESCOLA EM FUNCIONAMENTO E SEM RESTRIÇÃO DE ATENDIMENTO;EMEI MARCOS ROBERTO;50026119;MS;Campo Grande;Urbana;A escola não está em área de localização diferenciada;Pública;RUA DO EBANO, 508 JARDIM MARCOS ROBERTO. 79080-530 Campo Grande - MS.;(67) 20204246;Municipal;Não Informado;Não;Sim;Entre 51 e 200 matrículas de escolarização;Educação Infantil;;-2.048.875.568;-5.462.957.575;-2.048.875.568;-5.462.957.575;;;;
ESCOLA EM FUNCIONAMENTO E SEM RESTRIÇÃO DE ATENDIMENTO;EMEI PROFª MARIA ILDONEI DE LIMA PEDRA;50026127;MS;Campo Grande;Urbana;A escola não está em área de localização diferenciada;Pública;RUA FIDELO MARIANO DE ALMEIDA, 162 RESIDENCIAL OLIVEIRA II. 79091-662 Campo Grande - MS.;(67) 20204215;Municipal;Não Informado;Não;Sim;Entre 51 e 200 matrículas de escolarização;Educação Infantil;;-204.747.834;-546.593.073;-204.747.834;-546.593.073;;;;
ESCOLA EM FUNCIONAMENTO E SEM RESTRIÇÃO DE ATENDIMENTO;EMEI IBER GOMES DE SA;50026143;MS;Campo Grande;Urbana;A escola não está em área de localização diferenciada;Pública;RUA PEDRO DE TOLEDO, 886 VILA PIRATININGA. 79081-030 Campo Grande - MS.;(67) 20204226;Municipal;Não Informado;Não;Sim;Entre 51 e 200 matrículas de escolarização;Educação Infantil;;-2.049.600.812;-5.462.456.284;-2.049.600.812;-5.462.456.284;;;;
ESCOLA EM FUNCIONAMENTO E SEM RESTRIÇÃO DE ATENDIMENTO;EMEI ALBA LUCIA SPENGLER DOS SANTOS PEREIRA;50026151;MS;Campo Grande;Urbana;A escola não está em área de localização diferenciada;Pública;AVENIDA GENERAL ALBERTO CARLOS MENDONCA LIMA, 2827 JARDIM SANTA EMILIA. 79093-290 Campo Grande - MS.;(67) 20204201;Municipal;Não Informado;Não;Sim;Entre 201 e 500 matrículas de escolarização;Educação Infantil;;-2.049.924.856;-5.468.004.858;-2.049.924.856;-5.468.004.858;;;;
ESCOLA EM FUNCIONAMENTO E SEM RESTRIÇÃO DE ATENDIMENTO;EMEI CLAUDIO MARCOS MANCINI;50026160;MS;Campo Grande;Urbana;A escola não está em área de localização diferenciada;Pública;RUA TUPI, 624 VILA JUSSARA. 79092-490 Campo Grande - MS.;(67) 20204211;Municipal;Não Informado;Não;Sim;Entre 51 e 200 matrículas de escolarização;Educação Infantil;;-204.967.594;-54.658.983;-204.967.594;-54.658.983;;;;
ESCOLA EM FUNCIONAMENTO E SEM RESTRIÇÃO DE ATENDIMENTO;EMEI CAMPO VERDE;50026178;MS;Campo Grande;Urbana;A escola não está em área de localização diferenciada;Pública;RUA SEBASTIAO PEREIRA BORGES, 100 JARDIM CAMPO VERDE. 79016-400 Campo Grande - MS.;(67) 20204209;Municipal;Não Informado;Não;Sim;Entre 51 e 200 matrículas de escolarização;Educação Infantil;;-2.040.830.411;-5.457.487.497;-2.040.830.411;-5.457.487.497;;;;
ESCOLA EM FUNCIONAMENTO E SEM RESTRIÇÃO DE ATENDIMENTO;EMEI CLEBE BRAZIL FERREIRA;50026186;MS;Campo Grande;Urbana;A escola não está em área de localização diferenciada;Pública;RUA PADRE MUSSA TUMA, 805 JARDIM ITAMARACA. 79062-130 Campo Grande - MS.;(67) 20204212;Municipal;Não Informado;Não;Sim;Entre 201 e 500 matrículas de escolarização;Educação Infantil;;-205.092.626;-545.673.556;-205.092.626;-545.673.556;;;;
ESCOLA EM FUNCIONAMENTO E SEM RESTRIÇÃO DE ATENDIMENTO;EMEI PROFª THEREZINHA MANDETTA TRAD;50026194;MS;Campo Grande;Urbana;A escola não está em área de localização diferenciada;Pública;AVENIDA EZEQUIEL FERREIRA LIMA, 42 CONJUNTO AERO RANCHO. 79084-010 Campo Grande - MS.;(67) 20204200;Municipal;Não Informado;Não;Sim;Entre 51 e 200 matrículas de escolarização;Educação Infantil;;-2.050.956.906;-5.465.383.103;-2.050.956.906;-5.465.383.103;;;;
ESCOLA EM FUNCIONAMENTO E SEM RESTRIÇÃO DE ATENDIMENTO;EMEI ODETE TRINDADE BENITES;50026208;MS;Campo Grande;Urbana;A escola não está em área de localização diferenciada;Pública;RUA ITAPORANGA, 107 ZE PEREIRA. 79107-400 Campo Grande - MS.;(67) 20204264;Municipal;Não Informado;Não;Sim;Entre 51 e 200 matrículas de escolarização;Educação Infantil;;-2.043.331.143;-5.467.415.242;-2.043.331.143;-5.467.415.242;;;;
ESCOLA EM FUNCIONAMENTO E SEM RESTRIÇÃO DE ATENDIMENTO;EMEI VO FINA;50026216;MS;Campo Grande;Urbana;A escola não está em área de localização diferenciada;Pública;RUA PARAISOPOLIS, 445 VILA SANTO EUGENIO. 79060-550 Campo Grande - MS.;(67) 20204299;Municipal;Não Informado;Não;Sim;Entre 51 e 200 matrículas de escolarização;Educação Infantil;;-2.051.372.739;-5.459.285.933;-2.051.372.739;-5.459.285.933;;;;
ESCOLA EM FUNCIONAMENTO E SEM RESTRIÇÃO DE ATENDIMENTO;EMEI ZACARIAS VIEIRA DE ANDRADE;50026224;MS;Campo Grande;Urbana;A escola não está em área de localização diferenciada;Pública;RUA OLINDA ALVES, 743 RITA VIEIRA III. 79052-440 Campo Grande - MS.;(67) 20204400;Municipal;Não Informado;Não;Sim;Entre 51 e 200 matrículas de escolarização;Educação Infantil;;-2.050.158.903;-5.457.748.949;-2.050.158.903;-5.457.748.949;;;;
ESCOLA EM FUNCIONAMENTO E SEM RESTRIÇÃO DE ATENDIMENTO;CORI-CENTRO DE EDUCACAO INFANTIL E ENSINO FUNDAMENTAL;50026330;MS;Campo Grande;Urbana;A escola não está em área de localização diferenciada;Privada;RUA JOSE GONCALVES SOBRINHO, 177 TERREO. VILA SOBRINHO. 79110-020 Campo Grande - MS.;(67) 33259142;Privada;Particular;Não;Sim;Até 50 matrículas de escolarização;Educação Infantil, Ensino Fundamental;;-204.578.832;-546.363.075;-204.578.832;-546.363.075;;;;
ESCOLA EM FUNCIONAMENTO E SEM RESTRIÇÃO DE ATENDIMENTO;SOLETRANDO ESCOLA DE ED INFANTIL E ENSINO FUNDAMENTAL;50026364;MS;Campo Grande;Urbana;A escola não está em área de localização diferenciada;Privada;RUA CORONEL CACILDO ARANTES, 440 CHACARA CACHOEIRA. 79040-452 Campo Grande - MS.;;Privada;Particular;Não;Sim;Entre 51 e 200 matrículas de escolarização;Educação Infantil, Ensino Fundamental;;-2.046.224.371;-5.457.998.509;-2.046.224.371;-5.457.998.509;;;;
ESCOLA EM FUNCIONAMENTO E SEM RESTRIÇÃO DE ATENDIMENTO;CENTRO EDUCACIONAL CONSTRUINDO O SABER;50026402;MS;Campo Grande;Urbana;A escola não está em área de localização diferenciada;Privada;RUA BARAO DE LIMEIRA, 2068 UNIVERSITARIO. 79070-150 Campo Grande - MS.;(67) 33873716;Privada;Particular;Não;Sim;Entre 201 e 500 matrículas de escolarização;Educação Infantil, Ensino Fundamental;;-2.052.074;-5.462.152;-2.052.074;-5.462.152;;;;
ESCOLA EM FUNCIONAMENTO E SEM RESTRIÇÃO DE ATENDIMENTO;ESCOLA DO SESI CAMPO GRANDE;50026429;MS;Campo Grande;Urbana;A escola não está em área de localização diferenciada;Privada;AFONSO PENA, 1114 AMAMBAI. 79005-901 Campo Grande - MS.;(67) 33657861;Privada;Particular;Não;Sim;Entre 501 e 1000 matrículas de escolarização;Ensino Fundamental, Ensino Médio;;-2.046.654.335;-5.462.517.133;-2.046.654.335;-5.462.517.133;;;;
ESCOLA EM FUNCIONAMENTO E SEM RESTRIÇÃO DE ATENDIMENTO;COLEGIO SAO FRANCISCO EIEFM;50026631;MS;Campo Grande;Urbana;A escola não está em área de localização diferenciada;Privada;RUA TREZE DE MAIO, 4059 CENTRO. 79002-352 Campo Grande - MS.;(67) 30262336;Privada;Particular;Não;Sim;Entre 201 e 500 matrículas de escolarização;Educação Infantil, Ensino Fundamental;;-2.044.919;-5.461.864;-2.044.919;-5.461.864;;;;
ESCOLA EM FUNCIONAMENTO E SEM RESTRIÇÃO DE ATENDIMENTO;CRECHE IRMA IRMA ZORZI;50026658;MS;Campo Grande;Urbana;A escola não está em área de localização diferenciada;Pública;RUA URUGUAIANA, 563 PRESIDIO FEMININO. CORONEL ANTONINO. 79011-330 Campo Grande - MS.;(67) 992806656;Estadual;Não Informado;Não;Sim;Até 50 matrículas de escolarização;Educação Infantil;;-2.043.241;-5.459.993;-2.043.241;-5.459.993;;;;
ESCOLA EM FUNCIONAMENTO E SEM RESTRIÇÃO DE ATENDIMENTO;ESCOLA CRIATIBRINCANDO DE EIEF LTDA;50026720;MS;Campo Grande;Urbana;A escola não está em área de localização diferenciada;Privada;RUA OSVALDO CRUZ, 55 JARDIM DOS ESTADOS. 79002-501 Campo Grande - MS.;(67) 33846842;Privada;Particular;Não;Sim;Entre 51 e 200 matrículas de escolarização;Educação Infantil, Ensino Fundamental;;-204.587.502;-546.040.778;-204.587.502;-546.040.778;;;;
ESCOLA EM FUNCIONAMENTO E SEM RESTRIÇÃO DE ATENDIMENTO;LAR NOSSA SENHORA APARECIDA;50026739;MS;Campo Grande;Urbana;A escola não está em área de localização diferenciada;Privada;AVENIDA RODOLFO JOSE PINHO, 1436 JARDIM SAO BENTO. 79004-690 Campo Grande - MS.;(67) 33414094;Privada;Filantrópica;Sim;Sim;Entre 51 e 200 matrículas de escolarização;Educação Infantil;;-204.765.282;-54.595.993;-204.765.282;-54.595.993;;;;
ESCOLA EM FUNCIONAMENTO E SEM RESTRIÇÃO DE ATENDIMENTO;NOTA 10 - UNIDADE FELIZ IDADE;50026771;MS;Campo Grande;Urbana;A escola não está em área de localização diferenciada;Privada;RUA ALAGOAS, 268 JARDIM DOS ESTADOS. 79020-120 Campo Grande - MS.;(67) 33045133;Privada;Particular;Não;Sim;Entre 201 e 500 matrículas de escolarização;Educação Infantil, Ensino Fundamental;;-204.574.879;-545.949.675;-204.574.879;-545.949.675;;;;
ESCOLA EM FUNCIONAMENTO E SEM RESTRIÇÃO DE ATENDIMENTO;EM NAGEN JORGE SAAD;50026887;MS;Campo Grande;Urbana;A escola não está em área de localização diferenciada;Pública;RUA PANAMBI VERA, 199 SAO PEDRO. 79092-340 Campo Grande - MS.;(67) 20204064;Municipal;Não Informado;Não;Sim;Mais de 1000 matrículas de escolarização;Educação Infantil, Ensino Fundamental;Atendimento Educacional Especializado, Atividade Complementar;-2.050.718.684;-5.465.577.133;-2.050.718.684;-5.465.577.133;;;;
ESCOLA EM FUNCIONAMENTO E SEM RESTRIÇÃO DE ATENDIMENTO;EMEI PROFª MARLY SANT ANNA PINHEIRO;50026895;MS;Campo Grande;Urbana;A escola não está em área de localização diferenciada;Pública;RUA CATAGUASES, 722 PARQUE NOVOS ESTADOS. 79034-050 Campo Grande - MS.;(67) 20204262;Municipal;Não Informado;Não;Sim;Entre 51 e 200 matrículas de escolarização;Educação Infantil;;-2.041.785.277;-5.456.011.266;-2.041.785.277;-5.456.011.266;;;;
ESCOLA EM FUNCIONAMENTO E SEM RESTRIÇÃO DE ATENDIMENTO;ESCOLA MUNDO MAGICO E INSTITUTO MACHADO DE ASSIS;50027166;MS;Campo Grande;Urbana;A escola não está em área de localização diferenciada;Privada;RUA CASTANHEIRAS, 247 COOPHATRABALHO. 79115-090 Campo Grande - MS.;(67) 30285626;Privada;Particular;Não;Sim;Entre 51 e 200 matrículas de escolarização;Educação Infantil, Ensino Fundamental;;-2.043.346;-5.465.023;-2.043.346;-5.465.023;;;;
ESCOLA EM FUNCIONAMENTO E SEM RESTRIÇÃO DE ATENDIMENTO;ESCOLA DESPERTAR DE ENSINO FUNDAMENTAL;50027182;MS;Campo Grande;Urbana;A escola não está em área de localização diferenciada;Privada;RUA AMAZONAS, 1355 MONTE CASTELO. 79010-905 Campo Grande - MS.;(67) 30262623;Privada;Particular;Não;Sim;Entre 51 e 200 matrículas de escolarização;Ensino Fundamental;;-204.459.977;-546.016.434;-204.459.977;-546.016.434;;;;
ESCOLA EM FUNCIONAMENTO E SEM RESTRIÇÃO DE ATENDIMENTO;CENTRO EDUCACIONAL PAULO DE TARSO;50027190;MS;Campo Grande;Urbana;A escola não está em área de localização diferenciada;Privada;TRAVESSA KELEN, 66 COOPHAVILA II. 79097-013 Campo Grande - MS.;(67) 33819737;Privada;Particular;Não;Sim;Entre 501 e 1000 matrículas de escolarização;Educação Infantil, Ensino Fundamental, Ensino Médio;;-205.316.165;-546.722.583;-205.316.165;-546.722.583;;;;
ESCOLA EM FUNCIONAMENTO E SEM RESTRIÇÃO DE ATENDIMENTO;CENTRO EDUCACIONAL SUPERACAO;50027204;MS;Campo Grande;Urbana;A escola não está em área de localização diferenciada;Privada;RUA DOS RECIFES, 976 COOPHAVILA II. 79097-050 Campo Grande - MS.;(67) 33736444;Privada;Particular;Não;Sim;Entre 51 e 200 matrículas de escolarização;Educação Infantil, Ensino Fundamental;;-2.053.473;-5.467.155;-2.053.473;-5.467.155;;;;
ESCOLA EM FUNCIONAMENTO E SEM RESTRIÇÃO DE ATENDIMENTO;INSTITUTO JOAO BATISTA DE ENSINO;50027239;MS;Campo Grande;Urbana;A escola não está em área de localização diferenciada;Privada;RUA DA DIVISAO, 608 JARDIM PARATI. 79081-650 Campo Grande - MS.;(67) 33461198;Privada;Particular;Não;Sim;Entre 201 e 500 matrículas de escolarização;Educação Infantil, Ensino Fundamental;;-2.051.057;-5.463.458;-2.051.057;-5.463.458;;;;
ESCOLA EM FUNCIONAMENTO E SEM RESTRIÇÃO DE ATENDIMENTO;EEIEF PARADIGMA;50027352;MS;Campo Grande;Urbana;A escola não está em área de localização diferenciada;Privada;RUA OURO NEGRO, 682 VILA MARCOS ROBERTO. 79080-270 Campo Grande - MS.;(67) 33463116;Privada;Particular;Não;Sim;Entre 51 e 200 matrículas de escolarização;Educação Infantil, Ensino Fundamental;;-2.048.884;-5.462.609;-2.048.884;-5.462.609;;;;
ESCOLA EM FUNCIONAMENTO E SEM RESTRIÇÃO DE ATENDIMENTO;OBRAS SOCIAIS E COMUNITARIA DO AERO RANCHO;50027360;MS;Campo Grande;Urbana;A escola não está em área de localização diferenciada;Privada;RUA CHARLOTE, 382 NUCLEO HAB. AERO RANCHO. 79083-610 Campo Grande - MS.;(67) 30283063;Privada;Filantrópica;Sim;Sim;Entre 51 e 200 matrículas de escolarização;Educação Infantil;;-205.196.887;-546.530.611;-205.196.887;-546.530.611;;;;
ESCOLA EM FUNCIONAMENTO E SEM RESTRIÇÃO DE ATENDIMENTO;EM DR PLINIO BARBOSA MARTINS;50027409;MS;Campo Grande;Urbana;A escola não está em área de localização diferenciada;Pública;RUA SAO PIO DE PIETRELCINA, 430 JARDIM DAS MACAUBAS. 79073-090 Campo Grande - MS.;(67) 20204022;Municipal;Não Informado;Não;Sim;Mais de 1000 matrículas de escolarização;Educação Infantil, Ensino Fundamental;Atendimento Educacional Especializado, Atividade Complementar;-205.494.733;-546.192.412;-205.494.733;-546.192.412;;;;
ESCOLA EM FUNCIONAMENTO E SEM RESTRIÇÃO DE ATENDIMENTO;EM CONSULESA MARGARIDA MAKSOUD TRAD;50027417;MS;Campo Grande;Urbana;A escola não está em área de localização diferenciada;Pública;RUA DO LEAO, S/N CONJUNTO HABITACIONAL ESTRELA DALVA I. 79034-605 Campo Grande - MS.;(67) 20204015;Municipal;Não Informado;Não;Sim;Mais de 1000 matrículas de escolarização;Educação Infantil, Ensino Fundamental, Educação de Jovens Adultos;Atendimento Educacional Especializado, Atividade Complementar;-2.042.891.014;-5.456.080.989;-2.042.891.014;-5.456.080.989;;;;
ESCOLA EM FUNCIONAMENTO E SEM RESTRIÇÃO DE ATENDIMENTO;EMEI MARCO ANTONIO SANTULLO;50027549;MS;Campo Grande;Urbana;A escola não está em área de localização diferenciada;Pública;RUA SUDAO, 241 JARDIM BATISTAO. 79094-290 Campo Grande - MS.;(67) 20204245;Municipal;Não Informado;Não;Sim;Entre 201 e 500 matrículas de escolarização;Educação Infantil;;-205.194.184;-546.731.228;-205.194.184;-546.731.228;;;;
ESCOLA EM FUNCIONAMENTO E SEM RESTRIÇÃO DE ATENDIMENTO;ESCOLA CARROSSEL EDUCAMP;50027891;MS;Campo Grande;Urbana;A escola não está em área de localização diferenciada;Privada;RUA BERNARDO FRANCO BAIS, 196 VILA CARVALHO. 79005-210 Campo Grande - MS.;(67) 33835577;Privada;Particular;Não;Sim;Entre 201 e 500 matrículas de escolarização;Educação Infantil, Ensino Fundamental;;-204.754.467;-546.213.212;-204.754.467;-546.213.212;;;;
ESCOLA EM FUNCIONAMENTO E SEM RESTRIÇÃO DE ATENDIMENTO;CENTRO DE EDUCACAO INFANTIL VO INEZ;50027905;MS;Campo Grande;Urbana;A escola não está em área de localização diferenciada;Privada;RUA CARLOS DRUMMOND DE ANDRADE, 694 CONJUNTO AERO RANCHO. 79085-110 Campo Grande - MS.;(67) 30293738;Privada;Comunitária;Sim;Sim;Entre 51 e 200 matrículas de escolarização;Educação Infantil;;-2.052.732.833;-5.465.738.667;-2.052.732.833;-5.465.738.667;;;;
ESCOLA EM FUNCIONAMENTO E SEM RESTRIÇÃO DE ATENDIMENTO;SOCIEDADE EUNICE WEAVER DE CAMPO GRANDE;50027948;MS;Campo Grande;Urbana;A escola não está em área de localização diferenciada;Privada;AVENIDA CORONEL ANTONINO, 1.200 CORONEL ANTONINO. 79022-000 Campo Grande - MS.;(67) 33516172;Privada;Filantrópica;Sim;Sim;Entre 51 e 200 matrículas de escolarização;Educação Infantil;;-20.438.321;-545.967.055;-20.438.321;-545.967.055;;;;
ESCOLA EM FUNCIONAMENTO E SEM RESTRIÇÃO DE ATENDIMENTO;COLEGIO HARMONIA - UNIDADE I;50027956;MS;Campo Grande;Urbana;A escola não está em área de localização diferenciada;Privada;RUA GOIAS, 930 JARDIM DOS ESTADOS. 79020-101 Campo Grande - MS.;(67) 30430201;Privada;Particular;Não;Sim;Entre 201 e 500 matrículas de escolarização;Ensino Fundamental, Ensino Médio;;-204.555.518;-54.596.607;-204.555.518;-54.596.607;;;;
ESCOLA EM FUNCIONAMENTO E SEM RESTRIÇÃO DE ATENDIMENTO;COLEGIO NOVO SECULO;50027972;MS;Campo Grande;Urbana;A escola não está em área de localização diferenciada;Privada;AVENIDA BANDEIRANTES, 2909 AMAMBAI. 79005-671 Campo Grande - MS.;(67) 32229992;Privada;Particular;Não;Sim;Entre 201 e 500 matrículas de escolarização;Educação Infantil, Ensino Fundamental;;-204.872.624;-546.428.733;-204.872.624;-546.428.733;;;;
ESCOLA EM FUNCIONAMENTO E SEM RESTRIÇÃO DE ATENDIMENTO;ASSOC ESP DE APOIO A CRIANCA E AO ADOLESCENTE;50028022;MS;Campo Grande;Urbana;A escola não está em área de localização diferenciada;Privada;RUA SIMPLICIO MASCARENHAS, 918 GUANANDI. 79086-150 Campo Grande - MS.;(67) 30277056;Privada;Filantrópica;Sim;Sim;Entre 201 e 500 matrículas de escolarização;Educação Infantil;;-204.976.046;-546.498.636;-204.976.046;-546.498.636;;;;
ESCOLA EM FUNCIONAMENTO E SEM RESTRIÇÃO DE ATENDIMENTO;EMEI PROFESSORA ELENIR ZANQUETA MOLINA;50028057;MS;Campo Grande;Urbana;A escola não está em área de localização diferenciada;Pública;RUA NEBRASCA, 385 JARDIM NASCENTE DO SEGREDO. 79014-020 Campo Grande - MS.;(67) 20204279;Municipal;Não Informado;Não;Sim;Entre 201 e 500 matrículas de escolarização;Educação Infantil;;-2.041.025.726;-54.591.882;-2.041.025.726;-54.591.882;;;;
ESCOLA EM FUNCIONAMENTO E SEM RESTRIÇÃO DE ATENDIMENTO;SESC ADMINISTRACAO REGIONAL NO ESTADO DO MATO GROSSO DO SUL;50028154;MS;Campo Grande;Urbana;A escola não está em área de localização diferenciada;Privada;RUA ANHANDUI, 200 CENTRO. 79002-010 Campo Grande - MS.;(67) 33114300;Privada;Particular;Não;Sim;Mais de 1000 matrículas de escolarização;Educação Infantil, Ensino Fundamental, Ensino Médio;;-204.697.313;-54.622.167;-204.697.313;-54.622.167;;;;
ESCOLA EM FUNCIONAMENTO E SEM RESTRIÇÃO DE ATENDIMENTO;COLEGIO VIP;50028227;MS;Campo Grande;Urbana;A escola não está em área de localização diferenciada;Privada;RUA ENGENHEIRO ANTONIO GOES, 281 PANAMA. 79112-245 Campo Grande - MS.;(67) 33619186;Privada;Particular;Não;Sim;Entre 51 e 200 matrículas de escolarização;Educação Infantil, Ensino Fundamental;;-2.044.168;-5.465.966;-2.044.168;-5.465.966;;;;
ESCOLA EM FUNCIONAMENTO E SEM RESTRIÇÃO DE ATENDIMENTO;EM ELIZIO RAMIREZ VIEIRA;50028332;MS;Campo Grande;Urbana;A escola não está em área de localização diferenciada;Pública;RUA ANTONIO MOISES DE FARIAS, 378 JARDIM PENFICO. 79077-014 Campo Grande - MS.;(67) 20204027;Municipal;Não Informado;Não;Sim;Mais de 1000 matrículas de escolarização;Educação Infantil, Ensino Fundamental;Atendimento Educacional Especializado, Atividade Complementar;-205.521.888;-546.619.441;-205.521.888;-546.619.441;;;;
ESCOLA EM FUNCIONAMENTO E SEM RESTRIÇÃO DE ATENDIMENTO;EM IRENE SZUKALA;50028340;MS;Campo Grande;Urbana;A escola não está em área de localização diferenciada;Pública;RUA IEMANJA, 1025 JARDIM DAS HORTENCIAS. 79083-530 Campo Grande - MS.;(67) 20204040;Municipal;Não Informado;Não;Sim;Mais de 1000 matrículas de escolarização;Educação Infantil, Ensino Fundamental;Atendimento Educacional Especializado, Atividade Complementar;-205.216.053;-546.454.601;-205.216.053;-546.454.601;;;;
ESCOLA EM FUNCIONAMENTO E SEM RESTRIÇÃO DE ATENDIMENTO;ASSOCIACAO CLUBE DE MAES CANTINHO DA AMIZADE;50028499;MS;Campo Grande;Urbana;A escola não está em área de localização diferenciada;Privada;AVENIDA AGRIPINO GRIECO, 567 NUCLEO HABITACIONAL UNIVERSITARIAS. 79071-330 Campo Grande - MS.;(67) 30255746;Privada;Comunitária;Sim;Sim;Entre 51 e 200 matrículas de escolarização;Educação Infantil;;-205.362.245;-54.620.307;-205.362.245;-54.620.307;;;;
ESCOLA EM FUNCIONAMENTO E SEM RESTRIÇÃO DE ATENDIMENTO;COLEGIO RUI BARBOSA;50028510;MS;Campo Grande;Urbana;A escola não está em área de localização diferenciada;Privada;RUA GUARATUBA, 375 SOBRINHO. 79110-220 Campo Grande - MS.;(67) 33822393;Privada;Particular;Não;Sim;Entre 51 e 200 matrículas de escolarização;Educação de Jovens Adultos;;-2.046.644;-5.461.867;-2.046.644;-5.461.867;;;;
ESCOLA EM FUNCIONAMENTO E SEM RESTRIÇÃO DE ATENDIMENTO;CENTRO DE EDUCACAO PROFISSIONAL - SENAC CAMPO GRANDE;50028537;MS;Campo Grande;Urbana;A escola não está em área de localização diferenciada;Privada;RUA FRANCISCO CANDIDO XAVIER, 75 AMAMBAI. 79002-052 Campo Grande - MS.;(67) 33126249;Privada;Particular;Não;Não;Entre 501 e 1000 matrículas de escolarização;Educação Profissional;;-204.681.462;-546.218.294;-204.681.462;-546.218.294;;;;
ESCOLA EM FUNCIONAMENTO E SEM RESTRIÇÃO DE ATENDIMENTO;COLEGIO GERACAO RESULTADOS;50028758;MS;Campo Grande;Urbana;A escola não está em área de localização diferenciada;Privada;RUA JOSE BARNABE DE MESQUITA, 258 VILA DUQUE DE CAXIAS. 79100-200 Campo Grande - MS.;(67) 33622134;Privada;Particular;Não;Sim;Entre 201 e 500 matrículas de escolarização;Educação Infantil, Ensino Fundamental;;-204.611.082;-546.458.971;-204.611.082;-546.458.971;;;;
ESCOLA EM FUNCIONAMENTO E SEM RESTRIÇÃO DE ATENDIMENTO;FACULDADE DE TECNOLOGIA SENAI CAMPO GRANDE;50028782;MS;Campo Grande;Urbana;A escola não está em área de localização diferenciada;Privada;RUA ENGENHEIRO ROBERTO MANGE, 194 AMAMBAI. 79005-420 Campo Grande - MS.;(67) 33129400;Privada;Particular;Não;Sim;Entre 501 e 1000 matrículas de escolarização;Educação Profissional;;-2.046.632.017;-5.462.540.273;-2.046.632.017;-5.462.540.273;;;;
ESCOLA EM FUNCIONAMENTO E SEM RESTRIÇÃO DE ATENDIMENTO;COLEGIO LICEU - UNID II;50028820;MS;Campo Grande;Urbana;A escola não está em área de localização diferenciada;Privada;RUA BARAO DE LADARIO, 279 PREDIO. VILA SOBRINHO. 79110-040 Campo Grande - MS.;(67) 33619120;Privada;Particular;Não;Sim;Entre 51 e 200 matrículas de escolarização;Ensino Fundamental, Ensino Médio;;-204.561.166;-546.382.494;-204.561.166;-546.382.494;;;;
ESCOLA EM FUNCIONAMENTO E SEM RESTRIÇÃO DE ATENDIMENTO;CENTRO DE EDUCACAO INTEGRADA EIRELI;50028847;MS;Campo Grande;Urbana;A escola não está em área de localização diferenciada;Privada;RUA DOUTOR MICHEL SCAFF, 114 CHACARA CACHOEIRA. 79040-860 Campo Grande - MS.;(67) 33268031;Privada;Particular;Não;Sim;Entre 201 e 500 matrículas de escolarização;Educação Infantil, Ensino Fundamental;;-204.611;-5.458.361;-204.611;-5.458.361;;;;
ESCOLA ATENDE EXCLUSIVAMENTE ALUNOS COM DEFICIÊNCIA;ESCOLA INTEGRADA HORIZONTE;50028855;MS;Campo Grande;Urbana;A escola não está em área de localização diferenciada;Privada;TRAVESSA FILOMENA ALEXANDRE GONCALVES, 177 LAR DO TRABALHADOR. SOBRINHO. 79110-510 Campo Grande - MS.;(67) 991329920;Privada;Filantrópica;Sim;Sim;Até 50 matrículas de escolarização;Ensino Fundamental, Educação de Jovens Adultos;Atividade Complementar;-204.505.431;-546.467.904;-204.505.431;-546.467.904;;;;
ESCOLA EM FUNCIONAMENTO E SEM RESTRIÇÃO DE ATENDIMENTO;ESCOLA DE EDUCACAO INFANTIL SOSSEGO DA MAMAE;50028871;MS;Campo Grande;Urbana;A escola não está em área de localização diferenciada;Privada;RUA ABRAO JULIO RAHE, 545 CENTRO. 79010-010 Campo Grande - MS.;(67) 33847909;Privada;Particular;Não;Sim;Entre 51 e 200 matrículas de escolarização;Educação Infantil;;-204.531.029;-546.087.398;-204.531.029;-546.087.398;;;;
ESCOLA EM FUNCIONAMENTO E SEM RESTRIÇÃO DE ATENDIMENTO;EE PROFª CLARINDA MENDES DE AQUINO;50028880;MS;Campo Grande;Urbana;A escola não está em área de localização diferenciada;Pública;AVENIDA MURILO ROLIM JUNIOR, 200 JARDIM PETROPOLIS. 79102-100 Campo Grande - MS.;(67) 33638499;Estadual;Não Informado;Não;Sim;Entre 201 e 500 matrículas de escolarização;Ensino Fundamental, Ensino Médio;Atendimento Educacional Especializado, Atividade Complementar;-204.547.955;-546.691.496;-204.547.955;-546.691.496;;;;
ESCOLA EM FUNCIONAMENTO E SEM RESTRIÇÃO DE ATENDIMENTO;COLEGIO NOVA DIMENSAO SS LTDA;50028987;MS;Campo Grande;Urbana;A escola não está em área de localização diferenciada;Privada;RUA ANA LUIZA DE SOUZA, 1390 PIONEIROS. 79070-140 Campo Grande - MS.;(67) 33137068;Privada;Particular;Não;Sim;Entre 201 e 500 matrículas de escolarização;Ensino Fundamental;;-205.188.143;-54.617.027;-205.188.143;-54.617.027;;;;
ESCOLA EM FUNCIONAMENTO E SEM RESTRIÇÃO DE ATENDIMENTO;EMEI PASCOALA VERA RIOS;50029061;MS;Campo Grande;Urbana;A escola não está em área de localização diferenciada;Pública;RUA ANTONIO DE CASTILHO, 253 IRACY COELHO NETTO. 79074-310 Campo Grande - MS.;(67) 20204267;Municipal;Não Informado;Não;Sim;Entre 201 e 500 matrículas de escolarização;Educação Infantil;;-2.053.451.818;-5.464.506.587;-2.053.451.818;-5.464.506.587;;;;
ESCOLA EM FUNCIONAMENTO E SEM RESTRIÇÃO DE ATENDIMENTO;EMEI JOANA MENDES DOS SANTOS;50029088;MS;Campo Grande;Urbana;A escola não está em área de localização diferenciada;Pública;RUA DARIO ANHAIA FILHO, PARQUE DO SOL. 79075-060 Campo Grande - MS.;(67) 20204233;Municipal;Não Informado;Não;Sim;Entre 201 e 500 matrículas de escolarização;Educação Infantil;;-2.055.038.303;-5.465.259.399;-2.055.038.303;-5.465.259.399;;;;
ESCOLA EM FUNCIONAMENTO E SEM RESTRIÇÃO DE ATENDIMENTO;EMEI JARDIM CARIOCA;50029096;MS;Campo Grande;Urbana;A escola não está em área de localização diferenciada;Pública;AVENIDA 7, 1546 JARDIM CARIOCA. 79104-710 Campo Grande - MS.;(67) 20204231;Municipal;Não Informado;Não;Sim;Entre 201 e 500 matrículas de escolarização;Educação Infantil;;-204.687.547;-547.065.915;-204.687.547;-547.065.915;;;;
ESCOLA EM FUNCIONAMENTO E SEM RESTRIÇÃO DE ATENDIMENTO;EMEI ENGENHEIRO VALDEMIR CORREA DE RESENDE;50029100;MS;Campo Grande;Urbana;A escola não está em área de localização diferenciada;Pública;RUA CATIGUA, 620 JARDIM CANGURU. 79072-269 Campo Grande - MS.;(67) 20204222;Municipal;Não Informado;Não;Sim;Entre 201 e 500 matrículas de escolarização;Educação Infantil;;-2.054.027.959;-5.460.801.744;-2.054.027.959;-5.460.801.744;;;;
ESCOLA EM FUNCIONAMENTO E SEM RESTRIÇÃO DE ATENDIMENTO;EM PROFª ARLENE MARQUES ALMEIDA;50029118;MS;Campo Grande;Urbana;A escola não está em área de localização diferenciada;Pública;RUA CATIGUA, 694 JARDIM CANGURU. 79072-269 Campo Grande - MS.;(67) 20204125;Municipal;Não Informado;Não;Sim;Mais de 1000 matrículas de escolarização;Educação Infantil, Ensino Fundamental;Atendimento Educacional Especializado, Atividade Complementar;-205.413.168;-546.083.403;-205.413.168;-546.083.403;;;;
ESCOLA EM FUNCIONAMENTO E SEM RESTRIÇÃO DE ATENDIMENTO;CENTRO DE ENSINO IMPACTO SS LTDA - ME;50029258;MS;Campo Grande;Urbana;A escola não está em área de localização diferenciada;Privada;RUA DAS GARCAS, 1776 VILA SUICA. 79020-180 Campo Grande - MS.;(67) 30255585;Privada;Particular;Não;Sim;Entre 51 e 200 matrículas de escolarização;Ensino Médio;;-2.045.009;-5.459.645;-2.045.009;-5.459.645;;;;
ESCOLA EM FUNCIONAMENTO E SEM RESTRIÇÃO DE ATENDIMENTO;COLEGIO CBA ABC;50029266;MS;Campo Grande;Urbana;A escola não está em área de localização diferenciada;Privada;RUA ANTONIO CORREA, JARDIM PAULISTA. 79050-210 Campo Grande - MS.;(67) 30423802;Privada;Particular;Não;Sim;Entre 201 e 500 matrículas de escolarização;Ensino Fundamental, Ensino Médio;;-2.048.652;-5.460.794;-2.048.652;-5.460.794;;;;
ESCOLA EM FUNCIONAMENTO E SEM RESTRIÇÃO DE ATENDIMENTO;EE POLO PROFª REGINA LUCIA ANFFE NUNES BETINE;50029371;MS;Campo Grande;Urbana;A escola não está em área de localização diferenciada;Pública;RUA TREZE DE MAIO, 1090 4º ANDAR. CENTRO. 79004-420 Campo Grande - MS.;(67) 33572300;Estadual;Não Informado;Não;Sim;Entre 501 e 1000 matrículas de escolarização;Educação de Jovens Adultos;Atividade Complementar;-204.754.208;-546.133.036;-204.754.208;-546.133.036;;;;
ESCOLA EM FUNCIONAMENTO E SEM RESTRIÇÃO DE ATENDIMENTO;EMEI PROF VALDOMIRO ALVES GONCALVES;50029380;MS;Campo Grande;Urbana;A escola não está em área de localização diferenciada;Pública;RUA MOCAMBIQUE, 373 QUADRA 29 A. JARDIM CENTENARIO. 79076-020 Campo Grande - MS.;(67) 20204275;Municipal;Não Informado;Não;Sim;Entre 201 e 500 matrículas de escolarização;Educação Infantil;;-205.362.824;-5.465.128.792;-205.362.824;-5.465.128.792;;;;
ESCOLA EM FUNCIONAMENTO E SEM RESTRIÇÃO DE ATENDIMENTO;EMEI CLOTILDE CHAIA;50029398;MS;Campo Grande;Urbana;A escola não está em área de localização diferenciada;Pública;RUA ARACAJU, 754 JARDIM IMA. 79102-030 Campo Grande - MS.;(67) 20204214;Municipal;Não Informado;Não;Sim;Entre 51 e 200 matrículas de escolarização;Educação Infantil;;-2.045.019.837;-5.465.983.837;-2.045.019.837;-5.465.983.837;;;;
ESCOLA EM FUNCIONAMENTO E SEM RESTRIÇÃO DE ATENDIMENTO;EMEI TIA EVA;50029584;MS;Campo Grande;Urbana;Área remanescente de quilombos;Pública;RUA CIRO NANTES DA SILVEIRA, 228 JARDIM SEMINARIO. 79118-400 Campo Grande - MS.;(67) 20204293;Municipal;Não Informado;Não;Sim;Entre 51 e 200 matrículas de escolarização;Educação Infantil;;-204.251.872;-546.157.538;-204.251.872;-546.157.538;;;;
ESCOLA EM FUNCIONAMENTO E SEM RESTRIÇÃO DE ATENDIMENTO;COLEGIO VIDA FELIZ;50029657;MS;Campo Grande;Urbana;A escola não está em área de localização diferenciada;Privada;RUA RONALD DE CARVALHO, 275 NUCLEO HABITACIONAL UNIVERSITARIAS. 79071-375 Campo Grande - MS.;(67) 33881801;Privada;Particular;Não;Sim;Entre 201 e 500 matrículas de escolarização;Educação Infantil, Ensino Fundamental;;-205.338.522;-546.151.935;-205.338.522;-546.151.935;;;;
ESCOLA EM FUNCIONAMENTO E SEM RESTRIÇÃO DE ATENDIMENTO;COLEGIO VIDA E LUZ;50029673;MS;Campo Grande;Urbana;A escola não está em área de localização diferenciada;Privada;RUA DA PRAIA, 1366 COOPHAVILA II. 79097-070 Campo Grande - MS.;(67) 33732370;Privada;Particular;Não;Sim;Entre 51 e 200 matrículas de escolarização;Educação Infantil, Ensino Fundamental;;-2.053.983;-5.466.493;-2.053.983;-5.466.493;;;;
ESCOLA EM FUNCIONAMENTO E SEM RESTRIÇÃO DE ATENDIMENTO;EE POLO FRANCISCO CANDIDO DE REZENDE;50029827;MS;Campo Grande;Rural;A escola não está em área de localização diferenciada;Pública;RUA GUIMARAES ROSA, 2056 DISTRITO DE ANHANDUI. 79125-000 Campo Grande - MS.;(67) 32271272;Estadual;Não Informado;Não;Sim;Entre 51 e 200 matrículas de escolarização;Ensino Médio;;                              ;                              ;   .                           ;   .                           ;;;;
ESCOLA EM FUNCIONAMENTO E SEM RESTRIÇÃO DE ATENDIMENTO;ESCOLA BATISTA ERILASIO NOGUEIRA;50029940;MS;Campo Grande;Urbana;A escola não está em área de localização diferenciada;Privada;RUA FLORIANOPOLIS, 765 JARDIM IMA. 79102-220 Campo Grande - MS.;(67) 33634393;Privada;Particular;Não;Sim;Entre 201 e 500 matrículas de escolarização;Educação Infantil, Ensino Fundamental, Ensino Médio;;-204.544;-5.466.598;-204.544;-5.466.598;;;;
ESCOLA EM FUNCIONAMENTO E SEM RESTRIÇÃO DE ATENDIMENTO;NOTA 10 - UNIDADE GARCAS;50030116;MS;Campo Grande;Urbana;A escola não está em área de localização diferenciada;Privada;RUA PADRE JOAO CRIPPA, 2371 MONTE CASTELO. 79010-180 Campo Grande - MS.;(67) 33045132;Privada;Particular;Não;Sim;Entre 501 e 1000 matrículas de escolarização;Ensino Fundamental, Ensino Médio;;-2.045.211.312;-5.461.144.221;-2.045.211.312;-5.461.144.221;;;;
ESCOLA EM FUNCIONAMENTO E SEM RESTRIÇÃO DE ATENDIMENTO;EMEI JOSE RAMAO CANTERO;50030221;MS;Campo Grande;Urbana;A escola não está em área de localização diferenciada;Pública;RUA PALMEIRAIS, 102 JARDIM FUTURISTA. 79034-500 Campo Grande - MS.;(67) 20204237;Municipal;Não Informado;Não;Sim;Entre 51 e 200 matrículas de escolarização;Educação Infantil;;-2.043.000.431;-5.456.058.299;-2.043.000.431;-5.456.058.299;;;;
ESCOLA EM FUNCIONAMENTO E SEM RESTRIÇÃO DE ATENDIMENTO;EMEI SONIA HELENA BALDO BERNARDO DOS SANTOS;50030230;MS;Campo Grande;Urbana;A escola não está em área de localização diferenciada;Pública;RUA TRES PODERES, S/N JARDIM PANORAMA. 79044-681 Campo Grande - MS.;(67) 20204292;Municipal;Não Informado;Não;Sim;Entre 201 e 500 matrículas de escolarização;Educação Infantil;;-204.716.004;-545.435.017;-204.716.004;-545.435.017;;;;
ESCOLA EM FUNCIONAMENTO E SEM RESTRIÇÃO DE ATENDIMENTO;EMEI PROF LAURA RODRIGUES DE OLIVEIRA;50030248;MS;Campo Grande;Urbana;A escola não está em área de localização diferenciada;Pública;RUA ARACY PEREIRA DE MATOS, 50 JARDIM MOEMA. 79063-280 Campo Grande - MS.;(67) 20204281;Municipal;Não Informado;Não;Sim;Entre 201 e 500 matrículas de escolarização;Educação Infantil;;-2.052.509.723;-5.458.205.555;-2.052.509.723;-5.458.205.555;;;;
ESCOLA EM FUNCIONAMENTO E SEM RESTRIÇÃO DE ATENDIMENTO;CENTRO DE EDUCACAO PROFISSIONAL EZEQUIEL FERREIRA LIMA;50030272;MS;Campo Grande;Urbana;A escola não está em área de localização diferenciada;Pública;RUA ANTONIO DA SILVA VENDAS, 115 JARDIM BELA VISTA. 79003-250 Campo Grande - MS.;(67) 33579000;Estadual;Não Informado;Não;Sim;Entre 501 e 1000 matrículas de escolarização;Ensino Médio, Educação Profissional;;-204.734.879;-545.908.051;-204.734.879;-545.908.051;;;;
ESCOLA EM FUNCIONAMENTO E SEM RESTRIÇÃO DE ATENDIMENTO;ESCOLA SALESIANA SAO DOMINGOS SAVIO;50030310;MS;Campo Grande;Urbana;A escola não está em área de localização diferenciada;Privada;RUA MARECHAL CAMARA, 1498, BAIRRO SEMINARIO. 79118-521 Campo Grande - MS.;(67) 981533926;Privada;Filantrópica;Não;Sim;Entre 51 e 200 matrículas de escolarização;Educação Infantil, Ensino Fundamental;;-20.410.323;-546.165.207;-20.410.323;-546.165.207;;;;
ESCOLA EM FUNCIONAMENTO E SEM RESTRIÇÃO DE ATENDIMENTO;COLEGIO DE ENSINO MEDIO NOVA GERACAO;50030469;MS;Campo Grande;Urbana;A escola não está em área de localização diferenciada;Privada;RUA ALBERT SABIN, 875 VILA TAVEIRPOLIS. 79090-160 Campo Grande - MS.;(67) 33311591;Privada;Particular;Não;Sim;Entre 201 e 500 matrículas de escolarização;Ensino Médio;;-2.047.561;-5.464.475;-2.047.561;-5.464.475;;;;
ESCOLA EM FUNCIONAMENTO E SEM RESTRIÇÃO DE ATENDIMENTO;CEC-COLEGIO EVANGELICO CAMPO-GRANDENSE;50030485;MS;Campo Grande;Urbana;A escola não está em área de localização diferenciada;Privada;AVENIDA MATO GROSSO, 1123 CENTRO. 79002-231 Campo Grande - MS.;(67) 33833961;Privada;Particular;Não;Sim;Entre 201 e 500 matrículas de escolarização;Educação Infantil, Ensino Fundamental;;-2.045.448;-5.460.952;-2.045.448;-5.460.952;;;;
ESCOLA EM FUNCIONAMENTO E SEM RESTRIÇÃO DE ATENDIMENTO;COLEGIO BIONATUS;50030582;MS;Campo Grande;Urbana;A escola não está em área de localização diferenciada;Privada;RUA RIO GRANDE DO SUL, 1000 JARDIM DOS ESTADOS. 79020-010 Campo Grande - MS.;(67) 33218196;Privada;Particular;Não;Sim;Entre 201 e 500 matrículas de escolarização;Ensino Fundamental, Ensino Médio;;-2.045.529;-5.460.044;-2.045.529;-5.460.044;;;;
ESCOLA EM FUNCIONAMENTO E SEM RESTRIÇÃO DE ATENDIMENTO;LAR CRECHE NOSSA SENHORA DO PERPETUO SOCORRO;50030604;MS;Campo Grande;Urbana;A escola não está em área de localização diferenciada;Privada;RUA VILLA LOBOS, 275 CAICARA. 79090-221 Campo Grande - MS.;(67) 30423591;Privada;Filantrópica;Sim;Sim;Entre 51 e 200 matrículas de escolarização;Educação Infantil;;-204.816.136;-546.524.485;-204.816.136;-546.524.485;;;;
ESCOLA EM FUNCIONAMENTO E SEM RESTRIÇÃO DE ATENDIMENTO;EMEI MARTA GUARANI;50030671;MS;Campo Grande;Urbana;A escola não está em área de localização diferenciada;Pública;RUA DOS AMIGOS, 1305 JARDIM ANACHE. 79017-220 Campo Grande - MS.;(67) 20204253;Municipal;Não Informado;Não;Sim;Entre 51 e 200 matrículas de escolarização;Educação Infantil;;-2.037.696.278;-5.457.600.358;-2.037.696.278;-5.457.600.358;;;;
ESCOLA EM FUNCIONAMENTO E SEM RESTRIÇÃO DE ATENDIMENTO;ESCOLA DESPERTAR;50030787;MS;Campo Grande;Urbana;A escola não está em área de localização diferenciada;Privada;RUA AMAZONAS, 1355 MONTE CASTELO. 79002-280 Campo Grande - MS.;(67) 30277300;Privada;Particular;Não;Sim;Entre 51 e 200 matrículas de escolarização;Educação Infantil;;-204.468.124;-546.026.757;-204.468.124;-546.026.757;;;;
ESCOLA EM FUNCIONAMENTO E SEM RESTRIÇÃO DE ATENDIMENTO;ESCOLA BETANIA;50030981;MS;Campo Grande;Urbana;A escola não está em área de localização diferenciada;Privada;RUA HAROLDO PEREIRA, 709 NOVA LIMA. 79017-065 Campo Grande - MS.;(67) 33550111;Privada;Particular;Não;Sim;Entre 51 e 200 matrículas de escolarização;Educação Infantil, Ensino Fundamental;;-203.895.712;-54.563.959;-203.895.712;-54.563.959;;;;
ESCOLA EM FUNCIONAMENTO E SEM RESTRIÇÃO DE ATENDIMENTO;EM PROFESSOR JOSE DE SOUZA;50031031;MS;Campo Grande;Urbana;A escola não está em área de localização diferenciada;Pública;RUA DAS CAMELIAS, S/N NUCLEO HABITACIONAL BURITI. 79091-020 Campo Grande - MS.;(67) 20204099;Municipal;Não Informado;Não;Sim;Mais de 1000 matrículas de escolarização;Educação Infantil, Ensino Fundamental;Atendimento Educacional Especializado, Atividade Complementar;-204.862.111;-546.619.633;-204.862.111;-546.619.633;;;;
ESCOLA EM FUNCIONAMENTO E SEM RESTRIÇÃO DE ATENDIMENTO;EM PROFESSOR ARASSUAY GOMES DE CASTRO;50031040;MS;Campo Grande;Urbana;A escola não está em área de localização diferenciada;Pública;RUA SAO VICENTE DE PAULA, 654 VILA MIGUEL COUTO. 79040-240 Campo Grande - MS.;(67) 20204087;Municipal;Não Informado;Não;Sim;Entre 501 e 1000 matrículas de escolarização;Educação Infantil, Ensino Fundamental;Atendimento Educacional Especializado, Atividade Complementar;-20.469.528;-545.864.619;-20.469.528;-545.864.619;;;;
ESCOLA EM FUNCIONAMENTO E SEM RESTRIÇÃO DE ATENDIMENTO;EM NERONE MAIOLINO;50031058;MS;Campo Grande;Urbana;A escola não está em área de localização diferenciada;Pública;RUA MARAU, S/Nº JARDIM VIDA NOVA II. 79017-795 Campo Grande - MS.;(67) 20204069;Municipal;Não Informado;Não;Sim;Mais de 1000 matrículas de escolarização;Educação Infantil, Ensino Fundamental, Educação de Jovens Adultos;Atendimento Educacional Especializado, Atividade Complementar;-2.038.072.187;-5.456.875.836;-2.038.072.187;-5.456.875.836;;;;
ESCOLA EM FUNCIONAMENTO E SEM RESTRIÇÃO DE ATENDIMENTO;COLEGIO CLASSE A;50031163;MS;Campo Grande;Urbana;A escola não está em área de localização diferenciada;Privada;RUA AMAZONAS, 785 MONTE CASTELO. 79010-060 Campo Grande - MS.;(67) 33269421;Privada;Particular;Não;Sim;Entre 201 e 500 matrículas de escolarização;Ensino Fundamental, Ensino Médio;;-204.475.837;-546.110.895;-204.475.837;-546.110.895;;;;
ESCOLA EXCLUSIVA DE ATENDIMENTO EDUCACIONAL ESPECIALIZADO;CENTRO DE CAPACITACAO DE PROFISSIONAIS DA EDUCACAO E DE ATENDIMENTO AS PESSOAS COM SURDEZ - CAS;50031287;MS;Campo Grande;Urbana;A escola não está em área de localização diferenciada;Pública;RUA ANTONIO DA SILVA VENDAS, 185 JARDIM BELA VISTA. 79003-250 Campo Grande - MS.;(67) 33141273;Estadual;Não Informado;Não;Sim;Escola sem matrícula de escolarização;;Atendimento Educacional Especializado;-204.736.311;-545.905.512;-204.736.311;-545.905.512;;;;
ESCOLA EXCLUSIVA DE ATENDIMENTO EDUCACIONAL ESPECIALIZADO;CENTRO ESTADUAL DE EDUCACAO ESPECIAL E INCLUSIVA;50031295;MS;Campo Grande;Urbana;A escola não está em área de localização diferenciada;Pública;RUA JOAQUIM MURTINHO, 2612 ITANHANGA PARK. 79090-000 Campo Grande - MS.;(67) 33141267;Estadual;Não Informado;Não;Sim;Escola sem matrícula de escolarização;;Atendimento Educacional Especializado;-204.666.806;-546.374.111;-204.666.806;-546.374.111;;;;
ESCOLA EM FUNCIONAMENTO E SEM RESTRIÇÃO DE ATENDIMENTO;EM CELINA MARTINS JALLAD;50031422;MS;Campo Grande;Urbana;A escola não está em área de localização diferenciada;Pública;RUA HELLAINE DE MOURA CASTRO, 314 RESIDENCIAL OITI. 79044-184 Campo Grande - MS.;(67) 20204008;Municipal;Não Informado;Não;Sim;Entre 501 e 1000 matrículas de escolarização;Ensino Fundamental;Atendimento Educacional Especializado, Atividade Complementar;-204.750.921;-545.433.414;-204.750.921;-545.433.414;;;;
ESCOLA EM FUNCIONAMENTO E SEM RESTRIÇÃO DE ATENDIMENTO;CEIAN- ANANDAMOYI;50031465;MS;Campo Grande;Urbana;A escola não está em área de localização diferenciada;Privada;RUA INDIANAPOLIS, 1790 JARDIM NOROESTE. 79045-120 Campo Grande - MS.;(67) 984719056;Privada;Filantrópica;Sim;Sim;Entre 51 e 200 matrículas de escolarização;Educação Infantil;;-2.046.114;-54.534;-2.046.114;-54.534;;;;
ESCOLA EM FUNCIONAMENTO E SEM RESTRIÇÃO DE ATENDIMENTO;EMEI MICHELI REGINA LOCATELLI;50031503;MS;Campo Grande;Urbana;A escola não está em área de localização diferenciada;Pública;AVENIDA ENGENHEIRO LUTHERO LOPES, 600 BAIRRO AERO RANCHO. 79084-180 Campo Grande - MS.;(67) 20204257;Municipal;Não Informado;Não;Sim;Entre 201 e 500 matrículas de escolarização;Educação Infantil;;-2.051.514.789;-546.426.518;-2.051.514.789;-546.426.518;;;;
ESCOLA EM FUNCIONAMENTO E SEM RESTRIÇÃO DE ATENDIMENTO;NOTA 10 INTERNACIONAL - UNIDADE GENERAL OSORIO;50031783;MS;Campo Grande;Urbana;A escola não está em área de localização diferenciada;Privada;RUA SAO PAULO, 1060 VILA ROSA. 79010-050 Campo Grande - MS.;(67) 30255861;Privada;Particular;Não;Sim;Entre 501 e 1000 matrículas de escolarização;Educação Infantil, Ensino Fundamental, Ensino Médio;;-2.044.777;-5.460.389;-2.044.777;-5.460.389;;;;
ESCOLA EM FUNCIONAMENTO E SEM RESTRIÇÃO DE ATENDIMENTO;EMEI MARIA DULCE PRATA CANCADO;50032003;MS;Campo Grande;Urbana;A escola não está em área de localização diferenciada;Pública;RUA PANAMA, 621 JARDIM NOROESTE. 79045-282 Campo Grande - MS.;(67) 20204250;Municipal;Não Informado;Não;Sim;Entre 201 e 500 matrículas de escolarização;Educação Infantil;;-2.046.090.944;-5.453.114.038;-2.046.090.944;-5.453.114.038;;;;
ESCOLA EM FUNCIONAMENTO E SEM RESTRIÇÃO DE ATENDIMENTO;EMEI FELIPE SAFADI ALVES NOGUEIRA;50032011;MS;Campo Grande;Urbana;A escola não está em área de localização diferenciada;Pública;RUA LAGO AZUL, 115 ESQ RIO GALHEIRO. JARDIM AEROPORTO. 79106-160 Campo Grande - MS.;(67) 20204223;Municipal;Não Informado;Não;Sim;Entre 201 e 500 matrículas de escolarização;Educação Infantil;;-204.433.387;-546.886.564;-204.433.387;-546.886.564;;;;
ESCOLA EM FUNCIONAMENTO E SEM RESTRIÇÃO DE ATENDIMENTO;COLEGIO BIONATUS II;50032100;MS;Campo Grande;Urbana;A escola não está em área de localização diferenciada;Privada;RUA MANOEL INACIO DE SOUZA, 196 VILA SANTERIO. 79020-220 Campo Grande - MS.;(67) 33218196;Privada;Particular;Não;Sim;Até 50 matrículas de escolarização;Ensino Médio;;-2.045.458;-5.460.272;-2.045.458;-5.460.272;;;;
ESCOLA EM FUNCIONAMENTO E SEM RESTRIÇÃO DE ATENDIMENTO;ESCOLA DE EDUCACAO INFANTIL E ENSINO FUNDAMENTAL MIL CONTOS;50032143;MS;Campo Grande;Urbana;A escola não está em área de localização diferenciada;Privada;RUA JOAQUIM MURTINHO, 545 CENTRO. 79002-100 Campo Grande - MS.;(67) 33840010;Privada;Particular;Não;Sim;Até 50 matrículas de escolarização;Educação Infantil, Ensino Fundamental;;-2.046.106;-5.460.852;-2.046.106;-5.460.852;;;;
ESCOLA EXCLUSIVA DE ATENDIMENTO EDUCACIONAL ESPECIALIZADO;CAEE - CENTRO DE ATENDIMENTO EDUCACIONAL ESPECIALIZADO DA ASSOCIACAO PESTALOZZI DE CAMPO GRANDE MS;50032399;MS;Campo Grande;Urbana;A escola não está em área de localização diferenciada;Privada;RUA PERNAMBUCO, 1253 VILA ROSA. 79010-040 Campo Grande - MS.;(67) 33167600;Privada;Filantrópica;Sim;Sim;Escola sem matrícula de escolarização;;Atendimento Educacional Especializado;-204.486.948;-546.062.641;-204.486.948;-546.062.641;;;;
ESCOLA EXCLUSIVA DE ATENDIMENTO EDUCACIONAL ESPECIALIZADO;CAEE - GIRASSOL;50032470;MS;Campo Grande;Urbana;A escola não está em área de localização diferenciada;Privada;AVENIDA JOANA DARC, 1450 UNIVERSITARIO. 79070-901 Campo Grande - MS.;(67) 40422250;Privada;Filantrópica;Sim;Sim;Escola sem matrícula de escolarização;;Atendimento Educacional Especializado;-205.168.784;-546.175.182;-205.168.784;-546.175.182;;;;
ESCOLA EM FUNCIONAMENTO E SEM RESTRIÇÃO DE ATENDIMENTO;EMEI NILDA DE ALMEIDA COELHO;50032585;MS;Campo Grande;Urbana;A escola não está em área de localização diferenciada;Pública;RUA TAKESHI HIGUCHI, 0 RESIDENCIAL VIDA NOVA III. 79017-254 Campo Grande - MS.;(67) 20204259;Municipal;Não Informado;Não;Sim;Entre 201 e 500 matrículas de escolarização;Educação Infantil;;-20.375.605;-54.571.565;-20.375.605;-54.571.565;;;;
ESCOLA EM FUNCIONAMENTO E SEM RESTRIÇÃO DE ATENDIMENTO;EMEI VARANDAS DO CAMPO;50032593;MS;Campo Grande;Urbana;A escola não está em área de localização diferenciada;Pública;RUA JOSE PEDROSSIAN, S/N JARDIM CENTRO OESTE. 79072-618 Campo Grande - MS.;(67) 20204296;Municipal;Não Informado;Não;Sim;Entre 201 e 500 matrículas de escolarização;Educação Infantil;;-2.055.910.398;-5.460.834.326;-2.055.910.398;-5.460.834.326;;;;
ESCOLA EM FUNCIONAMENTO E SEM RESTRIÇÃO DE ATENDIMENTO;EMEI JOSE CARLOS DE LIMA;50032615;MS;Campo Grande;Urbana;A escola não está em área de localização diferenciada;Pública;RUA ANTONIO PIRES DE OLIVEIRA, 144 VILA MORENINHA IV. 79065-490 Campo Grande - MS.;(67) 20204235;Municipal;Não Informado;Não;Sim;Entre 201 e 500 matrículas de escolarização;Educação Infantil;;-2.055.992.411;-5.457.008.512;-2.055.992.411;-5.457.008.512;;;;
ESCOLA EM FUNCIONAMENTO E SEM RESTRIÇÃO DE ATENDIMENTO;EMEI GEORGINA RAMIRES DA SILVA;50032623;MS;Campo Grande;Urbana;A escola não está em área de localização diferenciada;Pública;RUA ARAGUACEMA, S/N VILA SANTO EUGENIO. 79060-330 Campo Grande - MS.;(67) 20204225;Municipal;Não Informado;Não;Sim;Entre 201 e 500 matrículas de escolarização;Educação Infantil;;-205.115.073;-545.979.178;-205.115.073;-545.979.178;;;;
ESCOLA EM FUNCIONAMENTO E SEM RESTRIÇÃO DE ATENDIMENTO;EMEI SANTA EMILIA;50032631;MS;Campo Grande;Urbana;A escola não está em área de localização diferenciada;Pública;RUA CARA CARA, ESQUINA COM RUA ENG. EDNO MACHADO, 11 SANTA EMILIA. 79093-350 Campo Grande - MS.;(67) 20204287;Municipal;Não Informado;Não;Sim;Entre 201 e 500 matrículas de escolarização;Educação Infantil;;-205.005.264;-546.856.168;-205.005.264;-546.856.168;;;;
ESCOLA EXCLUSIVA DE ATENDIMENTO EDUCACIONAL ESPECIALIZADO;ASSOCIACAO TAGARELA;50032640;MS;Campo Grande;Urbana;A escola não está em área de localização diferenciada;Privada;RUA AZULAO, 192 JARDIM NHANHA. 79081-350 Campo Grande - MS.;(67) 30281289;Privada;Filantrópica;Não;Sim;Escola sem matrícula de escolarização;;Atendimento Educacional Especializado;-204.999.512;-546.364.719;-204.999.512;-546.364.719;;;;
ESCOLA EM FUNCIONAMENTO E SEM RESTRIÇÃO DE ATENDIMENTO;EMEI JURACY GALVAO OLIVEIRA;50032739;MS;Campo Grande;Urbana;A escola não está em área de localização diferenciada;Pública;AVENIDA MARINES SOUZA GOMES, S/N RESIDENCIAL OITI. 79044-520 Campo Grande - MS.;(67) 20204238;Municipal;Não Informado;Não;Sim;Entre 201 e 500 matrículas de escolarização;Educação Infantil;;-204.759.688;-54.544.377;-204.759.688;-54.544.377;;;;
ESCOLA EM FUNCIONAMENTO E SEM RESTRIÇÃO DE ATENDIMENTO;ESCOLA ATITUDE;50032755;MS;Campo Grande;Urbana;A escola não está em área de localização diferenciada;Privada;RUA SANTANA, 119 JARDIM TV MORENA. 79051-200 Campo Grande - MS.;(67) 33415277;Privada;Particular;Não;Sim;Entre 51 e 200 matrículas de escolarização;Educação Infantil, Ensino Fundamental;;-2.048.028;-5.459.847;-2.048.028;-5.459.847;;;;
ESCOLA EM FUNCIONAMENTO E SEM RESTRIÇÃO DE ATENDIMENTO;ESCOLA ATIVA;50032887;MS;Campo Grande;Urbana;A escola não está em área de localização diferenciada;Privada;AVENIDA SALGADO FILHO, 651 AMAMBAI. 79005-300 Campo Grande - MS.;(67) 33428131;Privada;Particular;Não;Sim;Entre 51 e 200 matrículas de escolarização;Educação Infantil;;-204.900.916;-546.440.225;-204.900.916;-546.440.225;;;;
ESCOLA EXCLUSIVA DE ATENDIMENTO EDUCACIONAL ESPECIALIZADO;CENTRO DE APOIO PEDAGOGICO AO DEFICIENTE VISUAL - CAP-DV-MS;50033069;MS;Campo Grande;Urbana;A escola não está em área de localização diferenciada;Pública;RUA DA PAZ, 214 JARDIM DOS ESTADOS. 79002-190 Campo Grande - MS.;(67) 33141207;Estadual;Não Informado;Não;Sim;Escola sem matrícula de escolarização;;Atendimento Educacional Especializado;                              ;                              ;   .                           ;   .                           ;;;;
ESCOLA EM FUNCIONAMENTO E SEM RESTRIÇÃO DE ATENDIMENTO;ESCOLA MON PETIT;50033107;MS;Campo Grande;Urbana;A escola não está em área de localização diferenciada;Privada;RUA NORTELANDIA, 806 SANTA FE. 79021-280 Campo Grande - MS.;(67) 30440061;Privada;Particular;Não;Sim;Entre 51 e 200 matrículas de escolarização;Educação Infantil;;-2.045.176;-5.458.844;-2.045.176;-5.458.844;;;;
ESCOLA EM FUNCIONAMENTO E SEM RESTRIÇÃO DE ATENDIMENTO;COLEGIO CLASSE A UNIDADE II;50033239;MS;Campo Grande;Urbana;A escola não está em área de localização diferenciada;Privada;RUA JOSE ANTONIO, 2538 MONTE CASTELO. 79010-190 Campo Grande - MS.;(67) 33269421;Privada;Particular;Não;Sim;Entre 201 e 500 matrículas de escolarização;Ensino Médio;;-204.477.261;-546.111.069;-204.477.261;-546.111.069;;;;
ESCOLA EXCLUSIVA DE ATENDIMENTO EDUCACIONAL ESPECIALIZADO;CEAMETEA-CENTRO ESTADUAL DE APOIO MULTIDISCIPLINAR EDUCACIONAL;50033344;MS;Campo Grande;Urbana;A escola não está em área de localização diferenciada;Pública;AVENIDA TIRADENTES, 20 VILA TAVEIROPOLIS. 79090-000 Campo Grande - MS.;(67) 33141236;Estadual;Não Informado;Não;Sim;Escola sem matrícula de escolarização;;Atendimento Educacional Especializado;-204.666.138;-546.375.354;-204.666.138;-546.375.354;;;;
ESCOLA EM FUNCIONAMENTO E SEM RESTRIÇÃO DE ATENDIMENTO;ESCOLA PLANETA- UNIDADE CENTRO;50033425;MS;Campo Grande;Urbana;A escola não está em área de localização diferenciada;Privada;RUA PERNAMBUCO, 308 CENTRO. 79002-261 Campo Grande - MS.;(67) 30460069;Privada;Particular;Não;Sim;Entre 201 e 500 matrículas de escolarização;Educação Infantil, Ensino Fundamental;;-2.045.094.374;-5.461.511.803;-2.045.094.374;-5.461.511.803;;;;
ESCOLA EXCLUSIVA DE ATENDIMENTO EDUCACIONAL ESPECIALIZADO;CENTRO ESTADUAL DE ATENDIMENTO MULTIDISCIPLINAR PARA ALTAS HABILIDADES SUPERDOTACAO-CEAMAHS;50033433;MS;Campo Grande;Urbana;A escola não está em área de localização diferenciada;Pública;AVENIDA TIRADENTES, 20 VILA TAVEIROPOLIS. 79090-000 Campo Grande - MS.;(67) 33141244;Estadual;Não Informado;Não;Sim;Escola sem matrícula de escolarização;;Atendimento Educacional Especializado;-204.666.996;-546.374.917;-204.666.996;-546.374.917;;;;
ESCOLA EM FUNCIONAMENTO E SEM RESTRIÇÃO DE ATENDIMENTO;ESCOLA PRIMEIRA INFANCIA;50033441;MS;Campo Grande;Urbana;A escola não está em área de localização diferenciada;Privada;AVENIDA SCHNOOR, 149 TIRADENTES. 79041-360 Campo Grande - MS.;(67) 33414653;Privada;Particular;Não;Sim;Até 50 matrículas de escolarização;Educação Infantil;;                              ;                              ;   .                           ;   .                           ;;;;
ESCOLA EM FUNCIONAMENTO E SEM RESTRIÇÃO DE ATENDIMENTO;COLEGIO BIONATUS-ENSINO FUNDAMENTAL;50033450;MS;Campo Grande;Urbana;A escola não está em área de localização diferenciada;Privada;RUA MANOEL SECCO TOME, 381 JARDIM DOS ESTADOS. 79020-020 Campo Grande - MS.;(67) 33218196;Privada;Particular;Não;Sim;Entre 51 e 200 matrículas de escolarização;Educação Infantil, Ensino Fundamental;;-2.045.531.384;-5.460.104.321;-2.045.531.384;-5.460.104.321;;;;
ESCOLA EM FUNCIONAMENTO E SEM RESTRIÇÃO DE ATENDIMENTO;CENTEC CURSOS TECNICOS LTDA-ME;50033484;MS;Campo Grande;Urbana;A escola não está em área de localização diferenciada;Privada;RUA JERIBA, 653 CHACARA CACHOEIRA. 79040-120 Campo Grande - MS.;(67) 33455151;Privada;Particular;Não;Sim;Entre 51 e 200 matrículas de escolarização;Educação Profissional;;                              ;                              ;   .                           ;   .                           ;;;;
ESCOLA EM FUNCIONAMENTO E SEM RESTRIÇÃO DE ATENDIMENTO;CEMAR - CENTRO EDUCACIONAL MARECHAL RONDON;50033492;MS;Campo Grande;Urbana;A escola não está em área de localização diferenciada;Privada;RUA TORDESILHAS, 565 VILA SILVIA REGINA. 79103-491 Campo Grande - MS.;(67) 33055118;Privada;Particular;Não;Sim;Entre 51 e 200 matrículas de escolarização;Ensino Fundamental;;-204.465.222;-546.679.567;-204.465.222;-546.679.567;;;;
ESCOLA EM FUNCIONAMENTO E SEM RESTRIÇÃO DE ATENDIMENTO;ESCOLA MON PETIT KIDS - AJEL EDUCACIONAL - EPP;50033573;MS;Campo Grande;Urbana;A escola não está em área de localização diferenciada;Privada;RUA NORTELANDIA, 658 SANTA FE. 79021-280 Campo Grande - MS.;(67) 30440061;Privada;Particular;Não;Sim;Entre 51 e 200 matrículas de escolarização;Educação Infantil;;-204.527.969;-545.880.419;-204.527.969;-545.880.419;;;;
ESCOLA EM FUNCIONAMENTO E SEM RESTRIÇÃO DE ATENDIMENTO;COLEGIO REFFERENCIAL;50033611;MS;Campo Grande;Urbana;A escola não está em área de localização diferenciada;Privada;RUA DA IMPRENSA, 139 MONTE CASTELO. 79002-290 Campo Grande - MS.;(67) 30430109;Privada;Particular;Não;Sim;Entre 201 e 500 matrículas de escolarização;Ensino Fundamental, Ensino Médio;;-20.447.417;-546.173.896;-20.447.417;-546.173.896;;;;
ESCOLA EM FUNCIONAMENTO E SEM RESTRIÇÃO DE ATENDIMENTO;REDE DE ENSINO TECNICO CETEPS;50033638;MS;Campo Grande;Urbana;A escola não está em área de localização diferenciada;Privada;RUA PERNAMBUCO, 1332 MONTE CASTELO. 79002-907 Campo Grande - MS.;(67) 30253901;Privada;Particular;Não;Sim;Mais de 1000 matrículas de escolarização;Educação Profissional;;-204.549.292;-546.057.034;-204.549.292;-546.057.034;;;;
ESCOLA EM FUNCIONAMENTO E SEM RESTRIÇÃO DE ATENDIMENTO;MAPLE BEAR;50033743;MS;Campo Grande;Urbana;A escola não está em área de localização diferenciada;Privada;R. RODOLFO JOSE PINHO, 1386 JARDIM SAO BENTO. 79004-690 Campo Grande - MS.;(67) 992033762;Privada;Particular;Não;Sim;Entre 51 e 200 matrículas de escolarização;Educação Infantil;;-2.047.653;-545.960.421;-2.047.653;-545.960.421;;;;
ESCOLA EM FUNCIONAMENTO E SEM RESTRIÇÃO DE ATENDIMENTO;LE IRDAK;50033875;MS;Campo Grande;Urbana;A escola não está em área de localização diferenciada;Privada;RUA RAUL PIRES BARBOSA, 1583 CHACARA CACHOEIRA. 79040-150 Campo Grande - MS.;(67) 33410990;Privada;Particular;Não;Sim;Entre 51 e 200 matrículas de escolarização;Educação Infantil, Ensino Fundamental;Atividade Complementar;-204.629.268;-545.765.956;-204.629.268;-545.765.956;;;;
ESCOLA EM FUNCIONAMENTO E SEM RESTRIÇÃO DE ATENDIMENTO;CENTRO EDUCACIONAL JEAN PIAGET;50033883;MS;Campo Grande;Urbana;A escola não está em área de localização diferenciada;Privada;RUA MARCILIO DIAS, 74 VILA OLINDA. 79060-240 Campo Grande - MS.;(67) 30292670;Privada;Particular;Não;Sim;Até 50 matrículas de escolarização;Educação Infantil, Ensino Fundamental;;-2.049.546.948;-546.097.711;-2.049.546.948;-546.097.711;;;;
ESCOLA EM FUNCIONAMENTO E SEM RESTRIÇÃO DE ATENDIMENTO;INSTITUTO DE EDUCACAO COOPERAR LTDA;50033930;MS;Campo Grande;Urbana;A escola não está em área de localização diferenciada;Privada;RUA JOAO DE SOUZA, 146 VILA ALBUQUERQUE. 79070-302 Campo Grande - MS.;(67) 32534264;Privada;Particular;Não;Sim;Entre 51 e 200 matrículas de escolarização;Educação Infantil, Ensino Fundamental;;-20.504.778;-546.057.938;-20.504.778;-546.057.938;;;;
ESCOLA EM FUNCIONAMENTO E SEM RESTRIÇÃO DE ATENDIMENTO;EMEI PROF ELOY SOUZA DA COSTA;50033964;MS;Campo Grande;Urbana;A escola não está em área de localização diferenciada;Pública;RUA CABO VERDE, 900 JARDIM TIJUCA. 79094-570 Campo Grande - MS.;(67) 20204273;Municipal;Não Informado;Não;Sim;Entre 201 e 500 matrículas de escolarização;Educação Infantil;;-2.051.240.611;-546.621.174;-2.051.240.611;-546.621.174;;;;
ESCOLA EXCLUSIVA DE ATENDIMENTO EDUCACIONAL ESPECIALIZADO;CENTRO DE ATENDIMENTO EDUCACIONAL ESPECIALIZADO O CASULO;50033972;MS;Campo Grande;Urbana;A escola não está em área de localização diferenciada;Privada;RUA DO PORTO, 658 COOPHAVILA II. 79097-160 Campo Grande - MS.;(67) 30254547;Privada;Filantrópica;Sim;Sim;Escola sem matrícula de escolarização;;Atendimento Educacional Especializado;-205.365.073;-546.697.949;-205.365.073;-546.697.949;;;;
ESCOLA EM FUNCIONAMENTO E SEM RESTRIÇÃO DE ATENDIMENTO;ESCOLA SENAI DA CONSTRUCAO;50034022;MS;Campo Grande;Urbana;A escola não está em área de localização diferenciada;Privada;RUA RACHID NEDER, 1939 MONTE CASTELO. 79010-170 Campo Grande - MS.;(67) 33572000;Privada;Particular;Não;Sim;Entre 51 e 200 matrículas de escolarização;Educação Profissional;;                              ;                              ;   .                           ;   .                           ;;;;
ESCOLA EM FUNCIONAMENTO E SEM RESTRIÇÃO DE ATENDIMENTO;EM PROFESSORA MARIA REGINA DE VASCONCELOS GALVAO;50034030;MS;Campo Grande;Urbana;A escola não está em área de localização diferenciada;Pública;RUA JOSE PEDROSSIAN, 1270 PARQUE NOVO SECULO. 79072-618 Campo Grande - MS.;(67) 20204152;Municipal;Não Informado;Não;Sim;Mais de 1000 matrículas de escolarização;Educação Infantil, Ensino Fundamental, Educação de Jovens Adultos;Atendimento Educacional Especializado, Atividade Complementar;-2.055.737;-5.460.194.854;-2.055.737;-5.460.194.854;;;;
ESCOLA EM FUNCIONAMENTO E SEM RESTRIÇÃO DE ATENDIMENTO;ESCOLA CONQUISTA DE EDUCACAO INFANTIL E ENSINO FUNDAMENTAL EIRELE-ME;50034073;MS;Campo Grande;Urbana;A escola não está em área de localização diferenciada;Privada;AVENIDA SEGREDO, 279 CORONEL ANTONINO. 79013-080 Campo Grande - MS.;(67) 33495202;Privada;Particular;Não;Sim;Entre 51 e 200 matrículas de escolarização;Educação Infantil, Ensino Fundamental;;-204.224.523;-545.927.307;-204.224.523;-545.927.307;;;;
ESCOLA EM FUNCIONAMENTO E SEM RESTRIÇÃO DE ATENDIMENTO;ESCOLA AFETIVA;50034120;MS;Campo Grande;Urbana;A escola não está em área de localização diferenciada;Privada;RUA ACROPOLE, 160 LOTEAMENTO BOSQUE DA ESPERANCA. 79036-516 Campo Grande - MS.;(67) 30290626;Privada;Particular;Não;Sim;Entre 51 e 200 matrículas de escolarização;Educação Infantil, Ensino Fundamental;;-20.432.074;-545.681.753;-20.432.074;-545.681.753;;;;
ESCOLA EM FUNCIONAMENTO E SEM RESTRIÇÃO DE ATENDIMENTO;COLEGIO MASTER LTDA;50034197;MS;Campo Grande;Urbana;A escola não está em área de localização diferenciada;Privada;RUA JERIBA, 653 CHACARA CACHOEIRA. 79040-120 Campo Grande - MS.;(67) 33455151;Privada;Particular;Não;Sim;Entre 51 e 200 matrículas de escolarização;Ensino Médio;;-2.046.432.667;-5.458.406.667;-2.046.432.667;-5.458.406.667;;;;
ESCOLA EM FUNCIONAMENTO E SEM RESTRIÇÃO DE ATENDIMENTO;ESCOLA DE EDUCACAO FUNDAMENTAL ALFA LTDA -ME;50034219;MS;Campo Grande;Urbana;A escola não está em área de localização diferenciada;Privada;RUA JERIBA, 653 CHACARA CACHOEIRA. 79040-120 Campo Grande - MS.;(67) 33455151;Privada;Particular;Não;Sim;Entre 201 e 500 matrículas de escolarização;Ensino Fundamental;;-2.046.487.167;-5.458.398;-2.046.487.167;-5.458.398;;;;
ESCOLA EM FUNCIONAMENTO E SEM RESTRIÇÃO DE ATENDIMENTO;ESCOLA DE EDUCACAO FUNDAMENTAL BETA LTDA -ME;50034227;MS;Campo Grande;Urbana;A escola não está em área de localização diferenciada;Privada;RUA JERIBA, 653 CHACARA CACHOEIRA. 79040-120 Campo Grande - MS.;(67) 33455151;Privada;Particular;Não;Sim;Entre 201 e 500 matrículas de escolarização;Ensino Fundamental;;-2.046.361.667;-5.458.522.667;-2.046.361.667;-5.458.522.667;;;;
ESCOLA EM FUNCIONAMENTO E SEM RESTRIÇÃO DE ATENDIMENTO;BERCARIO PAULO FREIRE;50034286;MS;Campo Grande;Urbana;A escola não está em área de localização diferenciada;Privada;RUA DOUTOR ZERBINI, 933 CHACARA CACHOEIRA. 79040-040 Campo Grande - MS.;(67) 32538846;Privada;Particular;Não;Sim;Entre 51 e 200 matrículas de escolarização;Educação Infantil;;                              ;                              ;   .                           ;   .                           ;;;;
ESCOLA EM FUNCIONAMENTO E SEM RESTRIÇÃO DE ATENDIMENTO;EMEI PROF ELZA FRANCISCA DE SOUZA MACIEL;50034308;MS;Campo Grande;Urbana;A escola não está em área de localização diferenciada;Pública;RUA ADVENTOR DIVINO DE ALMEIDA, 1480 JARDIM NOROESTE. 79045-070 Campo Grande - MS.;(67) 20204280;Municipal;Não Informado;Não;Sim;Entre 201 e 500 matrículas de escolarização;Educação Infantil;;-2.045.299.833;-5.452.568.833;-2.045.299.833;-5.452.568.833;;;;
ESCOLA EM FUNCIONAMENTO E SEM RESTRIÇÃO DE ATENDIMENTO;CENTRO DE EDUCACAO PROFISSIONAL-SENAC TURISMO E GASTRONOMIA;50034383;MS;Campo Grande;Urbana;A escola não está em área de localização diferenciada;Privada;RUA ANTONIO MARIA COELHO, 3368 JARDIM DOS ESTADOS. 79002-221 Campo Grande - MS.;(67) 33126260;Privada;Particular;Não;Sim;Até 50 matrículas de escolarização;Educação Profissional;;                              ;                              ;   .                           ;   .                           ;;;;
ESCOLA EM FUNCIONAMENTO E SEM RESTRIÇÃO DE ATENDIMENTO;ESCOLA ABC JUNIOR;50034430;MS;Campo Grande;Urbana;A escola não está em área de localização diferenciada;Privada;RUA TRINDADE, 97 JARDIM PAULISTA. 79050-480 Campo Grande - MS.;(67) 33422058;Privada;Particular;Não;Sim;Entre 51 e 200 matrículas de escolarização;Educação Infantil;;                              ;                              ;   .                           ;   .                           ;;;;
ESCOLA EM FUNCIONAMENTO E SEM RESTRIÇÃO DE ATENDIMENTO;EMEI PROFESSORA EMY ISHIDA NASCIMENTO NOGUEIRA;50034448;MS;Campo Grande;Urbana;A escola não está em área de localização diferenciada;Pública;RUA ANTONIO MARIA COELHO, 4.333 SANTA FE. 79021-170 Campo Grande - MS.;(67) 20204401;Municipal;Não Informado;Não;Sim;Entre 51 e 200 matrículas de escolarização;Educação Infantil;;-2.045.233.918;-5.458.882.637;-2.045.233.918;-5.458.882.637;;;;
ESCOLA EM FUNCIONAMENTO E SEM RESTRIÇÃO DE ATENDIMENTO;CASA DE MARIA;50034472;MS;Campo Grande;Urbana;A escola não está em área de localização diferenciada;Privada;RUA TENESSE, 160 JARDIM PRESIDENTE. 79014-010 Campo Grande - MS.;(67) 992980511;Privada;Filantrópica;Sim;Sim;Entre 51 e 200 matrículas de escolarização;Educação Infantil;;-20.412.585;-5.459.182;-20.412.585;-5.459.182;;;;
ESCOLA EM FUNCIONAMENTO E SEM RESTRIÇÃO DE ATENDIMENTO;COLEGIO ALMIRANTE TAMANDARE - CCAT BABY;50034480;MS;Campo Grande;Urbana;A escola não está em área de localização diferenciada;Privada;AVENIDA MADRI, 259 VILA ALBA. 79100-430 Campo Grande - MS.;(67) 32534002;Privada;Particular;Não;Sim;Entre 201 e 500 matrículas de escolarização;Educação Infantil, Ensino Fundamental;;                              ;                              ;   .                           ;   .                           ;;;;
ESCOLA EM FUNCIONAMENTO E SEM RESTRIÇÃO DE ATENDIMENTO;CENTRO DE ESTUDOS ASES DA EDUCACAO LTDA;50034499;MS;Campo Grande;Urbana;A escola não está em área de localização diferenciada;Privada;RUA VINTE E CINCO DE DEZEMBRO, 1115 MONTE CASTELO. 79010-220 Campo Grande - MS.;(67) 33820317;Privada;Particular;Não;Sim;Entre 51 e 200 matrículas de escolarização;Ensino Fundamental;;                              ;                              ;   .                           ;   .                           ;;;;
ESCOLA EM FUNCIONAMENTO E SEM RESTRIÇÃO DE ATENDIMENTO;COLEGIO MON GEANT ENSINO FUNDAMENTAL I E II LTDA;50034537;MS;Campo Grande;Urbana;A escola não está em área de localização diferenciada;Privada;RUA NORTELANDIA, 658 SANTA FE. 79021-280 Campo Grande - MS.;(67) 30440061;Privada;Particular;Não;Sim;Entre 51 e 200 matrículas de escolarização;Ensino Fundamental;;                              ;                              ;   .                           ;   .                           ;;;;
ESCOLA EM FUNCIONAMENTO E SEM RESTRIÇÃO DE ATENDIMENTO;GEMS - CENTRO EDUCACIONAL MS LTDA - EDC - ESCOLA DE CURSOS;50034561;MS;Campo Grande;Urbana;A escola não está em área de localização diferenciada;Privada;AVENIDA GURY MARQUES, 4346 UNIVERSITARIO. 79112-342 Campo Grande - MS.;(67) 30560020;Privada;Particular;Não;Sim;Entre 201 e 500 matrículas de escolarização;Educação de Jovens Adultos;;-204.502.513;-5.465.151.709;-204.502.513;-5.465.151.709;;;;
ESCOLA EM FUNCIONAMENTO E SEM RESTRIÇÃO DE ATENDIMENTO;CENTRO DE EXCELENCIA EM BOVINOCULTURA DE CORTE;50034570;MS;Campo Grande;Urbana;A escola não está em área de localização diferenciada;Privada;AVENIDA RADIO MAIA, 830 EMBRAPA GADO DE CORT. VILA POPULAR. 79106-550 Campo Grande - MS.;(67) 933206919;Privada;Particular;Não;Sim;Mais de 1000 matrículas de escolarização;Educação Profissional;;                              ;                              ;   .                           ;   .                           ;;;;
ESCOLA EM FUNCIONAMENTO E SEM RESTRIÇÃO DE ATENDIMENTO;CENTRO ESTADUAL DE FORMACAO DE PROFESSORES INDIGENAS DE MS;50034600;MS;Campo Grande;Urbana;A escola não está em área de localização diferenciada;Pública;RUA TREZE DE MAIO, 1090 3º ANDAR - APTO 1. CENTRO. 79004-420 Campo Grande - MS.;(67) 33658397;Estadual;Não Informado;Não;Sim;Entre 51 e 200 matrículas de escolarização;Ensino Médio, Educação Profissional;;-204.753.243;-546.134.996;-204.753.243;-546.134.996;;;;
ESCOLA EM FUNCIONAMENTO E SEM RESTRIÇÃO DE ATENDIMENTO;ESCOLA ESTADUAL PROFESSOR ALBERTO ELPIDIO FERREIRA DIAS - PROFESSOR TITO;50034626;MS;Campo Grande;Urbana;A escola não está em área de localização diferenciada;Pública;RUA FARIDE GEORGE, 1344 JARDIM ANACHE. 79017-185 Campo Grande - MS.;(67) 991827892;Estadual;Não Informado;Não;Sim;Entre 201 e 500 matrículas de escolarização;Ensino Fundamental, Ensino Médio;Atividade Complementar;-2.037.337.912;-5.456.356.033;-2.037.337.912;-5.456.356.033;;;;
ESCOLA EM FUNCIONAMENTO E SEM RESTRIÇÃO DE ATENDIMENTO;EMEI PROFESSOR ALBERTO GUILHERME BATISTOTI;50034634;MS;Campo Grande;Urbana;A escola não está em área de localização diferenciada;Pública;RUA LUXEMBURGO, 2000 CENTRO. 79125-000 Campo Grande - MS.;(67) 20204402;Municipal;Não Informado;Não;Sim;Entre 51 e 200 matrículas de escolarização;Educação Infantil;;-2.098.545.287;-5.450.444.567;-2.098.545.287;-5.450.444.567;;;;
ESCOLA EM FUNCIONAMENTO E SEM RESTRIÇÃO DE ATENDIMENTO;EMEI ZARIFE MARTINS FRANCA;50034650;MS;Campo Grande;Urbana;A escola não está em área de localização diferenciada;Pública;RUA RENATO NASSER, 77 LOTEAMENTO VESPASIANO MARTINS. 79075-415 Campo Grande - MS.;(67) 20204403;Municipal;Não Informado;Não;Sim;Entre 201 e 500 matrículas de escolarização;Educação Infantil;;-2.055.253.814;-5.463.745.643;-2.055.253.814;-5.463.745.643;;;;
ESCOLA EM FUNCIONAMENTO E SEM RESTRIÇÃO DE ATENDIMENTO;COLEGIO PRIMAVERA;50034685;MS;Campo Grande;Urbana;A escola não está em área de localização diferenciada;Privada;RUA DA PRAIA, 836 COOPHAVILA II. 79097-070 Campo Grande - MS.;(67) 33735694;Privada;Particular;Não;Sim;Até 50 matrículas de escolarização;Educação Infantil;;                              ;                              ;   .                           ;   .                           ;;;;
ESCOLA EM FUNCIONAMENTO E SEM RESTRIÇÃO DE ATENDIMENTO;COLEGIO REINO CRESCER;50034812;MS;Campo Grande;Urbana;A escola não está em área de localização diferenciada;Privada;RUA FRANCISCO AGUIAR PIMENTA, 1223 UNIVERSITARIO. 79063-100 Campo Grande - MS.;(67) 30431143;Privada;Particular;Não;Sim;Até 50 matrículas de escolarização;Educação Infantil, Ensino Fundamental;;-205.270.375;-5.459.783.108;-205.270.375;-5.459.783.108;;;;
ESCOLA EM FUNCIONAMENTO E SEM RESTRIÇÃO DE ATENDIMENTO;COLEGIO HARMONIA - UNIDADE II;50034839;MS;Campo Grande;Urbana;A escola não está em área de localização diferenciada;Privada;RUA PIRAJU, 374 JARDIM NOVA ERA. 79003-180 Campo Grande - MS.;(67) 33416211;Privada;Particular;Não;Sim;Entre 201 e 500 matrículas de escolarização;Ensino Fundamental;;-204.730.466;-5.459.637.822;-204.730.466;-5.459.637.822;;;;
ESCOLA EM FUNCIONAMENTO E SEM RESTRIÇÃO DE ATENDIMENTO;INSTITUTO VIEIRA DE EDUCACAO LTDA;50034855;MS;Campo Grande;Urbana;A escola não está em área de localização diferenciada;Privada;AVENIDA PRIMEIRO DE MAIO, 84 JARDIM SAO BENTO. 79004-620 Campo Grande - MS.;(67) 30221205;Privada;Particular;Não;Sim;Entre 201 e 500 matrículas de escolarização;Educação Infantil, Ensino Fundamental;;                              ;                              ;   .                           ;   .                           ;;;;
ESCOLA EM FUNCIONAMENTO E SEM RESTRIÇÃO DE ATENDIMENTO;ESCOLA TOM DA VIDA EIRELLI;50034901;MS;Campo Grande;Urbana;A escola não está em área de localização diferenciada;Privada;RUA QUINTINO BOCAIUVA, 1175 JARDIM PAULISTA. 79050-112 Campo Grande - MS.;(67) 33063003;Privada;Particular;Não;Sim;Entre 51 e 200 matrículas de escolarização;Educação Infantil, Ensino Fundamental;;                              ;                              ;   .                           ;   .                           ;;;;
ESCOLA EM FUNCIONAMENTO E SEM RESTRIÇÃO DE ATENDIMENTO;GRUPO EDUCACIONAL ATOS;50035010;MS;Campo Grande;Urbana;A escola não está em área de localização diferenciada;Privada;AVENIDA MINISTRO JOAO ARINOS, 4136 TIRADENTES. 79041-005 Campo Grande - MS.;(67) 33429000;Privada;Particular;Não;Sim;Entre 201 e 500 matrículas de escolarização;Educação Infantil, Ensino Fundamental;;-204.677.547;-5.457.652.025;-204.677.547;-5.457.652.025;;;;
ESCOLA EM FUNCIONAMENTO E SEM RESTRIÇÃO DE ATENDIMENTO;COLEGIO NOSSA SENHORA DAS GRACAS;50035037;MS;Campo Grande;Urbana;A escola não está em área de localização diferenciada;Privada;RUA DOUTOR FERREIRA DE ANDRADE, 1598 CORONEL ANTONINO. 79010-260 Campo Grande - MS.;(67) 996033232;Privada;Particular;Não;Sim;Entre 201 e 500 matrículas de escolarização;Educação Infantil, Ensino Fundamental, Ensino Médio;;                              ;                              ;   .                           ;   .                           ;;;;
ESCOLA EM FUNCIONAMENTO E SEM RESTRIÇÃO DE ATENDIMENTO;ESCOLA PARTICULAR SONHO MEU;50035070;MS;Campo Grande;Urbana;A escola não está em área de localização diferenciada;Privada;RUA JARDIM SILVEIRA, 595 JARDIM BONANCA. 79092-151 Campo Grande - MS.;(67) 33805181;Privada;Particular;Não;Sim;Entre 51 e 200 matrículas de escolarização;Educação Infantil, Ensino Fundamental;;                              ;                              ;   .                           ;   .                           ;;;;
ESCOLA EM FUNCIONAMENTO E SEM RESTRIÇÃO DE ATENDIMENTO;COLEGIO MAESTRIA - ENEM E VESTIBULARES;50035088;MS;Campo Grande;Urbana;A escola não está em área de localização diferenciada;Privada;RUA CACONDE, 75 SANTA FE. 79021-050 Campo Grande - MS.;(67) 30565494;Privada;Particular;Não;Sim;Entre 201 e 500 matrículas de escolarização;Ensino Fundamental, Ensino Médio;;                              ;                              ;   .                           ;   .                           ;;;;
ESCOLA EM FUNCIONAMENTO E SEM RESTRIÇÃO DE ATENDIMENTO;COLEGIO CONSTRUINDO O FUTURO;50035126;MS;Campo Grande;Urbana;A escola não está em área de localização diferenciada;Privada;RUA DA PRAIA, 836 COOPHAVILA II. 79097-070 Campo Grande - MS.;(67) 33735694;Privada;Particular;Não;Sim;Até 50 matrículas de escolarização;Ensino Fundamental;;                              ;                              ;   .                           ;   .                           ;;;;
ESCOLA EM FUNCIONAMENTO E SEM RESTRIÇÃO DE ATENDIMENTO;COLEGIO SIGMA BERCARIO E EDUCACAO INFANTIL LTDA;50035134;MS;Campo Grande;Urbana;A escola não está em área de localização diferenciada;Privada;RUA JULIO BARONE, 250 MONTE CASTELO. 79002-311 Campo Grande - MS.;(67) 32010010;Privada;Particular;Não;Sim;Até 50 matrículas de escolarização;Educação Infantil;;                              ;                              ;   .                           ;   .                           ;;;;
ESCOLA EM FUNCIONAMENTO E SEM RESTRIÇÃO DE ATENDIMENTO;CENTRO EDUCACIONAL ARTE DE ENSINAR;50035142;MS;Campo Grande;Urbana;A escola não está em área de localização diferenciada;Privada;AVENIDA DOUTOR GUNTER HANS, 4047 VILA SAO JORGE DA LAGOA. 79095-132 Campo Grande - MS.;(67) 991295318;Privada;Particular;Não;Sim;Entre 51 e 200 matrículas de escolarização;Educação Infantil, Ensino Fundamental;;                              ;                              ;   .                           ;   .                           ;;;;
ESCOLA EM FUNCIONAMENTO E SEM RESTRIÇÃO DE ATENDIMENTO;EMEI PROFª LUZINETE CEZAR GONCALVES;50035150;MS;Campo Grande;Urbana;A escola não está em área de localização diferenciada;Pública;RUA CORONEL ZELITO ALVES RIBEIRO, 270 JARDIM DO ZE PEREIRA. 79107-340 Campo Grande - MS.;(67) 20204405;Municipal;Não Informado;Não;Sim;Entre 201 e 500 matrículas de escolarização;Educação Infantil;;                              ;                              ;   .                           ;   .                           ;;;;
ESCOLA EM FUNCIONAMENTO E SEM RESTRIÇÃO DE ATENDIMENTO;EMEI PROFª IRACEMA DA CUNHA BARRETO;50035266;MS;Campo Grande;Urbana;A escola não está em área de localização diferenciada;Pública;RUA DONA JULIA SERRA, 427 VILA NASSER. 79117-234 Campo Grande - MS.;(67) 20204409;Municipal;Não Informado;Não;Sim;Entre 201 e 500 matrículas de escolarização;Educação Infantil;;-2.041.308.844;-5.462.954.603;-2.041.308.844;-5.462.954.603;;;;
ESCOLA EM FUNCIONAMENTO E SEM RESTRIÇÃO DE ATENDIMENTO;EM PROFª AGLAIR MARIA ALVES;50035274;MS;Campo Grande;Urbana;A escola não está em área de localização diferenciada;Pública;RUA DA ILHA, 826 COOPHAVILA II. 79097-030 Campo Grande - MS.;(67) 20204184;Municipal;Não Informado;Não;Sim;Entre 501 e 1000 matrículas de escolarização;Educação Infantil, Ensino Fundamental;Atendimento Educacional Especializado, Atividade Complementar;                              ;                              ;   .                           ;   .                           ;;;;
ESCOLA EM FUNCIONAMENTO E SEM RESTRIÇÃO DE ATENDIMENTO;COLEGIO ADVENTISTA VILAS BOAS;50035320;MS;Campo Grande;Urbana;A escola não está em área de localização diferenciada;Privada;RUA GIOCONDO ORSI, 848 VILA VILAS BOAS. 79050-270 Campo Grande - MS.;(67) 33048330;Privada;Particular;Não;Sim;Entre 501 e 1000 matrículas de escolarização;Educação Infantil, Ensino Fundamental;;-2.048.607.914;-545.984.219;-2.048.607.914;-545.984.219;;;;
ESCOLA EM FUNCIONAMENTO E SEM RESTRIÇÃO DE ATENDIMENTO;COLEGIO DE EDUCACAO INFANTIL MONTEIRO LOBATO LTDA;50035371;MS;Campo Grande;Urbana;A escola não está em área de localização diferenciada;Privada;AVENIDA BOM PASTOR, 999 VILA VILAS BOAS. 79051-220 Campo Grande - MS.;(67) 993631332;Privada;Particular;Não;Sim;Até 50 matrículas de escolarização;Educação Infantil;;                              ;                              ;   .                           ;   .                           ;;;;
ESCOLA EM FUNCIONAMENTO E SEM RESTRIÇÃO DE ATENDIMENTO;CRECHE NOSSA SENHORA AUXILIADORA - UNIDADE II;50035428;MS;Campo Grande;Urbana;A escola não está em área de localização diferenciada;Privada;RUA SAO PAULO, 1190 VILA CELIA. 79010-050 Campo Grande - MS.;(67) 996498410;Privada;Filantrópica;Sim;Sim;Entre 51 e 200 matrículas de escolarização;Educação Infantil;;                              ;                              ;   .                           ;   .                           ;;;;
ESCOLA ATENDE EXCLUSIVAMENTE ALUNOS COM DEFICIÊNCIA;ESCOLA ESPECIAL O CASULO;50035452;MS;Campo Grande;Urbana;A escola não está em área de localização diferenciada;Privada;RUA DO PORTO, 658 COOPHAVILA II. 79097-160 Campo Grande - MS.;(67) 33613960;Privada;Filantrópica;Sim;Sim;Entre 51 e 200 matrículas de escolarização;Educação de Jovens Adultos;Atividade Complementar;                              ;                              ;   .                           ;   .                           ;;;;
ESCOLA EM FUNCIONAMENTO E SEM RESTRIÇÃO DE ATENDIMENTO;COLEGIO FENNIX BABY;50035460;MS;Campo Grande;Urbana;A escola não está em área de localização diferenciada;Privada;RUA ESPIRITO SANTO, 1611 VILA GOMES. 79022-330 Campo Grande - MS.;(67) 33242025;Privada;Particular;Não;Sim;Até 50 matrículas de escolarização;Educação Infantil;;                              ;                              ;   .                           ;   .                           ;;;;
ESCOLA EM FUNCIONAMENTO E SEM RESTRIÇÃO DE ATENDIMENTO;COLEGIO STATUS - UNIDADE 3;50035509;MS;Campo Grande;Urbana;A escola não está em área de localização diferenciada;Privada;RUA VITORIO ZEOLLA, 1355 CARANDA BOSQUE. 79032-360 Campo Grande - MS.;(67) 32110008;Privada;Particular;Não;Sim;Entre 201 e 500 matrículas de escolarização;Educação Infantil, Ensino Fundamental;;                              ;                              ;   .                           ;   .                           ;;;;
ESCOLA EM FUNCIONAMENTO E SEM RESTRIÇÃO DE ATENDIMENTO;ESCOLA ESPLENDOR DO SABER;50035517;MS;Campo Grande;Urbana;A escola não está em área de localização diferenciada;Privada;RUA ROTTERDAN, 582 PARQUE RESIDENCIAL RITA VIEIRA. 79052-293 Campo Grande - MS.;(67) 992376411;Privada;Confessional;Não;Sim;Até 50 matrículas de escolarização;Ensino Fundamental;;                              ;                              ;   .                           ;   .                           ;;;;
ESCOLA EM FUNCIONAMENTO E SEM RESTRIÇÃO DE ATENDIMENTO;INSTY COLEGIO E CURSOS;50035576;MS;Campo Grande;Urbana;A escola não está em área de localização diferenciada;Privada;RUA BRASIL, 775 MONTE CASTELO. 79010-230 Campo Grande - MS.;(67) 33849044;Privada;Particular;Não;Sim;Até 50 matrículas de escolarização;Ensino Fundamental, Ensino Médio;;                              ;                              ;   .                           ;   .                           ;;;;
ESCOLA EXCLUSIVA DE ATIVIDADE COMPLEMENTAR;ASSOCIACAO SUL MATO GROSSENSE DE AMPARO A CRIANCA E AO ADOLESCENTE-ASSOMAT;50035649;MS;Campo Grande;Urbana;A escola não está em área de localização diferenciada;Privada;RUA PRESIDENTE NEREU, 685 JARDIM LEBLON. 79092-170 Campo Grande - MS.;(67) 996030234;Privada;Filantrópica;Não;Sim;Escola sem matrícula de escolarização;;Atividade Complementar;                              ;                              ;   .                           ;   .                           ;;;;
ESCOLA EM FUNCIONAMENTO E SEM RESTRIÇÃO DE ATENDIMENTO;NINHO JARDIM DE INFANCIA;50035673;MS;Campo Grande;Urbana;A escola não está em área de localização diferenciada;Privada;RUA CASEMIRO DE ABREU, 416 JARDIM SAO BENTO. 79004-190 Campo Grande - MS.;(67) 35067778;Privada;Particular;Não;Sim;Entre 51 e 200 matrículas de escolarização;Educação Infantil;;                              ;                              ;   .                           ;   .                           ;;;;
ESCOLA EM FUNCIONAMENTO E SEM RESTRIÇÃO DE ATENDIMENTO;COLEGIO EVORA;50035690;MS;Campo Grande;Urbana;A escola não está em área de localização diferenciada;Privada;RUA TREZE DE JUNHO, 1882 MONTE CASTELO. 79010-200 Campo Grande - MS.;(67) 991063609;Privada;Particular;Não;Sim;Até 50 matrículas de escolarização;Ensino Médio;;-2.044.922.728;-5.460.920.059;-2.044.922.728;-5.460.920.059;;;;
ESCOLA EM FUNCIONAMENTO E SEM RESTRIÇÃO DE ATENDIMENTO;COLEGIO STATUS - UNIDADE II;50035703;MS;Campo Grande;Urbana;A escola não está em área de localização diferenciada;Privada;RUA PEDRO DAVID MEDEIROS, 211 JARDIM PAULISTA. 79050-280 Campo Grande - MS.;(67) 30252010;Privada;Particular;Não;Sim;Entre 51 e 200 matrículas de escolarização;Ensino Médio;;                              ;                              ;   .                           ;   .                           ;;;;
ESCOLA EXCLUSIVA DE ATENDIMENTO EDUCACIONAL ESPECIALIZADO;ESCOLA INTEGRADA HORIZONTE - CAEEH;50035720;MS;Campo Grande;Urbana;A escola não está em área de localização diferenciada;Privada;TRAVESSA FILOMENA ALEXANDRE GONCALVES, 177 LAR DO TRABALHADOR. SOBRINHO. 79110-510 Campo Grande - MS.;(67) 991329920;Privada;Filantrópica;Sim;Sim;Escola sem matrícula de escolarização;;Atendimento Educacional Especializado;                              ;                              ;   .                           ;   .                           ;;;;
ESCOLA EM FUNCIONAMENTO E SEM RESTRIÇÃO DE ATENDIMENTO;CEI - CLAUDETE DE OLIVEIRA DA VERA CRUZ;50035738;MS;Campo Grande;Urbana;A escola não está em área de localização diferenciada;Privada;RODOVIA MS-080, KM 10, S/N CONJUNTO JOSE ABRAO. 79114-901 Campo Grande - MS.;(67) 33680192;Privada;Particular;Não;Sim;Entre 51 e 200 matrículas de escolarização;Educação Infantil;;                              ;                              ;   .                           ;   .                           ;;;;
ESCOLA EM FUNCIONAMENTO E SEM RESTRIÇÃO DE ATENDIMENTO;ESCOLA MATER CARMELI;50035746;MS;Campo Grande;Urbana;A escola não está em área de localização diferenciada;Privada;RUA AUGUSTO SEVERO, 84 VILA PLANALTO. 79009-480 Campo Grande - MS.;(67) 999738737;Privada;Confessional;Não;Sim;Entre 51 e 200 matrículas de escolarização;Educação Infantil, Ensino Fundamental;;                              ;                              ;   .                           ;   .                           ;;;;
ESCOLA ATENDE EXCLUSIVAMENTE ALUNOS COM DEFICIÊNCIA;ESCOLA PROFª NAZARETH MENDES SILVA - EP NMS;50035754;MS;Campo Grande;Urbana;A escola não está em área de localização diferenciada;Privada;RUA VINTE E CINCO DE DEZEMBRO, 262 JARDIM DOS ESTADOS. 79002-504 Campo Grande - MS.;(67) 33250997;Privada;Filantrópica;Sim;Sim;Até 50 matrículas de escolarização;Educação de Jovens Adultos;;                              ;                              ;   .                           ;   .                           ;;;;
ESCOLA EXCLUSIVA DE ATENDIMENTO EDUCACIONAL ESPECIALIZADO;CENTRO DE ATENDIMENTO EDUCACIONAL ESPECIALIZADO MARCELO TAKAHASHI;50035770;MS;Campo Grande;Urbana;A escola não está em área de localização diferenciada;Privada;RUA GOMES FREIRE, 180 VILA SANTO AMARO. 79112-050 Campo Grande - MS.;(67) 33615235;Privada;Filantrópica;Sim;Sim;Escola sem matrícula de escolarização;;Atendimento Educacional Especializado;                              ;                              ;   .                           ;   .                           ;;;;
ESCOLA EM FUNCIONAMENTO E SEM RESTRIÇÃO DE ATENDIMENTO;ESCOLA SOMAE;50035797;MS;Campo Grande;Urbana;A escola não está em área de localização diferenciada;Privada;RUA ABRAO JULIO RAHE, 545 CENTRO. 79010-010 Campo Grande - MS.;(67) 33847909;Privada;Particular;Não;Sim;Até 50 matrículas de escolarização;Ensino Fundamental;;                              ;                              ;   .                           ;   .                           ;;;;
ESCOLA EM FUNCIONAMENTO E SEM RESTRIÇÃO DE ATENDIMENTO;CENTRO EDUCACIONAL MANOEL DE BARROS;50035800;MS;Campo Grande;Urbana;A escola não está em área de localização diferenciada;Privada;RUA CARDOSO DE ALMEIDA, 586 JARDIM SAO LOURENCO. 79041-300 Campo Grande - MS.;(67) 33416666;Privada;Particular;Não;Sim;Entre 51 e 200 matrículas de escolarização;Educação Infantil, Ensino Fundamental;;-204.764.531;-545.858.856;-204.764.531;-545.858.856;;;;
ESCOLA EM FUNCIONAMENTO E SEM RESTRIÇÃO DE ATENDIMENTO;ESCOLA MUNDO MAGICO UNIDADE II;50035827;MS;Campo Grande;Urbana;A escola não está em área de localização diferenciada;Privada;RUA SANTO AMARO, 385 VILA SANTO AMARO. 79112-100 Campo Grande - MS.;(67) 33255772;Privada;Particular;Não;Sim;Até 50 matrículas de escolarização;Educação Infantil;;                              ;                              ;   .                           ;   .                           ;;;;
ESCOLA EM FUNCIONAMENTO E SEM RESTRIÇÃO DE ATENDIMENTO;ESCOLA IMAGINAR UNIDADE I;50035843;MS;Campo Grande;Urbana;A escola não está em área de localização diferenciada;Privada;RUA GUARAPUAVA, 533 PANORAMA. 79044-630 Campo Grande - MS.;(67) 33440174;Privada;Particular;Não;Sim;Até 50 matrículas de escolarização;Educação Infantil, Ensino Fundamental;;                              ;                              ;   .                           ;   .                           ;;;;
ESCOLA EM FUNCIONAMENTO E SEM RESTRIÇÃO DE ATENDIMENTO;ESCOLA IMAGINAR UNIDADE II;50035851;MS;Campo Grande;Urbana;A escola não está em área de localização diferenciada;Privada;RUA PEDRO COUTINHO, 224 CENTRO. 79020-280 Campo Grande - MS.;(67) 32119004;Privada;Particular;Não;Sim;Até 50 matrículas de escolarização;Educação Infantil, Ensino Fundamental;;                              ;                              ;   .                           ;   .                           ;;;;
ESCOLA EM FUNCIONAMENTO E SEM RESTRIÇÃO DE ATENDIMENTO;ESCOLA IMAGINAR UNIDADE III;50035860;MS;Campo Grande;Urbana;A escola não está em área de localização diferenciada;Privada;RUA GERALDO AGOSTINHO RAMOS, 696 TV MORENA. 79050-080 Campo Grande - MS.;(67) 33440174;Privada;Particular;Não;Sim;Até 50 matrículas de escolarização;Educação Infantil, Ensino Fundamental;;                              ;                              ;   .                           ;   .                           ;;;;
ESCOLA EM FUNCIONAMENTO E SEM RESTRIÇÃO DE ATENDIMENTO;ESCOLA DE EDUCACAO INFANTIL E ENSINO FUNDAMENTAL NOVO FUTURO LTDA;50035959;MS;Campo Grande;Urbana;A escola não está em área de localização diferenciada;Privada;RUA MEDRADO, 433 JARDIM CENTRO OESTE. 79073-183 Campo Grande - MS.;(67) 993034631;Privada;Particular;Não;Sim;Entre 51 e 200 matrículas de escolarização;Educação Infantil;;                              ;                              ;   .                           ;   .                           ;;;;
ESCOLA EM FUNCIONAMENTO E SEM RESTRIÇÃO DE ATENDIMENTO;EMEI PROFª DULCE COUTRIM DE FREITAS;50035975;MS;Campo Grande;Urbana;A escola não está em área de localização diferenciada;Pública;RUA ATENAS, JARDIM INAPOLIS. 79108-303 Campo Grande - MS.;(67) 996003813;Municipal;Não Informado;Não;Em Tramitação;Entre 51 e 200 matrículas de escolarização;Educação Infantil;;                              ;                              ;   .                           ;   .                           ;;;;
ESCOLA EM FUNCIONAMENTO E SEM RESTRIÇÃO DE ATENDIMENTO;DESAFIO CENTRO EDUCACIONAL;50036009;MS;Campo Grande;Urbana;A escola não está em área de localização diferenciada;Privada;RUA GUIA LOPES, 363 AMAMBAI. 79005-330 Campo Grande - MS.;(67) 30284298;Privada;Particular;Não;Sim;Entre 51 e 200 matrículas de escolarização;Educação Infantil, Ensino Fundamental;;-2.047.031;-5.463.428;-2.047.031;-5.463.428;;;;
ESCOLA EM FUNCIONAMENTO E SEM RESTRIÇÃO DE ATENDIMENTO;COLEGIO STATUS - UNIDADE JARDIM DOS ESTADOS;50036033;MS;Campo Grande;Urbana;A escola não está em área de localização diferenciada;Privada;RUA EDUARDO SANTOS PEREIRA, 1850 MONTE CASTELO. 79010-030 Campo Grande - MS.;(67) 992615456;Privada;Particular;Não;Sim;Até 50 matrículas de escolarização;Educação Infantil, Ensino Fundamental;;                              ;                              ;   .                           ;   .                           ;;;;
ESCOLA EM FUNCIONAMENTO E SEM RESTRIÇÃO DE ATENDIMENTO;GAPPE ESCOLA DE EDUCACAO INFANTIL E ENSINO FUNDAMENTAL LTDA;50036050;MS;Campo Grande;Urbana;A escola não está em área de localização diferenciada;Privada;RUA VINTE E CINCO DE DEZEMBRO, 1107 MONTE CASTELO. 79010-220 Campo Grande - MS.;(67) 33820317;Privada;Particular;Não;Sim;Entre 51 e 200 matrículas de escolarização;Educação Infantil, Ensino Fundamental;;                              ;                              ;   .                           ;   .                           ;;;;
ESCOLA EM FUNCIONAMENTO E SEM RESTRIÇÃO DE ATENDIMENTO;MAPLE BEAR - UNIDADE II;50036068;MS;Campo Grande;Urbana;A escola não está em área de localização diferenciada;Privada;RUA DOUTOR ZERBINI, 600 CHACARA CACHOEIRA. 79040-040 Campo Grande - MS.;(67) 981590706;Privada;Particular;Não;Sim;Entre 201 e 500 matrículas de escolarização;Ensino Fundamental;;                              ;                              ;   .                           ;   .                           ;;;;
ESCOLA EM FUNCIONAMENTO E SEM RESTRIÇÃO DE ATENDIMENTO;ESCOLA COLO DE MAE;50036076;MS;Campo Grande;Urbana;A escola não está em área de localização diferenciada;Privada;RUA DOM AQUINO, 2231 CENTRO. 79002-183 Campo Grande - MS.;(67) 999053572;Privada;Particular;Não;Sim;Até 50 matrículas de escolarização;Ensino Fundamental;Atividade Complementar;                              ;                              ;   .                           ;   .                           ;;;;
ESCOLA EM FUNCIONAMENTO E SEM RESTRIÇÃO DE ATENDIMENTO;INSTITUTO DE EDUCACAO BOA NOVA;50036130;MS;Campo Grande;Urbana;A escola não está em área de localização diferenciada;Privada;RUA LINDOIA, 661 VILA MARLI. 79117-034 Campo Grande - MS.;(67) 32133711;Privada;Confessional;Não;Sim;Entre 51 e 200 matrículas de escolarização;Educação Infantil, Ensino Fundamental;;                              ;                              ;   .                           ;   .                           ;;;;
ESCOLA EM FUNCIONAMENTO E SEM RESTRIÇÃO DE ATENDIMENTO;GRAU TECNICO - CAMPO GRANDE CENTRO;50036157;MS;Campo Grande;Urbana;A escola não está em área de localização diferenciada;Privada;RUA QUATORZE DE JULHO, 2678 CENTRO. 79002-336 Campo Grande - MS.;(67) 32228140;Privada;Particular;Não;Sim;Até 50 matrículas de escolarização;Educação Profissional;;                              ;                              ;   .                           ;   .                           ;;;;
ESCOLA EM FUNCIONAMENTO E SEM RESTRIÇÃO DE ATENDIMENTO;ESCOLA AMARELINHA YELLOW - UNIDADE II;50036165;MS;Campo Grande;Urbana;A escola não está em área de localização diferenciada;Privada;RUA HUGO PEREIRA DO VALE, 267 MATA DO JACINTO. 79033-210 Campo Grande - MS.;(67) 33545566;Privada;Particular;Não;Em Tramitação;Entre 51 e 200 matrículas de escolarização;Ensino Fundamental;;                              ;                              ;   .                           ;   .                           ;;;;
ESCOLA EM FUNCIONAMENTO E SEM RESTRIÇÃO DE ATENDIMENTO;COLEGIO FUTURO LTDA;50036173;MS;Campo Grande;Urbana;A escola não está em área de localização diferenciada;Privada;RUA AURIVERDE, 7 TIRADENTES. 79042-830 Campo Grande - MS.;(67) 991077575;Privada;Particular;Não;Sim;Até 50 matrículas de escolarização;Educação Infantil, Ensino Fundamental;;                              ;                              ;   .                           ;   .                           ;;;;
ESCOLA EM FUNCIONAMENTO E SEM RESTRIÇÃO DE ATENDIMENTO;ESCOLA AGUAPE;50036181;MS;Campo Grande;Urbana;A escola não está em área de localização diferenciada;Privada;RUA GOIAS, 1565 JARDIM DOS ESTADOS. 79020-101 Campo Grande - MS.;(67) 992053309;Privada;Particular;Não;Sim;Até 50 matrículas de escolarização;Educação Infantil;;                              ;                              ;   .                           ;   .                           ;;;;
ESCOLA EM FUNCIONAMENTO E SEM RESTRIÇÃO DE ATENDIMENTO;ESCOLA CHEIRO DE ALECRIM;50036190;MS;Campo Grande;Urbana;A escola não está em área de localização diferenciada;Privada;RUA PERNAMBUCO, 1536 VILA GOMES. 79022-340 Campo Grande - MS.;(67) 30420070;Privada;Particular;Não;Sim;Entre 51 e 200 matrículas de escolarização;Educação Infantil, Ensino Fundamental;;                              ;                              ;   .                           ;   .                           ;;;;
ESCOLA EM FUNCIONAMENTO E SEM RESTRIÇÃO DE ATENDIMENTO;EDUCANDARIO ESPIRITA BLAISE PASCAL;50038206;MS;Campo Grande;Urbana;A escola não está em área de localização diferenciada;Privada;AVENIDA ENGENHEIRO LUTHERO LOPES, 565 JAR HORTENCIAS III. CONJUNTO AERO RANCHO. 79084-180 Campo Grande - MS.;(67) 33810520;Privada;Filantrópica;Sim;Sim;Entre 51 e 200 matrículas de escolarização;Educação Infantil, Ensino Fundamental;Atividade Complementar;-205.140.945;-546.426.788;-205.140.945;-546.426.788;;;;
ESCOLA EM FUNCIONAMENTO E SEM RESTRIÇÃO DE ATENDIMENTO;ESCOLA ESPIRITA ANALIA FRANCO;50038400;MS;Campo Grande;Urbana;A escola não está em área de localização diferenciada;Privada;RUA ALBERTO ALBERTINI, 394 MORADA DO SOL. 79073-210 Campo Grande - MS.;(67) 33970791;Privada;Filantrópica;Sim;Sim;Entre 51 e 200 matrículas de escolarização;Educação Infantil;;-20.546;-54.634;-20.546;-54.634;;;;
ESCOLA EM FUNCIONAMENTO E SEM RESTRIÇÃO DE ATENDIMENTO;CRECHE NOSSA SENHORA AUXILIADORA - UNIDADE I;50038605;MS;Campo Grande;Urbana;A escola não está em área de localização diferenciada;Privada;RUA SAO PAULO, 1253 VILA CELIA. 79010-050 Campo Grande - MS.;(67) 996498410;Privada;Filantrópica;Sim;Sim;Até 50 matrículas de escolarização;Educação Infantil;;-204.472;-5.460.202;-204.472;-5.460.202;;;;
ESCOLA EM FUNCIONAMENTO E SEM RESTRIÇÃO DE ATENDIMENTO;EMEI RAMZA BEDOGLIN DOMINGOS;50041207;MS;Campo Grande;Urbana;A escola não está em área de localização diferenciada;Pública;RUA LUCIA DOS SANTOS, S/N DOM ANTONIO BARBOSA. 79075-104 Campo Grande - MS.;(67) 20204282;Municipal;Não Informado;Não;Sim;Entre 201 e 500 matrículas de escolarização;Educação Infantil;;-205.513.941;-546.461.157;-205.513.941;-546.461.157;;;;
ESCOLA EM FUNCIONAMENTO E SEM RESTRIÇÃO DE ATENDIMENTO;EMEI MARIA OLIVEIRA LIMA;50041215;MS;Campo Grande;Urbana;A escola não está em área de localização diferenciada;Pública;RUA BARUERI, S/N ESQUINA COM ARACATI. MORENINHA I. 79065-190 Campo Grande - MS.;(67) 20204252;Municipal;Não Informado;Não;Sim;Entre 201 e 500 matrículas de escolarização;Educação Infantil;;-205.483.963;-545.735.744;-205.483.963;-545.735.744;;;;
ESCOLA EM FUNCIONAMENTO E SEM RESTRIÇÃO DE ATENDIMENTO;EMEI PROFª AYD CAMARGO CESAR;50041401;MS;Campo Grande;Urbana;A escola não está em área de localização diferenciada;Pública;RUA EVELINA FIGUEIREDO SELINGARDI, 1488 PARQUE DO LAGEADO. 79075-015 Campo Grande - MS.;(67) 20204278;Municipal;Não Informado;Não;Sim;Entre 201 e 500 matrículas de escolarização;Educação Infantil;;-205.595.042;-546.495.949;-205.595.042;-546.495.949;;;;
ESCOLA EM FUNCIONAMENTO E SEM RESTRIÇÃO DE ATENDIMENTO;EMEI LAFAYETE CAMARA DE OLIVEIRA;50041606;MS;Campo Grande;Urbana;A escola não está em área de localização diferenciada;Pública;RUA TERCILIA DE MELO, S/N VILA MANOEL TAVEIRA. 79115-470 Campo Grande - MS.;(67) 20204239;Municipal;Não Informado;Não;Sim;Entre 201 e 500 matrículas de escolarização;Educação Infantil;;-2.042.659.246;-5.465.105.155;-2.042.659.246;-5.465.105.155;;;;
ESCOLA EM FUNCIONAMENTO E SEM RESTRIÇÃO DE ATENDIMENTO;EMEI MARIA CARLOTA TIBAU DE VASCONCELOS;50041800;MS;Campo Grande;Urbana;A escola não está em área de localização diferenciada;Pública;RUA CATIGUA, 1579 PAULO COELHO MACHADO. 79072-269 Campo Grande - MS.;(67) 20204247;Municipal;Não Informado;Não;Sim;Entre 201 e 500 matrículas de escolarização;Educação Infantil;;-2.055.220.283;-5.460.608.067;-2.055.220.283;-5.460.608.067;;;;
ESCOLA EM FUNCIONAMENTO E SEM RESTRIÇÃO DE ATENDIMENTO;ESCOLA CRISTA ESTACAO CRIANCA;50042807;MS;Campo Grande;Urbana;A escola não está em área de localização diferenciada;Privada;RUA MARANHAO, 79 VILA RICA. 79022-560 Campo Grande - MS.;(67) 30422900;Privada;Particular;Não;Sim;Entre 51 e 200 matrículas de escolarização;Educação Infantil, Ensino Fundamental;;-2.044.103;-5.460.313;-2.044.103;-5.460.313;;;;
ESCOLA EM FUNCIONAMENTO E SEM RESTRIÇÃO DE ATENDIMENTO;COLEGIO DE ENSINO FUNDAMENTAL NOVA GERACAO;50051806;MS;Campo Grande;Urbana;A escola não está em área de localização diferenciada;Privada;RUA ALBERT SABIN, 885 VILA TAVEIROPOLIS. 79090-160 Campo Grande - MS.;(67) 33311591;Privada;Particular;Não;Sim;Entre 501 e 1000 matrículas de escolarização;Ensino Fundamental;;-2.047.532;-5.464.464;-2.047.532;-5.464.464;;;;
ESCOLA EM FUNCIONAMENTO E SEM RESTRIÇÃO DE ATENDIMENTO;EMEI REGINA VITORAZZI SEBBEN;50059866;MS;Campo Grande;Urbana;A escola não está em área de localização diferenciada;Pública;RUA ZULMIRA BORBA, 2044 CONJUNTO OSCAR SALAZAR. 79017-043 Campo Grande - MS.;(67) 20204283;Municipal;Não Informado;Não;Sim;Entre 201 e 500 matrículas de escolarização;Educação Infantil;;-2.038.700.323;-5.457.824.386;-2.038.700.323;-5.457.824.386;;;;
ESCOLA EM FUNCIONAMENTO E SEM RESTRIÇÃO DE ATENDIMENTO;EMEI PROF EDISON DA SILVA;50059874;MS;Campo Grande;Urbana;A escola não está em área de localização diferenciada;Pública;RUA ANA LUIZA DE SOUZA, 2414 UNIVERSITARIO. 79070-140 Campo Grande - MS.;(67) 20204272;Municipal;Não Informado;Não;Sim;Entre 201 e 500 matrículas de escolarização;Educação Infantil;;-2.052.355.062;-5.462.444.321;-2.052.355.062;-5.462.444.321;;;;
ESCOLA EM FUNCIONAMENTO E SEM RESTRIÇÃO DE ATENDIMENTO;EMEI SANDRA MARA GOBBO;50059882;MS;Campo Grande;Urbana;A escola não está em área de localização diferenciada;Pública;RUA FRANCISCO ANTONIO DE SOUZA, S/N PORTAL CAIOBA II. 79096-701 Campo Grande - MS.;(67) 20204284;Municipal;Não Informado;Não;Sim;Entre 201 e 500 matrículas de escolarização;Educação Infantil;;-20.517.475;-546.866.653;-20.517.475;-546.866.653;;;;
ESCOLA EM FUNCIONAMENTO E SEM RESTRIÇÃO DE ATENDIMENTO;EM PROFESSORA ANA LUCIA DE OLIVEIRA BATISTA;50059890;MS;Campo Grande;Urbana;A escola não está em área de localização diferenciada;Pública;RUA PERCILIANA BARBOSA FERREIRA, 540 JARDIM PAULO COELHO MACHADO. 79072-430 Campo Grande - MS.;(67) 20204123;Municipal;Não Informado;Não;Sim;Entre 501 e 1000 matrículas de escolarização;Educação Infantil, Ensino Fundamental;Atendimento Educacional Especializado, Atividade Complementar;-205.515.386;-54.604.824;-205.515.386;-54.604.824;;;;
ESCOLA EM FUNCIONAMENTO E SEM RESTRIÇÃO DE ATENDIMENTO;EM PROFESSORA IRACEMA MARIA VICENTE;50059904;MS;Campo Grande;Urbana;A escola não está em área de localização diferenciada;Pública;RUA ROTTERDAN, 2053 PARQUE RESIDENCIAL RITA VIEIRA. 79052-293 Campo Grande - MS.;(67) 20204145;Municipal;Não Informado;Não;Sim;Entre 501 e 1000 matrículas de escolarização;Educação Infantil, Ensino Fundamental;Atendimento Educacional Especializado, Atividade Complementar;-2.049.841.196;-5.457.044.849;-2.049.841.196;-5.457.044.849;;;;
ESCOLA EM FUNCIONAMENTO E SEM RESTRIÇÃO DE ATENDIMENTO;EMEI CARLOS NEI DA SILVA;50059912;MS;Campo Grande;Urbana;A escola não está em área de localização diferenciada;Pública;RUA JOAO KUSSAREV, S/N Q 04 L 01. JARDIM ARCO IRIS. 79036-564 Campo Grande - MS.;(67) 20204210;Municipal;Não Informado;Não;Sim;Entre 51 e 200 matrículas de escolarização;Educação Infantil;;-2.042.695.833;-5.454.861.667;-2.042.695.833;-5.454.861.667;;;;
ESCOLA EM FUNCIONAMENTO E SEM RESTRIÇÃO DE ATENDIMENTO;NOVAESCOLA;50060015;MS;Campo Grande;Urbana;A escola não está em área de localização diferenciada;Privada;RUA RIO GRANDE DO SUL, 665 JARDIM DOS ESTADOS. 79020-010 Campo Grande - MS.;(67) 30297166;Privada;Particular;Não;Sim;Entre 51 e 200 matrículas de escolarização;Ensino Médio;;-204.595.557;-546.013.376;-204.595.557;-546.013.376;;;;
ESCOLA EM FUNCIONAMENTO E SEM RESTRIÇÃO DE ATENDIMENTO;CENTRO DE EDUCACAO INFANTIL RISCOS E RABISCOS;50060821;MS;Campo Grande;Urbana;A escola não está em área de localização diferenciada;Privada;RUA ROBERT BADEN POWELL, 182 RESIDENCIAL ANA MARIA DO COUTO. 79103-610 Campo Grande - MS.;(67) 33913795;Privada;Particular;Não;Sim;Entre 51 e 200 matrículas de escolarização;Educação Infantil, Ensino Fundamental;;-2.044.534;-5.467.353;-2.044.534;-5.467.353;;;;
ESCOLA EM FUNCIONAMENTO E SEM RESTRIÇÃO DE ATENDIMENTO;ESCOLA PADRAO LTDA;50070800;MS;Campo Grande;Urbana;A escola não está em área de localização diferenciada;Privada;RUA JOAQUIM MURTINHO, 2293 VILA MIGUEL COUTO. 79003-020 Campo Grande - MS.;(67) 30261665;Privada;Particular;Não;Sim;Mais de 1000 matrículas de escolarização;Educação Profissional, Educação de Jovens Adultos;;-204.675.659;-54.591.095;-204.675.659;-54.591.095;;;;
ESCOLA EM FUNCIONAMENTO E SEM RESTRIÇÃO DE ATENDIMENTO;ESCOLA CRIATIVIDADE;50072803;MS;Campo Grande;Urbana;A escola não está em área de localização diferenciada;Privada;RUA PIRATININGA, 317 JARDIM DOS ESTADOS. 79002-550 Campo Grande - MS.;(67) 33213000;Privada;Particular;Não;Sim;Entre 51 e 200 matrículas de escolarização;Educação Infantil, Ensino Fundamental;;-2.045.778;-5.460.116;-2.045.778;-5.460.116;;;;
ESCOLA EM FUNCIONAMENTO E SEM RESTRIÇÃO DE ATENDIMENTO;EM JOSE MAURO MESSIAS DA SILVA - POETA DAS MORENINHAS;50072846;MS;Campo Grande;Urbana;A escola não está em área de localização diferenciada;Pública;RUA IVO OSMAN MIRANDA, 281 VILA MORENINHA IV. 79065-493 Campo Grande - MS.;(67) 20204055;Municipal;Não Informado;Não;Sim;Mais de 1000 matrículas de escolarização;Ensino Fundamental, Educação de Jovens Adultos;Atendimento Educacional Especializado, Atividade Complementar;-2.055.968;-545.692.436;-2.055.968;-545.692.436;;;;
ESCOLA EM FUNCIONAMENTO E SEM RESTRIÇÃO DE ATENDIMENTO;EM SENADOR RACHID SALDANHA DERZI;50072862;MS;Campo Grande;Urbana;A escola não está em área de localização diferenciada;Pública;RUA DOIS IRMAOS, 1661 JARDIM NOROESTE. 79045-390 Campo Grande - MS.;(67) 20204164;Municipal;Não Informado;Não;Sim;Mais de 1000 matrículas de escolarização;Educação Infantil, Ensino Fundamental;Atendimento Educacional Especializado, Atividade Complementar;-2.045.048.566;-5.453.255.827;-2.045.048.566;-5.453.255.827;;;;
ESCOLA EM FUNCIONAMENTO E SEM RESTRIÇÃO DE ATENDIMENTO;EM OSVALDO CRUZ;50072927;MS;Campo Grande;Urbana;A escola não está em área de localização diferenciada;Pública;RUA YOKOAMA, 146 VILA PALMIRA. 79112-260 Campo Grande - MS.;(67) 20204070;Municipal;Não Informado;Não;Sim;Entre 201 e 500 matrículas de escolarização;Educação de Jovens Adultos;;-2.044.483.977;-5.465.982.086;-2.044.483.977;-5.465.982.086;;;;
ESCOLA EM FUNCIONAMENTO E SEM RESTRIÇÃO DE ATENDIMENTO;EMEI CONSTANCA CORREA DE ALMEIDA SERRA;50076817;MS;Campo Grande;Urbana;A escola não está em área de localização diferenciada;Pública;TRAVESSA EDMUNDO DA SILVA, 67 DALVA DE OLIVEIRA. 79041-121 Campo Grande - MS.;(67) 20204216;Municipal;Não Informado;Não;Sim;Entre 201 e 500 matrículas de escolarização;Educação Infantil;;-204.693.602;-545.683.322;-204.693.602;-545.683.322;;;;
ESCOLA EM FUNCIONAMENTO E SEM RESTRIÇÃO DE ATENDIMENTO;EMEI PROFª ADELIA LEITE KRAWIEC;50077805;MS;Campo Grande;Urbana;A escola não está em área de localização diferenciada;Pública;RUA SANTA MONICA, 1698 VILA COX. VILA SANTA LUZIA. 79116-502 Campo Grande - MS.;(67) 20204276;Municipal;Não Informado;Não;Sim;Entre 201 e 500 matrículas de escolarização;Educação Infantil;;-2.041.175.158;-5.464.403.744;-2.041.175.158;-5.464.403.744;;;;
ESCOLA EM FUNCIONAMENTO E SEM RESTRIÇÃO DE ATENDIMENTO;EMEI PROFª ADRIANA NOGUEIRA BORGES;50077813;MS;Campo Grande;Urbana;A escola não está em área de localização diferenciada;Pública;RUA JOAO MARCONDES, 307 JARDIM PRESIDENTE. 79015-320 Campo Grande - MS.;(67) 20204277;Municipal;Não Informado;Não;Sim;Entre 201 e 500 matrículas de escolarização;Educação Infantil;;-2.040.068.115;-545.865.767;-2.040.068.115;-545.865.767;;;;
ESCOLA EM FUNCIONAMENTO E SEM RESTRIÇÃO DE ATENDIMENTO;IFMS - CAMPUS CAMPO GRANDE;50082825;MS;Campo Grande;Urbana;A escola não está em área de localização diferenciada;Pública;RUA TAQUARI, 831 SANTO ANTONIO. 79100-510 Campo Grande - MS.;(67) 33578501;Federal;Não Informado;Não;Sim;Mais de 1000 matrículas de escolarização;Ensino Médio, Educação Profissional, Educação de Jovens Adultos;;-2.045.797;-5.461.656;-2.045.797;-5.461.656;;;;
