{
"type": "FeatureCollection",
"name": "07_ESCOLAS_MBH",
"crs": { "type": "name", "properties": { "name": "urn:ogc:def:crs:EPSG::4674" } },
"features": [
{ "type": "Feature", "properties": { "Restrição de Atendimento": "ESCOLA EM FUNCIONAMENTO E SEM RESTRIÇÃO DE ATENDIMENTO", "Nome": "ATIVA IDADE EDUCACAO INFANTIL E ENSINO FUNDAMENTAL", "Código INEP": 50005049, "UF": "MS", "Município": "Campo Grande", "Localização": "Urbana", "Localidade Diferenciada": "A escola não está em área de localização diferenciada", "Categoria Administrativa": "Privada", "Endereço": "RUA DOUTOR ZERBINI, 243 CHACARA CACHOEIRA. 79040-040 Campo Grande - MS.", "Telefone": "(67) 33269497", "Tipo": "Privada", "Categoria Escola Privada": "Particular", "Conveniada Poder Público": "Não", "Regulamentação pelo Conselho de Educação": "Sim", "Porte da Escola": "Entre 201 e 500 matrículas de escolarização", "Etapas e Modalidade de Ensino Oferecidas": "Educação Infantil, Ensino Fundamental", "Outras Ofertas Educacionais": null, "Latitude": "-2.045.936", "Longitude": "-5.458.425", "Lat tratada": -20.45936, "Long tratada": -54.58425, "field_22": null, "field_23": null, "field_24": "Estadual", "field_25": 83 }, "geometry": { "type": "Point", "coordinates": [ -54.58425, -20.45936 ] } },
{ "type": "Feature", "properties": { "Restrição de Atendimento": "ESCOLA EM FUNCIONAMENTO E SEM RESTRIÇÃO DE ATENDIMENTO", "Nome": "CEINF - PARAISO DA CRIANCA E CE FENNIX", "Código INEP": 50005103, "UF": "MS", "Município": "Campo Grande", "Localização": "Urbana", "Localidade Diferenciada": "A escola não está em área de localização diferenciada", "Categoria Administrativa": "Privada", "Endereço": "RUA SAO MATEUS, 262 VILA NASSER. 79117-210 Campo Grande - MS.", "Telefone": "(67) 33650080", "Tipo": "Privada", "Categoria Escola Privada": "Particular", "Conveniada Poder Público": "Não", "Regulamentação pelo Conselho de Educação": "Sim", "Porte da Escola": "Entre 51 e 200 matrículas de escolarização", "Etapas e Modalidade de Ensino Oferecidas": "Educação Infantil, Ensino Fundamental", "Outras Ofertas Educacionais": null, "Latitude": "-2.041.617", "Longitude": "-546.348.233", "Lat tratada": -20.41617, "Long tratada": -54.6348233, "field_22": null, "field_23": null, "field_24": "Federal", "field_25": 2 }, "geometry": { "type": "Point", "coordinates": [ -54.6348233, -20.41617 ] } },
{ "type": "Feature", "properties": { "Restrição de Atendimento": "ESCOLA EXCLUSIVA DE ATENDIMENTO EDUCACIONAL ESPECIALIZADO", "Nome": "C EST ATEND AO DEF DA AUDIOCOMUNICACAO", "Código INEP": 50005111, "UF": "MS", "Município": "Campo Grande", "Localização": "Urbana", "Localidade Diferenciada": "A escola não está em área de localização diferenciada", "Categoria Administrativa": "Pública", "Endereço": "RUA ANTONIO DA SILVA VENDAS, 185 JARDIM BELA VISTA. 79003-250 Campo Grande - MS.", "Telefone": "(67) 33141289", "Tipo": "Estadual", "Categoria Escola Privada": "Não Informado", "Conveniada Poder Público": "Não", "Regulamentação pelo Conselho de Educação": "Sim", "Porte da Escola": "Escola sem matrícula de escolarização", "Etapas e Modalidade de Ensino Oferecidas": null, "Outras Ofertas Educacionais": "Atendimento Educacional Especializado", "Latitude": "-204.734.488", "Longitude": "-545.901.398", "Lat tratada": -20.4734488, "Long tratada": -54.5901398, "field_22": null, "field_23": null, "field_24": "Municipal", "field_25": 206 }, "geometry": { "type": "Point", "coordinates": [ -54.5901398, -20.4734488 ] } },
{ "type": "Feature", "properties": { "Restrição de Atendimento": "ESCOLA EM FUNCIONAMENTO E SEM RESTRIÇÃO DE ATENDIMENTO", "Nome": "COLEGIO IMPACTO CENTRO DE ENSINO LTDA - ME", "Código INEP": 50005120, "UF": "MS", "Município": "Campo Grande", "Localização": "Urbana", "Localidade Diferenciada": "A escola não está em área de localização diferenciada", "Categoria Administrativa": "Privada", "Endereço": "RUA ALAGOAS, 1081 JARDIM DOS ESTADOS. 79020-121 Campo Grande - MS.", "Telefone": "(67) 30255585", "Tipo": "Privada", "Categoria Escola Privada": "Particular", "Conveniada Poder Público": "Não", "Regulamentação pelo Conselho de Educação": "Sim", "Porte da Escola": "Entre 501 e 1000 matrículas de escolarização", "Etapas e Modalidade de Ensino Oferecidas": "Educação Infantil, Ensino Fundamental", "Outras Ofertas Educacionais": null, "Latitude": "-2.045.006", "Longitude": "-5.459.651", "Lat tratada": -20.45006, "Long tratada": -54.59651, "field_22": null, "field_23": null, "field_24": null, "field_25": null }, "geometry": { "type": "Point", "coordinates": [ -54.59651, -20.45006 ] } },
{ "type": "Feature", "properties": { "Restrição de Atendimento": "ESCOLA EM FUNCIONAMENTO E SEM RESTRIÇÃO DE ATENDIMENTO", "Nome": "CEDAE - C ESP NO DESENV E ACOMP ESCOLAR", "Código INEP": 50005154, "UF": "MS", "Município": "Campo Grande", "Localização": "Urbana", "Localidade Diferenciada": "A escola não está em área de localização diferenciada", "Categoria Administrativa": "Privada", "Endereço": "RUA ARGEMIRO FIALHO, 594 VILA BANDEIRANTE. 79006-540 Campo Grande - MS.", "Telefone": "(67) 33314756", "Tipo": "Privada", "Categoria Escola Privada": "Particular", "Conveniada Poder Público": "Não", "Regulamentação pelo Conselho de Educação": "Sim", "Porte da Escola": "Entre 51 e 200 matrículas de escolarização", "Etapas e Modalidade de Ensino Oferecidas": "Educação Infantil, Ensino Fundamental", "Outras Ofertas Educacionais": null, "Latitude": "-204.725.412", "Longitude": "-546.383.682", "Lat tratada": -20.4725412, "Long tratada": -54.6383682, "field_22": null, "field_23": null, "field_24": null, "field_25": null }, "geometry": { "type": "Point", "coordinates": [ -54.6383682, -20.4725412 ] } },
{ "type": "Feature", "properties": { "Restrição de Atendimento": "ESCOLA EM FUNCIONAMENTO E SEM RESTRIÇÃO DE ATENDIMENTO", "Nome": "CEGRAN - CENTRO DE ENSINO CAMPOGRANDENSE", "Código INEP": 50005162, "UF": "MS", "Município": "Campo Grande", "Localização": "Urbana", "Localidade Diferenciada": "A escola não está em área de localização diferenciada", "Categoria Administrativa": "Privada", "Endereço": "AVENIDA MATO GROSSO, 952 CENTRO. 79005-000 Campo Grande - MS.", "Telefone": "(67) 33822094", "Tipo": "Privada", "Categoria Escola Privada": "Particular", "Conveniada Poder Público": "Não", "Regulamentação pelo Conselho de Educação": "Sim", "Porte da Escola": "Entre 201 e 500 matrículas de escolarização", "Etapas e Modalidade de Ensino Oferecidas": "Educação Profissional", "Outras Ofertas Educacionais": null, "Latitude": "-204.655.066", "Longitude": "-546.272.976", "Lat tratada": -20.4655066, "Long tratada": -54.6272976, "field_22": null, "field_23": null, "field_24": null, "field_25": null }, "geometry": { "type": "Point", "coordinates": [ -54.6272976, -20.4655066 ] } },
{ "type": "Feature", "properties": { "Restrição de Atendimento": "ESCOLA ATENDE EXCLUSIVAMENTE ALUNOS COM DEFICIÊNCIA", "Nome": "CENTRO DE EDUCACAO ESPECIAL GIRASSOL", "Código INEP": 50005189, "UF": "MS", "Município": "Campo Grande", "Localização": "Urbana", "Localidade Diferenciada": "A escola não está em área de localização diferenciada", "Categoria Administrativa": "Privada", "Endereço": "AVENIDA JOANA DARC, 1450 SANTA BRANCA. 79070-901 Campo Grande - MS.", "Telefone": "(67) 40422250", "Tipo": "Privada", "Categoria Escola Privada": "Filantrópica", "Conveniada Poder Público": "Sim", "Regulamentação pelo Conselho de Educação": "Sim", "Porte da Escola": "Entre 51 e 200 matrículas de escolarização", "Etapas e Modalidade de Ensino Oferecidas": "Educação Infantil, Ensino Fundamental, Educação de Jovens Adultos", "Outras Ofertas Educacionais": "Atividade Complementar", "Latitude": "-205.166.724", "Longitude": "-54.617.541", "Lat tratada": -20.5166724, "Long tratada": -54.617541, "field_22": null, "field_23": null, "field_24": null, "field_25": null }, "geometry": { "type": "Point", "coordinates": [ -54.617541, -20.5166724 ] } },
{ "type": "Feature", "properties": { "Restrição de Atendimento": "ESCOLA EM FUNCIONAMENTO E SEM RESTRIÇÃO DE ATENDIMENTO", "Nome": "COLEGIO TICTAC E INSTITUTO PENRABEL", "Código INEP": 50005200, "UF": "MS", "Município": "Campo Grande", "Localização": "Urbana", "Localidade Diferenciada": "A escola não está em área de localização diferenciada", "Categoria Administrativa": "Privada", "Endereço": "RUA BRASILIA, 994 JARDIM IMA. 79102-050 Campo Grande - MS.", "Telefone": "(67) 30289200", "Tipo": "Privada", "Categoria Escola Privada": "Particular", "Conveniada Poder Público": "Não", "Regulamentação pelo Conselho de Educação": "Sim", "Porte da Escola": "Entre 501 e 1000 matrículas de escolarização", "Etapas e Modalidade de Ensino Oferecidas": "Educação Infantil, Ensino Fundamental, Ensino Médio", "Outras Ofertas Educacionais": null, "Latitude": "-2.044.798", "Longitude": "-5.466.032", "Lat tratada": -20.44798, "Long tratada": -54.66032, "field_22": null, "field_23": null, "field_24": null, "field_25": null }, "geometry": { "type": "Point", "coordinates": [ -54.66032, -20.44798 ] } },
{ "type": "Feature", "properties": { "Restrição de Atendimento": "ESCOLA EM FUNCIONAMENTO E SEM RESTRIÇÃO DE ATENDIMENTO", "Nome": "COLEGIO PINTE O SETE", "Código INEP": 50005278, "UF": "MS", "Município": "Campo Grande", "Localização": "Urbana", "Localidade Diferenciada": "A escola não está em área de localização diferenciada", "Categoria Administrativa": "Privada", "Endereço": "RUA ARARIBA, 28 VILA MORENINHA II. 79065-204 Campo Grande - MS.", "Telefone": "(67) 982130710", "Tipo": "Privada", "Categoria Escola Privada": "Particular", "Conveniada Poder Público": "Não", "Regulamentação pelo Conselho de Educação": "Sim", "Porte da Escola": "Entre 51 e 200 matrículas de escolarização", "Etapas e Modalidade de Ensino Oferecidas": "Educação Infantil, Ensino Fundamental", "Outras Ofertas Educacionais": null, "Latitude": "-2.055.308", "Longitude": "-5.457.626", "Lat tratada": -20.55308, "Long tratada": -54.57626, "field_22": null, "field_23": null, "field_24": null, "field_25": null }, "geometry": { "type": "Point", "coordinates": [ -54.57626, -20.55308 ] } },
{ "type": "Feature", "properties": { "Restrição de Atendimento": "ESCOLA ATENDE EXCLUSIVAMENTE ALUNOS COM DEFICIÊNCIA", "Nome": "CENTRO DESENV DO POTENCIAL HUMANO RAIO DE LUZ", "Código INEP": 50005286, "UF": "MS", "Município": "Campo Grande", "Localização": "Urbana", "Localidade Diferenciada": "A escola não está em área de localização diferenciada", "Categoria Administrativa": "Privada", "Endereço": "AVENIDA PRESIDENTE ERNESTO GEISEL, 6430 CABREUVA. 79008-410 Campo Grande - MS.", "Telefone": "(67) 33314690", "Tipo": "Privada", "Categoria Escola Privada": "Particular", "Conveniada Poder Público": "Não", "Regulamentação pelo Conselho de Educação": "Sim", "Porte da Escola": "Até 50 matrículas de escolarização", "Etapas e Modalidade de Ensino Oferecidas": "Ensino Fundamental", "Outras Ofertas Educacionais": null, "Latitude": "-204.712.049", "Longitude": "-546.434.823", "Lat tratada": -20.4712049, "Long tratada": -54.6434823, "field_22": null, "field_23": null, "field_24": null, "field_25": null }, "geometry": { "type": "Point", "coordinates": [ -54.6434823, -20.4712049 ] } },
{ "type": "Feature", "properties": { "Restrição de Atendimento": "ESCOLA EM FUNCIONAMENTO E SEM RESTRIÇÃO DE ATENDIMENTO", "Nome": "ESCOLA CARROSSEL NOVO ESTILO", "Código INEP": 50005316, "UF": "MS", "Município": "Campo Grande", "Localização": "Urbana", "Localidade Diferenciada": "A escola não está em área de localização diferenciada", "Categoria Administrativa": "Privada", "Endereço": "RUA ALBERT SABIN, 1895 1905. VILA TAVEIROPOLIS. 79090-160 Campo Grande - MS.", "Telefone": "(67) 33807653", "Tipo": "Privada", "Categoria Escola Privada": "Particular", "Conveniada Poder Público": "Não", "Regulamentação pelo Conselho de Educação": "Sim", "Porte da Escola": "Entre 201 e 500 matrículas de escolarização", "Etapas e Modalidade de Ensino Oferecidas": "Educação Infantil, Ensino Fundamental", "Outras Ofertas Educacionais": null, "Latitude": "-204.860.233", "Longitude": "-546.507.013", "Lat tratada": -20.4860233, "Long tratada": -54.6507013, "field_22": null, "field_23": null, "field_24": null, "field_25": null }, "geometry": { "type": "Point", "coordinates": [ -54.6507013, -20.4860233 ] } },
{ "type": "Feature", "properties": { "Restrição de Atendimento": "ESCOLA EM FUNCIONAMENTO E SEM RESTRIÇÃO DE ATENDIMENTO", "Nome": "CENTRO DE EDUCACAO DE JOVENS E ADULTOS PROFª IGNES DE LAMONICA GUIMARAES - CEEJA-MS", "Código INEP": 50005340, "UF": "MS", "Município": "Campo Grande", "Localização": "Urbana", "Localidade Diferenciada": "A escola não está em área de localização diferenciada", "Categoria Administrativa": "Pública", "Endereço": "RUA ELVIRA COELHO MACHADO, 544 CHACARA CACHOEIRA. 79040-131 Campo Grande - MS.", "Telefone": "(67) 33414409", "Tipo": "Estadual", "Categoria Escola Privada": "Não Informado", "Conveniada Poder Público": "Não", "Regulamentação pelo Conselho de Educação": "Sim", "Porte da Escola": "Mais de 1000 matrículas de escolarização", "Etapas e Modalidade de Ensino Oferecidas": "Educação de Jovens Adultos", "Outras Ofertas Educacionais": null, "Latitude": "-204.633.943", "Longitude": "-54.586.582", "Lat tratada": -20.4633943, "Long tratada": -54.586582, "field_22": null, "field_23": null, "field_24": null, "field_25": null }, "geometry": { "type": "Point", "coordinates": [ -54.586582, -20.4633943 ] } },
{ "type": "Feature", "properties": { "Restrição de Atendimento": "ESCOLA EM FUNCIONAMENTO E SEM RESTRIÇÃO DE ATENDIMENTO", "Nome": "COLEGIO MARISTA ALEXANDER FLEMING", "Código INEP": 50005405, "UF": "MS", "Município": "Campo Grande", "Localização": "Urbana", "Localidade Diferenciada": "A escola não está em área de localização diferenciada", "Categoria Administrativa": "Privada", "Endereço": "RUA PERNAMBUCO, 2834 VILA GOMES. 79022-340 Campo Grande - MS.", "Telefone": "(67) 33262941", "Tipo": "Privada", "Categoria Escola Privada": "Filantrópica", "Conveniada Poder Público": "Não", "Regulamentação pelo Conselho de Educação": "Sim", "Porte da Escola": "Mais de 1000 matrículas de escolarização", "Etapas e Modalidade de Ensino Oferecidas": "Educação Infantil, Ensino Fundamental, Ensino Médio", "Outras Ofertas Educacionais": null, "Latitude": "-204.481.333", "Longitude": "-54.591.445", "Lat tratada": -20.4481333, "Long tratada": -54.591445, "field_22": null, "field_23": null, "field_24": null, "field_25": null }, "geometry": { "type": "Point", "coordinates": [ -54.591445, -20.4481333 ] } },
{ "type": "Feature", "properties": { "Restrição de Atendimento": "ESCOLA EM FUNCIONAMENTO E SEM RESTRIÇÃO DE ATENDIMENTO", "Nome": "COLEGIO MILITAR DE CAMPO GRANDE", "Código INEP": 50005499, "UF": "MS", "Município": "Campo Grande", "Localização": "Urbana", "Localidade Diferenciada": "A escola não está em área de localização diferenciada", "Categoria Administrativa": "Pública", "Endereço": "AVENIDA PRESIDENTE VARGAS, 2800 CMCG. SANTA CARMELIA. 79115-810 Campo Grande - MS.", "Telefone": "(67) 33684828", "Tipo": "Federal", "Categoria Escola Privada": "Não Informado", "Conveniada Poder Público": "Não", "Regulamentação pelo Conselho de Educação": "Sim", "Porte da Escola": "Entre 501 e 1000 matrículas de escolarização", "Etapas e Modalidade de Ensino Oferecidas": "Ensino Fundamental, Ensino Médio", "Outras Ofertas Educacionais": null, "Latitude": "-204.366.252", "Longitude": "-546.466.837", "Lat tratada": -20.4366252, "Long tratada": -54.6466837, "field_22": null, "field_23": null, "field_24": null, "field_25": null }, "geometry": { "type": "Point", "coordinates": [ -54.6466837, -20.4366252 ] } },
{ "type": "Feature", "properties": { "Restrição de Atendimento": "ESCOLA EM FUNCIONAMENTO E SEM RESTRIÇÃO DE ATENDIMENTO", "Nome": "CEI- JOSE EDUARDO MARTINS JALLAD - ZEDU", "Código INEP": 50005588, "UF": "MS", "Município": "Campo Grande", "Localização": "Urbana", "Localidade Diferenciada": "A escola não está em área de localização diferenciada", "Categoria Administrativa": "Pública", "Endereço": "AVENIDA PRESIDENTE MANOEL FERRAZ DE CAMPO SALES, S/N PARQUE DOS PODERES. 79031-300 Campo Grande - MS.", "Telefone": "(67) 33141270", "Tipo": "Estadual", "Categoria Escola Privada": "Não Informado", "Conveniada Poder Público": "Não", "Regulamentação pelo Conselho de Educação": "Sim", "Porte da Escola": "Entre 201 e 500 matrículas de escolarização", "Etapas e Modalidade de Ensino Oferecidas": "Educação Infantil", "Outras Ofertas Educacionais": null, "Latitude": "-204.436.836", "Longitude": "-545.538.614", "Lat tratada": -20.4436836, "Long tratada": -54.5538614, "field_22": null, "field_23": null, "field_24": null, "field_25": null }, "geometry": { "type": "Point", "coordinates": [ -54.5538614, -20.4436836 ] } },
{ "type": "Feature", "properties": { "Restrição de Atendimento": "ESCOLA EM FUNCIONAMENTO E SEM RESTRIÇÃO DE ATENDIMENTO", "Nome": "CEI - MARIA APARECIDA MORAES DAVILA - SANTA CASA", "Código INEP": 50005596, "UF": "MS", "Município": "Campo Grande", "Localização": "Urbana", "Localidade Diferenciada": "A escola não está em área de localização diferenciada", "Categoria Administrativa": "Privada", "Endereço": "RUA EDUARDO SANTOS PEREIRA, 88 COMPLEXO SANTA CASA. CENTRO. 79002-251 Campo Grande - MS.", "Telefone": "(67) 33224225", "Tipo": "Privada", "Categoria Escola Privada": "Filantrópica", "Conveniada Poder Público": "Não", "Regulamentação pelo Conselho de Educação": "Sim", "Porte da Escola": "Entre 51 e 200 matrículas de escolarização", "Etapas e Modalidade de Ensino Oferecidas": "Educação Infantil", "Outras Ofertas Educacionais": null, "Latitude": "-204.546.553", "Longitude": "-546.155.895", "Lat tratada": -20.4546553, "Long tratada": -54.6155895, "field_22": null, "field_23": null, "field_24": null, "field_25": null }, "geometry": { "type": "Point", "coordinates": [ -54.6155895, -20.4546553 ] } },
{ "type": "Feature", "properties": { "Restrição de Atendimento": "ESCOLA EM FUNCIONAMENTO E SEM RESTRIÇÃO DE ATENDIMENTO", "Nome": "COLEGIO ADVENTISTA JARDIM DOS ESTADOS", "Código INEP": 50005618, "UF": "MS", "Município": "Campo Grande", "Localização": "Urbana", "Localidade Diferenciada": "A escola não está em área de localização diferenciada", "Categoria Administrativa": "Privada", "Endereço": "RUA RIO GRANDE DO SUL, 760 JARDIM DOS ESTADOS. 79020-010 Campo Grande - MS.", "Telefone": "(67) 33820129", "Tipo": "Privada", "Categoria Escola Privada": "Particular", "Conveniada Poder Público": "Não", "Regulamentação pelo Conselho de Educação": "Sim", "Porte da Escola": "Entre 501 e 1000 matrículas de escolarização", "Etapas e Modalidade de Ensino Oferecidas": "Educação Infantil, Ensino Fundamental, Ensino Médio", "Outras Ofertas Educacionais": null, "Latitude": "-204.581.754", "Longitude": "-546.011.712", "Lat tratada": -20.4581754, "Long tratada": -54.6011712, "field_22": null, "field_23": null, "field_24": null, "field_25": null }, "geometry": { "type": "Point", "coordinates": [ -54.6011712, -20.4581754 ] } },
{ "type": "Feature", "properties": { "Restrição de Atendimento": "ESCOLA EM FUNCIONAMENTO E SEM RESTRIÇÃO DE ATENDIMENTO", "Nome": "COLEGIO ADVENTISTA CAMPO-GRANDENSE", "Código INEP": 50005626, "UF": "MS", "Município": "Campo Grande", "Localização": "Urbana", "Localidade Diferenciada": "A escola não está em área de localização diferenciada", "Categoria Administrativa": "Privada", "Endereço": "AVENIDA CUIABA, 1311 JARDIM LEBLON. 79090-294 Campo Grande - MS.", "Telefone": "(67) 30479551", "Tipo": "Privada", "Categoria Escola Privada": "Particular", "Conveniada Poder Público": "Não", "Regulamentação pelo Conselho de Educação": "Sim", "Porte da Escola": "Mais de 1000 matrículas de escolarização", "Etapas e Modalidade de Ensino Oferecidas": "Educação Infantil, Ensino Fundamental, Ensino Médio", "Outras Ofertas Educacionais": null, "Latitude": "-204.975.068", "Longitude": "-546.520.813", "Lat tratada": -20.4975068, "Long tratada": -54.6520813, "field_22": null, "field_23": null, "field_24": null, "field_25": null }, "geometry": { "type": "Point", "coordinates": [ -54.6520813, -20.4975068 ] } },
{ "type": "Feature", "properties": { "Restrição de Atendimento": "ESCOLA EM FUNCIONAMENTO E SEM RESTRIÇÃO DE ATENDIMENTO", "Nome": "EM ADVOGADO DEMOSTHENES MARTINS", "Código INEP": 50005723, "UF": "MS", "Município": "Campo Grande", "Localização": "Urbana", "Localidade Diferenciada": "A escola não está em área de localização diferenciada", "Categoria Administrativa": "Pública", "Endereço": "RUA ARIRAMBA, 215 CONJUNTO RESIDENCIAL OCTAVIO PECORA. 79012-110 Campo Grande - MS.", "Telefone": "(67) 20204192", "Tipo": "Municipal", "Categoria Escola Privada": "Não Informado", "Conveniada Poder Público": "Não", "Regulamentação pelo Conselho de Educação": "Sim", "Porte da Escola": "Entre 201 e 500 matrículas de escolarização", "Etapas e Modalidade de Ensino Oferecidas": "Educação Infantil, Ensino Fundamental", "Outras Ofertas Educacionais": "Atividade Complementar", "Latitude": "-204.201.076", "Longitude": "-546.093.542", "Lat tratada": -20.4201076, "Long tratada": -54.6093542, "field_22": null, "field_23": null, "field_24": null, "field_25": null }, "geometry": { "type": "Point", "coordinates": [ -54.6093542, -20.4201076 ] } },
{ "type": "Feature", "properties": { "Restrição de Atendimento": "ESCOLA EM FUNCIONAMENTO E SEM RESTRIÇÃO DE ATENDIMENTO", "Nome": "EE ARACY EUDOCIAK", "Código INEP": 50005731, "UF": "MS", "Município": "Campo Grande", "Localização": "Urbana", "Localidade Diferenciada": "A escola não está em área de localização diferenciada", "Categoria Administrativa": "Pública", "Endereço": "RUA MARACATINS, 696 JARDIM TIJUCA. 79094-140 Campo Grande - MS.", "Telefone": "(67) 33257684", "Tipo": "Estadual", "Categoria Escola Privada": "Não Informado", "Conveniada Poder Público": "Não", "Regulamentação pelo Conselho de Educação": "Sim", "Porte da Escola": "Entre 201 e 500 matrículas de escolarização", "Etapas e Modalidade de Ensino Oferecidas": "Ensino Fundamental, Ensino Médio", "Outras Ofertas Educacionais": "Atendimento Educacional Especializado, Atividade Complementar", "Latitude": "-205.175.288", "Longitude": "-546.640.588", "Lat tratada": -20.5175288, "Long tratada": -54.6640588, "field_22": null, "field_23": null, "field_24": null, "field_25": null }, "geometry": { "type": "Point", "coordinates": [ -54.6640588, -20.5175288 ] } },
{ "type": "Feature", "properties": { "Restrição de Atendimento": "ESCOLA EM FUNCIONAMENTO E SEM RESTRIÇÃO DE ATENDIMENTO", "Nome": "EE ELVIRA MATHIAS DE OLIVEIRA", "Código INEP": 50005740, "UF": "MS", "Município": "Campo Grande", "Localização": "Urbana", "Localidade Diferenciada": "A escola não está em área de localização diferenciada", "Categoria Administrativa": "Pública", "Endereço": "RUA AGRONOMICA, 38 VILA SANTO EUGENIO. 79060-490 Campo Grande - MS.", "Telefone": "(67) 99167786", "Tipo": "Estadual", "Categoria Escola Privada": "Não Informado", "Conveniada Poder Público": "Não", "Regulamentação pelo Conselho de Educação": "Sim", "Porte da Escola": "Entre 201 e 500 matrículas de escolarização", "Etapas e Modalidade de Ensino Oferecidas": "Ensino Fundamental, Ensino Médio", "Outras Ofertas Educacionais": "Atendimento Educacional Especializado", "Latitude": "-205.224.955", "Longitude": "-545.927.335", "Lat tratada": -20.5224955, "Long tratada": -54.5927335, "field_22": null, "field_23": null, "field_24": null, "field_25": null }, "geometry": { "type": "Point", "coordinates": [ -54.5927335, -20.5224955 ] } },
{ "type": "Feature", "properties": { "Restrição de Atendimento": "ESCOLA EM FUNCIONAMENTO E SEM RESTRIÇÃO DE ATENDIMENTO", "Nome": "EE JOAO CARLOS FLORES", "Código INEP": 50005758, "UF": "MS", "Município": "Campo Grande", "Localização": "Urbana", "Localidade Diferenciada": "A escola não está em área de localização diferenciada", "Categoria Administrativa": "Pública", "Endereço": "RUA ASSUNCAO, 971 RITA VIEIRA. 79052-061 Campo Grande - MS.", "Telefone": null, "Tipo": "Estadual", "Categoria Escola Privada": "Não Informado", "Conveniada Poder Público": "Não", "Regulamentação pelo Conselho de Educação": "Sim", "Porte da Escola": "Entre 201 e 500 matrículas de escolarização", "Etapas e Modalidade de Ensino Oferecidas": "Ensino Fundamental, Ensino Médio", "Outras Ofertas Educacionais": "Atendimento Educacional Especializado, Atividade Complementar", "Latitude": "-205.012.488", "Longitude": "-545.909.816", "Lat tratada": -20.5012488, "Long tratada": -54.5909816, "field_22": null, "field_23": null, "field_24": null, "field_25": null }, "geometry": { "type": "Point", "coordinates": [ -54.5909816, -20.5012488 ] } },
{ "type": "Feature", "properties": { "Restrição de Atendimento": "ESCOLA EM FUNCIONAMENTO E SEM RESTRIÇÃO DE ATENDIMENTO", "Nome": "EE JOSE FERREIRA BARBOSA", "Código INEP": 50005766, "UF": "MS", "Município": "Campo Grande", "Localização": "Urbana", "Localidade Diferenciada": "A escola não está em área de localização diferenciada", "Categoria Administrativa": "Pública", "Endereço": "RUA COMANDANTE ELIAS FERREIRA, 55 VILA BORDON. 79106-695 Campo Grande - MS.", "Telefone": "(67) 33147057", "Tipo": "Estadual", "Categoria Escola Privada": "Não Informado", "Conveniada Poder Público": "Não", "Regulamentação pelo Conselho de Educação": "Sim", "Porte da Escola": "Entre 201 e 500 matrículas de escolarização", "Etapas e Modalidade de Ensino Oferecidas": "Ensino Fundamental, Ensino Médio", "Outras Ofertas Educacionais": "Atendimento Educacional Especializado, Atividade Complementar", "Latitude": "-204.578.337", "Longitude": "-547.062.603", "Lat tratada": -20.4578337, "Long tratada": -54.7062603, "field_22": null, "field_23": null, "field_24": null, "field_25": null }, "geometry": { "type": "Point", "coordinates": [ -54.7062603, -20.4578337 ] } },
{ "type": "Feature", "properties": { "Restrição de Atendimento": "ESCOLA EM FUNCIONAMENTO E SEM RESTRIÇÃO DE ATENDIMENTO", "Nome": "EE LUISA VIDAL BORGES DANIEL", "Código INEP": 50005774, "UF": "MS", "Município": "Campo Grande", "Localização": "Urbana", "Localidade Diferenciada": "A escola não está em área de localização diferenciada", "Categoria Administrativa": "Pública", "Endereço": "RUA DAS AMEIXEIRAS, S/N BOM JARDIM. 79091-210 Campo Grande - MS.", "Telefone": "(67) 33146070", "Tipo": "Estadual", "Categoria Escola Privada": "Não Informado", "Conveniada Poder Público": "Não", "Regulamentação pelo Conselho de Educação": "Sim", "Porte da Escola": "Entre 201 e 500 matrículas de escolarização", "Etapas e Modalidade de Ensino Oferecidas": "Ensino Fundamental, Ensino Médio", "Outras Ofertas Educacionais": null, "Latitude": "-204.916.358", "Longitude": "-546.634.071", "Lat tratada": -20.4916358, "Long tratada": -54.6634071, "field_22": null, "field_23": null, "field_24": null, "field_25": null }, "geometry": { "type": "Point", "coordinates": [ -54.6634071, -20.4916358 ] } },
{ "type": "Feature", "properties": { "Restrição de Atendimento": "ESCOLA EM FUNCIONAMENTO E SEM RESTRIÇÃO DE ATENDIMENTO", "Nome": "EE MARCAL DE SOUZA TUPA-Y", "Código INEP": 50005782, "UF": "MS", "Município": "Campo Grande", "Localização": "Urbana", "Localidade Diferenciada": "A escola não está em área de localização diferenciada", "Categoria Administrativa": "Pública", "Endereço": "RUA LUIZ DE VASCONCELOS, 200 ESCOLA. JARDIM LOS ANGELES. 79073-238 Campo Grande - MS.", "Telefone": "(67) 33145639", "Tipo": "Estadual", "Categoria Escola Privada": "Não Informado", "Conveniada Poder Público": "Não", "Regulamentação pelo Conselho de Educação": "Sim", "Porte da Escola": "Entre 501 e 1000 matrículas de escolarização", "Etapas e Modalidade de Ensino Oferecidas": "Ensino Fundamental, Ensino Médio, Educação de Jovens Adultos", "Outras Ofertas Educacionais": "Atendimento Educacional Especializado, Atividade Complementar", "Latitude": "-205.520.401", "Longitude": "-54.622.908", "Lat tratada": -20.5520401, "Long tratada": -54.622908, "field_22": null, "field_23": null, "field_24": null, "field_25": null }, "geometry": { "type": "Point", "coordinates": [ -54.622908, -20.5520401 ] } },
{ "type": "Feature", "properties": { "Restrição de Atendimento": "ESCOLA EM FUNCIONAMENTO E SEM RESTRIÇÃO DE ATENDIMENTO", "Nome": "EE PROFª ADA TEIXEIRA DOS SANTOS PEREIRA", "Código INEP": 50005812, "UF": "MS", "Município": "Campo Grande", "Localização": "Urbana", "Localidade Diferenciada": "A escola não está em área de localização diferenciada", "Categoria Administrativa": "Pública", "Endereço": "RUA LOURENCO DA VEIGA, 245 JARDIM CAMPO BELO. 79015-243 Campo Grande - MS.", "Telefone": "(67) 33845127", "Tipo": "Estadual", "Categoria Escola Privada": "Não Informado", "Conveniada Poder Público": "Não", "Regulamentação pelo Conselho de Educação": "Sim", "Porte da Escola": "Mais de 1000 matrículas de escolarização", "Etapas e Modalidade de Ensino Oferecidas": "Ensino Fundamental, Ensino Médio", "Outras Ofertas Educacionais": "Atendimento Educacional Especializado, Atividade Complementar", "Latitude": "-204.007.406", "Longitude": "-545.812.355", "Lat tratada": -20.4007406, "Long tratada": -54.5812355, "field_22": null, "field_23": null, "field_24": null, "field_25": null }, "geometry": { "type": "Point", "coordinates": [ -54.5812355, -20.4007406 ] } },
{ "type": "Feature", "properties": { "Restrição de Atendimento": "ESCOLA EM FUNCIONAMENTO E SEM RESTRIÇÃO DE ATENDIMENTO", "Nome": "EM PROFESSOR CARLOS HENRIQUE SCHRADER", "Código INEP": 50005820, "UF": "MS", "Município": "Campo Grande", "Localização": "Urbana", "Localidade Diferenciada": "A escola não está em área de localização diferenciada", "Categoria Administrativa": "Pública", "Endereço": "RUA TITO MADI, 17 JARDIM FLAMBOYANT. 79041-041 Campo Grande - MS.", "Telefone": "(67) 20204196", "Tipo": "Municipal", "Categoria Escola Privada": "Não Informado", "Conveniada Poder Público": "Não", "Regulamentação pelo Conselho de Educação": "Sim", "Porte da Escola": "Entre 201 e 500 matrículas de escolarização", "Etapas e Modalidade de Ensino Oferecidas": "Educação Infantil, Ensino Fundamental", "Outras Ofertas Educacionais": "Atividade Complementar", "Latitude": "-204.687.951", "Longitude": "-545.765.918", "Lat tratada": -20.4687951, "Long tratada": -54.5765918, "field_22": null, "field_23": null, "field_24": null, "field_25": null }, "geometry": { "type": "Point", "coordinates": [ -54.5765918, -20.4687951 ] } },
{ "type": "Feature", "properties": { "Restrição de Atendimento": "ESCOLA EM FUNCIONAMENTO E SEM RESTRIÇÃO DE ATENDIMENTO", "Nome": "ESCOLA ESTADUAL PROFESSORA FLAVINA MARIA DA SILVA", "Código INEP": 50005839, "UF": "MS", "Município": "Campo Grande", "Localização": "Urbana", "Localidade Diferenciada": "A escola não está em área de localização diferenciada", "Categoria Administrativa": "Pública", "Endereço": "RUA CENTRO OESTE, 40 JARDIM MORENAO. 79070-060 Campo Grande - MS.", "Telefone": "(67) 33885177", "Tipo": "Estadual", "Categoria Escola Privada": "Não Informado", "Conveniada Poder Público": "Não", "Regulamentação pelo Conselho de Educação": "Sim", "Porte da Escola": "Entre 201 e 500 matrículas de escolarização", "Etapas e Modalidade de Ensino Oferecidas": "Ensino Médio", "Outras Ofertas Educacionais": "Atividade Complementar", "Latitude": "-205.235.596", "Longitude": "-546.239.203", "Lat tratada": -20.5235596, "Long tratada": -54.6239203, "field_22": null, "field_23": null, "field_24": null, "field_25": null }, "geometry": { "type": "Point", "coordinates": [ -54.6239203, -20.5235596 ] } },
{ "type": "Feature", "properties": { "Restrição de Atendimento": "ESCOLA EM FUNCIONAMENTO E SEM RESTRIÇÃO DE ATENDIMENTO", "Nome": "EM PROFESSORA HILDA DE SOUZA FERREIRA", "Código INEP": 50005847, "UF": "MS", "Município": "Campo Grande", "Localização": "Urbana", "Localidade Diferenciada": "A escola não está em área de localização diferenciada", "Categoria Administrativa": "Pública", "Endereço": "RUA MANGABEIRA, 38 COOPHATRABALHO. 79115-191 Campo Grande - MS.", "Telefone": "(67) 20204511", "Tipo": "Municipal", "Categoria Escola Privada": "Não Informado", "Conveniada Poder Público": "Não", "Regulamentação pelo Conselho de Educação": "Sim", "Porte da Escola": "Entre 201 e 500 matrículas de escolarização", "Etapas e Modalidade de Ensino Oferecidas": "Educação Infantil, Ensino Fundamental", "Outras Ofertas Educacionais": "Atividade Complementar", "Latitude": "-2.043.331.986", "Longitude": "-546.558.911", "Lat tratada": -20.43331986, "Long tratada": -54.6558911, "field_22": null, "field_23": null, "field_24": null, "field_25": null }, "geometry": { "type": "Point", "coordinates": [ -54.6558911, -20.43331986 ] } },
{ "type": "Feature", "properties": { "Restrição de Atendimento": "ESCOLA EM FUNCIONAMENTO E SEM RESTRIÇÃO DE ATENDIMENTO", "Nome": "EE PROFª JOELINA DE ALMEIDA XAVIER", "Código INEP": 50005855, "UF": "MS", "Município": "Campo Grande", "Localização": "Urbana", "Localidade Diferenciada": "A escola não está em área de localização diferenciada", "Categoria Administrativa": "Pública", "Endereço": "RUA SANDOVAL RIBEIRO SOARES, 55 CORONEL ANTONINO. 79013-590 Campo Grande - MS.", "Telefone": "(67) 33141251", "Tipo": "Estadual", "Categoria Escola Privada": "Não Informado", "Conveniada Poder Público": "Não", "Regulamentação pelo Conselho de Educação": "Sim", "Porte da Escola": "Até 50 matrículas de escolarização", "Etapas e Modalidade de Ensino Oferecidas": "Ensino Fundamental", "Outras Ofertas Educacionais": "Atividade Complementar", "Latitude": "-204.237.481", "Longitude": "-5.458.769", "Lat tratada": -20.4237481, "Long tratada": -54.58769, "field_22": null, "field_23": null, "field_24": null, "field_25": null }, "geometry": { "type": "Point", "coordinates": [ -54.58769, -20.4237481 ] } },
{ "type": "Feature", "properties": { "Restrição de Atendimento": "ESCOLA EM FUNCIONAMENTO E SEM RESTRIÇÃO DE ATENDIMENTO", "Nome": "EE PROFª THEREZA NORONHA DE CARVALHO", "Código INEP": 50005863, "UF": "MS", "Município": "Campo Grande", "Localização": "Urbana", "Localidade Diferenciada": "A escola não está em área de localização diferenciada", "Categoria Administrativa": "Pública", "Endereço": "RUA BRILHANTE, 3315 VILA BANDEIRANTE. 79006-560 Campo Grande - MS.", "Telefone": "(67) 33263909", "Tipo": "Estadual", "Categoria Escola Privada": "Não Informado", "Conveniada Poder Público": "Não", "Regulamentação pelo Conselho de Educação": "Sim", "Porte da Escola": "Entre 51 e 200 matrículas de escolarização", "Etapas e Modalidade de Ensino Oferecidas": "Ensino Fundamental, Ensino Médio", "Outras Ofertas Educacionais": null, "Latitude": "-205.476.463", "Longitude": "-546.463.439", "Lat tratada": -20.5476463, "Long tratada": -54.6463439, "field_22": null, "field_23": null, "field_24": null, "field_25": null }, "geometry": { "type": "Point", "coordinates": [ -54.6463439, -20.5476463 ] } },
{ "type": "Feature", "properties": { "Restrição de Atendimento": "ESCOLA EM FUNCIONAMENTO E SEM RESTRIÇÃO DE ATENDIMENTO", "Nome": "EE PROFª ELIA FRANCA CARDOSO", "Código INEP": 50005871, "UF": "MS", "Município": "Campo Grande", "Localização": "Urbana", "Localidade Diferenciada": "A escola não está em área de localização diferenciada", "Categoria Administrativa": "Pública", "Endereço": "RUA SARGENTO JONAS SERGIO DE OLIVEIRA, 297 JARDIM SAO CONRADO. 79093-250 Campo Grande - MS.", "Telefone": "(67) 33146058", "Tipo": "Estadual", "Categoria Escola Privada": "Não Informado", "Conveniada Poder Público": "Não", "Regulamentação pelo Conselho de Educação": "Sim", "Porte da Escola": "Entre 201 e 500 matrículas de escolarização", "Etapas e Modalidade de Ensino Oferecidas": "Ensino Fundamental, Ensino Médio", "Outras Ofertas Educacionais": "Atendimento Educacional Especializado, Atividade Complementar", "Latitude": "-204.982.567", "Longitude": "-546.720.283", "Lat tratada": -20.4982567, "Long tratada": -54.6720283, "field_22": null, "field_23": null, "field_24": null, "field_25": null }, "geometry": { "type": "Point", "coordinates": [ -54.6720283, -20.4982567 ] } },
{ "type": "Feature", "properties": { "Restrição de Atendimento": "ESCOLA EM FUNCIONAMENTO E SEM RESTRIÇÃO DE ATENDIMENTO", "Nome": "EE PROF HENRIQUE CIRYLLO CORREA", "Código INEP": 50005880, "UF": "MS", "Município": "Campo Grande", "Localização": "Urbana", "Localidade Diferenciada": "A escola não está em área de localização diferenciada", "Categoria Administrativa": "Pública", "Endereço": "AVENIDA DA CAPITAL, 611 VILA RICA. 79022-180 Campo Grande - MS.", "Telefone": "(67) 991047637", "Tipo": "Estadual", "Categoria Escola Privada": "Não Informado", "Conveniada Poder Público": "Não", "Regulamentação pelo Conselho de Educação": "Sim", "Porte da Escola": "Entre 201 e 500 matrículas de escolarização", "Etapas e Modalidade de Ensino Oferecidas": "Ensino Fundamental", "Outras Ofertas Educacionais": "Atividade Complementar", "Latitude": "-204.372.746", "Longitude": "-545.941.142", "Lat tratada": -20.4372746, "Long tratada": -54.5941142, "field_22": null, "field_23": null, "field_24": null, "field_25": null }, "geometry": { "type": "Point", "coordinates": [ -54.5941142, -20.4372746 ] } },
{ "type": "Feature", "properties": { "Restrição de Atendimento": "ESCOLA EM FUNCIONAMENTO E SEM RESTRIÇÃO DE ATENDIMENTO", "Nome": "EE AMELIO DE CARVALHO BAIS", "Código INEP": 50005901, "UF": "MS", "Município": "Campo Grande", "Localização": "Urbana", "Localidade Diferenciada": "A escola não está em área de localização diferenciada", "Categoria Administrativa": "Pública", "Endereço": "AVENIDA FLORESTAL, 42 COOPHATRABALHO. 79115-020 Campo Grande - MS.", "Telefone": "(67) 32531049", "Tipo": "Estadual", "Categoria Escola Privada": "Não Informado", "Conveniada Poder Público": "Não", "Regulamentação pelo Conselho de Educação": "Sim", "Porte da Escola": "Entre 201 e 500 matrículas de escolarização", "Etapas e Modalidade de Ensino Oferecidas": "Ensino Médio", "Outras Ofertas Educacionais": null, "Latitude": "-204.356.911", "Longitude": "-546.484.826", "Lat tratada": -20.4356911, "Long tratada": -54.6484826, "field_22": null, "field_23": null, "field_24": null, "field_25": null }, "geometry": { "type": "Point", "coordinates": [ -54.6484826, -20.4356911 ] } },
{ "type": "Feature", "properties": { "Restrição de Atendimento": "ESCOLA EM FUNCIONAMENTO E SEM RESTRIÇÃO DE ATENDIMENTO", "Nome": "EE ARLINDO DE ANDRADE GOMES", "Código INEP": 50005910, "UF": "MS", "Município": "Campo Grande", "Localização": "Urbana", "Localidade Diferenciada": "A escola não está em área de localização diferenciada", "Categoria Administrativa": "Pública", "Endereço": "TRAVESSA COMIL, 32 SOBRINHO. 79110-504 Campo Grande - MS.", "Telefone": "(67) 33147050", "Tipo": "Estadual", "Categoria Escola Privada": "Não Informado", "Conveniada Poder Público": "Não", "Regulamentação pelo Conselho de Educação": "Sim", "Porte da Escola": "Entre 501 e 1000 matrículas de escolarização", "Etapas e Modalidade de Ensino Oferecidas": "Ensino Fundamental, Ensino Médio, Educação Profissional", "Outras Ofertas Educacionais": null, "Latitude": "-20.455.454", "Longitude": "-546.428.215", "Lat tratada": -20.455454, "Long tratada": -54.6428215, "field_22": null, "field_23": null, "field_24": null, "field_25": null }, "geometry": { "type": "Point", "coordinates": [ -54.6428215, -20.455454 ] } },
{ "type": "Feature", "properties": { "Restrição de Atendimento": "ESCOLA EM FUNCIONAMENTO E SEM RESTRIÇÃO DE ATENDIMENTO", "Nome": "EE BLANCHE DOS SANTOS PEREIRA", "Código INEP": 50005928, "UF": "MS", "Município": "Campo Grande", "Localização": "Urbana", "Localidade Diferenciada": "A escola não está em área de localização diferenciada", "Categoria Administrativa": "Pública", "Endereço": "RUA TABIRA, 911 JARDIM TIJUCA. 79094-030 Campo Grande - MS.", "Telefone": "(67) 33146055", "Tipo": "Estadual", "Categoria Escola Privada": "Não Informado", "Conveniada Poder Público": "Não", "Regulamentação pelo Conselho de Educação": "Sim", "Porte da Escola": "Mais de 1000 matrículas de escolarização", "Etapas e Modalidade de Ensino Oferecidas": "Ensino Fundamental, Ensino Médio, Educação de Jovens Adultos", "Outras Ofertas Educacionais": "Atendimento Educacional Especializado, Atividade Complementar", "Latitude": "-205.078.434", "Longitude": "-546.642.373", "Lat tratada": -20.5078434, "Long tratada": -54.6642373, "field_22": null, "field_23": null, "field_24": null, "field_25": null }, "geometry": { "type": "Point", "coordinates": [ -54.6642373, -20.5078434 ] } },
{ "type": "Feature", "properties": { "Restrição de Atendimento": "ESCOLA EM FUNCIONAMENTO E SEM RESTRIÇÃO DE ATENDIMENTO", "Nome": "EE DOLOR FERREIRA DE ANDRADE", "Código INEP": 50005936, "UF": "MS", "Município": "Campo Grande", "Localização": "Urbana", "Localidade Diferenciada": "A escola não está em área de localização diferenciada", "Categoria Administrativa": "Pública", "Endereço": "AVENIDA ORLANDO DAROS, 143 ESQ.RUA PONTA GROSSA. PARQUE RESIDENCIAL MARIA APARECIDA PEDROSSIAN. 79044-490 Campo Grande - MS.", "Telefone": "(67) 33145649", "Tipo": "Estadual", "Categoria Escola Privada": "Não Informado", "Conveniada Poder Público": "Não", "Regulamentação pelo Conselho de Educação": "Sim", "Porte da Escola": "Mais de 1000 matrículas de escolarização", "Etapas e Modalidade de Ensino Oferecidas": "Ensino Fundamental, Ensino Médio", "Outras Ofertas Educacionais": "Atendimento Educacional Especializado, Atividade Complementar", "Latitude": "-204.691.517", "Longitude": "-545.492.982", "Lat tratada": -20.4691517, "Long tratada": -54.5492982, "field_22": null, "field_23": null, "field_24": null, "field_25": null }, "geometry": { "type": "Point", "coordinates": [ -54.5492982, -20.4691517 ] } },
{ "type": "Feature", "properties": { "Restrição de Atendimento": "ESCOLA EM FUNCIONAMENTO E SEM RESTRIÇÃO DE ATENDIMENTO", "Nome": "EE DONA CONSUELO MULLER", "Código INEP": 50005944, "UF": "MS", "Município": "Campo Grande", "Localização": "Urbana", "Localidade Diferenciada": "A escola não está em área de localização diferenciada", "Categoria Administrativa": "Pública", "Endereço": "RUA EQUADOR, 70 JARDIM JACY. 79006-320 Campo Grande - MS.", "Telefone": "(67) 33313996", "Tipo": "Estadual", "Categoria Escola Privada": "Não Informado", "Conveniada Poder Público": "Não", "Regulamentação pelo Conselho de Educação": "Sim", "Porte da Escola": "Entre 201 e 500 matrículas de escolarização", "Etapas e Modalidade de Ensino Oferecidas": "Ensino Fundamental, Ensino Médio", "Outras Ofertas Educacionais": null, "Latitude": "-204.859.035", "Longitude": "-546.393.672", "Lat tratada": -20.4859035, "Long tratada": -54.6393672, "field_22": null, "field_23": null, "field_24": null, "field_25": null }, "geometry": { "type": "Point", "coordinates": [ -54.6393672, -20.4859035 ] } },
{ "type": "Feature", "properties": { "Restrição de Atendimento": "ESCOLA EM FUNCIONAMENTO E SEM RESTRIÇÃO DE ATENDIMENTO", "Nome": "EE DR ARTHUR DE VASCONCELLOS DIAS", "Código INEP": 50005952, "UF": "MS", "Município": "Campo Grande", "Localização": "Urbana", "Localidade Diferenciada": "A escola não está em área de localização diferenciada", "Categoria Administrativa": "Pública", "Endereço": "RUA DOUTOR JIVAGO, 744 CONJUNTO RESIDENCIAL ESTRELA DO SUL. 79013-820 Campo Grande - MS.", "Telefone": "(67) 33510835", "Tipo": "Estadual", "Categoria Escola Privada": "Não Informado", "Conveniada Poder Público": "Não", "Regulamentação pelo Conselho de Educação": "Sim", "Porte da Escola": "Entre 201 e 500 matrículas de escolarização", "Etapas e Modalidade de Ensino Oferecidas": "Ensino Fundamental, Ensino Médio", "Outras Ofertas Educacionais": "Atendimento Educacional Especializado, Atividade Complementar", "Latitude": "-204.202.786", "Longitude": "-545.961.582", "Lat tratada": -20.4202786, "Long tratada": -54.5961582, "field_22": null, "field_23": null, "field_24": null, "field_25": null }, "geometry": { "type": "Point", "coordinates": [ -54.5961582, -20.4202786 ] } },
{ "type": "Feature", "properties": { "Restrição de Atendimento": "ESCOLA EM FUNCIONAMENTO E SEM RESTRIÇÃO DE ATENDIMENTO", "Nome": "EE JOSE BARBOSA RODRIGUES", "Código INEP": 50005979, "UF": "MS", "Município": "Campo Grande", "Localização": "Urbana", "Localidade Diferenciada": "A escola não está em área de localização diferenciada", "Categoria Administrativa": "Pública", "Endereço": "RUA ELESBAO MURTINHO, 856 UNIVERSITARIO. 79063-040 Campo Grande - MS.", "Telefone": "(67) 993186316", "Tipo": "Estadual", "Categoria Escola Privada": "Não Informado", "Conveniada Poder Público": "Não", "Regulamentação pelo Conselho de Educação": "Sim", "Porte da Escola": "Entre 201 e 500 matrículas de escolarização", "Etapas e Modalidade de Ensino Oferecidas": "Ensino Fundamental, Ensino Médio", "Outras Ofertas Educacionais": "Atividade Complementar", "Latitude": "-205.195.054", "Longitude": "-545.959.295", "Lat tratada": -20.5195054, "Long tratada": -54.5959295, "field_22": null, "field_23": null, "field_24": null, "field_25": null }, "geometry": { "type": "Point", "coordinates": [ -54.5959295, -20.5195054 ] } },
{ "type": "Feature", "properties": { "Restrição de Atendimento": "ESCOLA EM FUNCIONAMENTO E SEM RESTRIÇÃO DE ATENDIMENTO", "Nome": "EE JOSE MAMEDE DE AQUINO", "Código INEP": 50005987, "UF": "MS", "Município": "Campo Grande", "Localização": "Urbana", "Localidade Diferenciada": "A escola não está em área de localização diferenciada", "Categoria Administrativa": "Pública", "Endereço": "RUA HEITOR VIEIRA DE ALMEIDA, 287 JARDIM AEROPORTO. 79106-053 Campo Grande - MS.", "Telefone": "(67) 33211674", "Tipo": "Estadual", "Categoria Escola Privada": "Não Informado", "Conveniada Poder Público": "Não", "Regulamentação pelo Conselho de Educação": "Sim", "Porte da Escola": "Entre 501 e 1000 matrículas de escolarização", "Etapas e Modalidade de Ensino Oferecidas": "Ensino Fundamental, Ensino Médio", "Outras Ofertas Educacionais": "Atividade Complementar", "Latitude": "-20.441.602", "Longitude": "-546.873.578", "Lat tratada": -20.441602, "Long tratada": -54.6873578, "field_22": null, "field_23": null, "field_24": null, "field_25": null }, "geometry": { "type": "Point", "coordinates": [ -54.6873578, -20.441602 ] } },
{ "type": "Feature", "properties": { "Restrição de Atendimento": "ESCOLA EM FUNCIONAMENTO E SEM RESTRIÇÃO DE ATENDIMENTO", "Nome": "EE JOSE MARIA HUGO RODRIGUES", "Código INEP": 50005995, "UF": "MS", "Município": "Campo Grande", "Localização": "Urbana", "Localidade Diferenciada": "A escola não está em área de localização diferenciada", "Categoria Administrativa": "Pública", "Endereço": "RUA HUGO PEREIRA DO VALE, 468 MATA DO JACINTO. 79033-210 Campo Grande - MS.", "Telefone": "(67) 33148130", "Tipo": "Estadual", "Categoria Escola Privada": "Não Informado", "Conveniada Poder Público": "Não", "Regulamentação pelo Conselho de Educação": "Sim", "Porte da Escola": "Mais de 1000 matrículas de escolarização", "Etapas e Modalidade de Ensino Oferecidas": "Ensino Fundamental, Ensino Médio", "Outras Ofertas Educacionais": "Atendimento Educacional Especializado, Atividade Complementar", "Latitude": "-204.250.539", "Longitude": "-545.703.712", "Lat tratada": -20.4250539, "Long tratada": -54.5703712, "field_22": null, "field_23": null, "field_24": null, "field_25": null }, "geometry": { "type": "Point", "coordinates": [ -54.5703712, -20.4250539 ] } },
{ "type": "Feature", "properties": { "Restrição de Atendimento": "ESCOLA EM FUNCIONAMENTO E SEM RESTRIÇÃO DE ATENDIMENTO", "Nome": "EE LUCIA MARTINS COELHO", "Código INEP": 50006010, "UF": "MS", "Município": "Campo Grande", "Localização": "Urbana", "Localidade Diferenciada": "A escola não está em área de localização diferenciada", "Categoria Administrativa": "Pública", "Endereço": "RUA BAHIA, 355 JARDIM DOS ESTADOS. 79002-530 Campo Grande - MS.", "Telefone": "(67) 33141237", "Tipo": "Estadual", "Categoria Escola Privada": "Não Informado", "Conveniada Poder Público": "Não", "Regulamentação pelo Conselho de Educação": "Sim", "Porte da Escola": "Entre 201 e 500 matrículas de escolarização", "Etapas e Modalidade de Ensino Oferecidas": "Ensino Médio, Educação de Jovens Adultos", "Outras Ofertas Educacionais": "Atendimento Educacional Especializado", "Latitude": "-204.595.468", "Longitude": "-546.025.017", "Lat tratada": -20.4595468, "Long tratada": -54.6025017, "field_22": null, "field_23": null, "field_24": null, "field_25": null }, "geometry": { "type": "Point", "coordinates": [ -54.6025017, -20.4595468 ] } },
{ "type": "Feature", "properties": { "Restrição de Atendimento": "ESCOLA EM FUNCIONAMENTO E SEM RESTRIÇÃO DE ATENDIMENTO", "Nome": "EE MAESTRO FREDERICO LIEBERMANN", "Código INEP": 50006029, "UF": "MS", "Município": "Campo Grande", "Localização": "Urbana", "Localidade Diferenciada": "A escola não está em área de localização diferenciada", "Categoria Administrativa": "Pública", "Endereço": "AVENIDA MONTE CASTELO, 50 MONTE CASTELO. 79010-400 Campo Grande - MS.", "Telefone": "(67) 33561352", "Tipo": "Estadual", "Categoria Escola Privada": "Não Informado", "Conveniada Poder Público": "Não", "Regulamentação pelo Conselho de Educação": "Sim", "Porte da Escola": "Entre 201 e 500 matrículas de escolarização", "Etapas e Modalidade de Ensino Oferecidas": "Ensino Fundamental, Ensino Médio", "Outras Ofertas Educacionais": "Atividade Complementar", "Latitude": "-204.349.731", "Longitude": "-546.086.852", "Lat tratada": -20.4349731, "Long tratada": -54.6086852, "field_22": null, "field_23": null, "field_24": null, "field_25": null }, "geometry": { "type": "Point", "coordinates": [ -54.6086852, -20.4349731 ] } },
{ "type": "Feature", "properties": { "Restrição de Atendimento": "ESCOLA EM FUNCIONAMENTO E SEM RESTRIÇÃO DE ATENDIMENTO", "Nome": "EE MAESTRO HEITOR VILLA LOBOS", "Código INEP": 50006037, "UF": "MS", "Município": "Campo Grande", "Localização": "Urbana", "Localidade Diferenciada": "A escola não está em área de localização diferenciada", "Categoria Administrativa": "Pública", "Endereço": "RUA ANTONIO ESTEVAO FIGUEIREDO, 209 JARDIM PARATI. 79081-580 Campo Grande - MS.", "Telefone": "(67) 33462351", "Tipo": "Estadual", "Categoria Escola Privada": "Não Informado", "Conveniada Poder Público": "Não", "Regulamentação pelo Conselho de Educação": "Sim", "Porte da Escola": "Entre 201 e 500 matrículas de escolarização", "Etapas e Modalidade de Ensino Oferecidas": "Ensino Fundamental, Ensino Médio", "Outras Ofertas Educacionais": "Atendimento Educacional Especializado, Atividade Complementar", "Latitude": "-20.509.167", "Longitude": "-546.329.318", "Lat tratada": -20.509167, "Long tratada": -54.6329318, "field_22": null, "field_23": null, "field_24": null, "field_25": null }, "geometry": { "type": "Point", "coordinates": [ -54.6329318, -20.509167 ] } },
{ "type": "Feature", "properties": { "Restrição de Atendimento": "ESCOLA EM FUNCIONAMENTO E SEM RESTRIÇÃO DE ATENDIMENTO", "Nome": "EE MARIA ELIZA BOCAYUVA CORREA DA COSTA", "Código INEP": 50006045, "UF": "MS", "Município": "Campo Grande", "Localização": "Urbana", "Localidade Diferenciada": "A escola não está em área de localização diferenciada", "Categoria Administrativa": "Pública", "Endereço": "AVENIDA CIRO ARAUJO FRANCA, 412 VILA MARGARIDA. 79023-270 Campo Grande - MS.", "Telefone": "(67) 33141261", "Tipo": "Estadual", "Categoria Escola Privada": "Não Informado", "Conveniada Poder Público": "Não", "Regulamentação pelo Conselho de Educação": "Sim", "Porte da Escola": "Entre 201 e 500 matrículas de escolarização", "Etapas e Modalidade de Ensino Oferecidas": "Ensino Fundamental, Ensino Médio", "Outras Ofertas Educacionais": "Atividade Complementar", "Latitude": "-204.341.193", "Longitude": "-545.893.826", "Lat tratada": -20.4341193, "Long tratada": -54.5893826, "field_22": null, "field_23": null, "field_24": null, "field_25": null }, "geometry": { "type": "Point", "coordinates": [ -54.5893826, -20.4341193 ] } },
{ "type": "Feature", "properties": { "Restrição de Atendimento": "ESCOLA EM FUNCIONAMENTO E SEM RESTRIÇÃO DE ATENDIMENTO", "Nome": "CEEP PE JOAO GREINER", "Código INEP": 50006053, "UF": "MS", "Município": "Campo Grande", "Localização": "Urbana", "Localidade Diferenciada": "A escola não está em área de localização diferenciada", "Categoria Administrativa": "Pública", "Endereço": "RUA MACUNAIMA, 199 CONJUNTO RESIDENCIAL ESTRELA DO SUL. 79013-290 Campo Grande - MS.", "Telefone": "(67) 992043462", "Tipo": "Estadual", "Categoria Escola Privada": "Não Informado", "Conveniada Poder Público": "Não", "Regulamentação pelo Conselho de Educação": "Sim", "Porte da Escola": "Entre 201 e 500 matrículas de escolarização", "Etapas e Modalidade de Ensino Oferecidas": "Ensino Fundamental, Ensino Médio, Educação Profissional", "Outras Ofertas Educacionais": "Atendimento Educacional Especializado, Atividade Complementar", "Latitude": "-204.183.504", "Longitude": "-545.973.048", "Lat tratada": -20.4183504, "Long tratada": -54.5973048, "field_22": null, "field_23": null, "field_24": null, "field_25": null }, "geometry": { "type": "Point", "coordinates": [ -54.5973048, -20.4183504 ] } },
{ "type": "Feature", "properties": { "Restrição de Atendimento": "ESCOLA EM FUNCIONAMENTO E SEM RESTRIÇÃO DE ATENDIMENTO", "Nome": "EE PADRE MARIO BLANDINO", "Código INEP": 50006061, "UF": "MS", "Município": "Campo Grande", "Localização": "Urbana", "Localidade Diferenciada": "A escola não está em área de localização diferenciada", "Categoria Administrativa": "Pública", "Endereço": "RUA PLINIO MENDES DOS SANTOS, 91 CONJUNTO AERO RANCHO. 79084-090 Campo Grande - MS.", "Telefone": "(67) 991307709", "Tipo": "Estadual", "Categoria Escola Privada": "Não Informado", "Conveniada Poder Público": "Não", "Regulamentação pelo Conselho de Educação": "Sim", "Porte da Escola": "Entre 201 e 500 matrículas de escolarização", "Etapas e Modalidade de Ensino Oferecidas": "Ensino Fundamental, Ensino Médio", "Outras Ofertas Educacionais": "Atendimento Educacional Especializado", "Latitude": "-205.207.565", "Longitude": "-546.490.136", "Lat tratada": -20.5207565, "Long tratada": -54.6490136, "field_22": null, "field_23": null, "field_24": null, "field_25": null }, "geometry": { "type": "Point", "coordinates": [ -54.6490136, -20.5207565 ] } },
{ "type": "Feature", "properties": { "Restrição de Atendimento": "ESCOLA EM FUNCIONAMENTO E SEM RESTRIÇÃO DE ATENDIMENTO", "Nome": "EE PROFª IZAURA HIGA", "Código INEP": 50006070, "UF": "MS", "Município": "Campo Grande", "Localização": "Urbana", "Localidade Diferenciada": "A escola não está em área de localização diferenciada", "Categoria Administrativa": "Pública", "Endereço": "RUA INCONFIDENTE, 348 VILA CIDADE MORENA. 79064-130 Campo Grande - MS.", "Telefone": "(67) 996005934", "Tipo": "Estadual", "Categoria Escola Privada": "Não Informado", "Conveniada Poder Público": "Não", "Regulamentação pelo Conselho de Educação": "Sim", "Porte da Escola": "Entre 201 e 500 matrículas de escolarização", "Etapas e Modalidade de Ensino Oferecidas": "Ensino Fundamental, Ensino Médio", "Outras Ofertas Educacionais": "Atividade Complementar", "Latitude": "-205.551.886", "Longitude": "-54.586.789", "Lat tratada": -20.5551886, "Long tratada": -54.586789, "field_22": null, "field_23": null, "field_24": null, "field_25": null }, "geometry": { "type": "Point", "coordinates": [ -54.586789, -20.5551886 ] } },
{ "type": "Feature", "properties": { "Restrição de Atendimento": "ESCOLA EM FUNCIONAMENTO E SEM RESTRIÇÃO DE ATENDIMENTO", "Nome": "EE PROFª ALICE NUNES ZAMPIERE", "Código INEP": 50006088, "UF": "MS", "Município": "Campo Grande", "Localização": "Urbana", "Localidade Diferenciada": "A escola não está em área de localização diferenciada", "Categoria Administrativa": "Pública", "Endereço": "RUA CONSTANTINOPLA, S/N JARDIM PANAMA. 79112-180 Campo Grande - MS.", "Telefone": "(67) 33147051", "Tipo": "Estadual", "Categoria Escola Privada": "Não Informado", "Conveniada Poder Público": "Não", "Regulamentação pelo Conselho de Educação": "Sim", "Porte da Escola": "Entre 501 e 1000 matrículas de escolarização", "Etapas e Modalidade de Ensino Oferecidas": "Ensino Fundamental, Ensino Médio", "Outras Ofertas Educacionais": "Atendimento Educacional Especializado, Atividade Complementar", "Latitude": "-204.392", "Longitude": "-5.465.864", "Lat tratada": -20.4392, "Long tratada": -54.65864, "field_22": null, "field_23": null, "field_24": null, "field_25": null }, "geometry": { "type": "Point", "coordinates": [ -54.65864, -20.4392 ] } },
{ "type": "Feature", "properties": { "Restrição de Atendimento": "ESCOLA EM FUNCIONAMENTO E SEM RESTRIÇÃO DE ATENDIMENTO", "Nome": "EE PROFª CELIA MARIA NAGLIS", "Código INEP": 50006096, "UF": "MS", "Município": "Campo Grande", "Localização": "Urbana", "Localidade Diferenciada": "A escola não está em área de localização diferenciada", "Categoria Administrativa": "Pública", "Endereço": "RUA BAGUARI, 28 VILA MORENINHA III. 79065-290 Campo Grande - MS.", "Telefone": "(67) 33149012", "Tipo": "Estadual", "Categoria Escola Privada": "Não Informado", "Conveniada Poder Público": "Não", "Regulamentação pelo Conselho de Educação": "Sim", "Porte da Escola": "Entre 201 e 500 matrículas de escolarização", "Etapas e Modalidade de Ensino Oferecidas": "Ensino Fundamental", "Outras Ofertas Educacionais": "Atendimento Educacional Especializado, Atividade Complementar", "Latitude": "-205.553.424", "Longitude": "-545.723.869", "Lat tratada": -20.5553424, "Long tratada": -54.5723869, "field_22": null, "field_23": null, "field_24": null, "field_25": null }, "geometry": { "type": "Point", "coordinates": [ -54.5723869, -20.5553424 ] } },
{ "type": "Feature", "properties": { "Restrição de Atendimento": "ESCOLA EM FUNCIONAMENTO E SEM RESTRIÇÃO DE ATENDIMENTO", "Nome": "EE PROF EMYGDIO CAMPOS WIDAL", "Código INEP": 50006100, "UF": "MS", "Município": "Campo Grande", "Localização": "Urbana", "Localidade Diferenciada": "A escola não está em área de localização diferenciada", "Categoria Administrativa": "Pública", "Endereço": "AVENIDA BOM PASTOR, 460 VILA VILAS BOAS. 79051-220 Campo Grande - MS.", "Telefone": "(67) 30269329", "Tipo": "Estadual", "Categoria Escola Privada": "Não Informado", "Conveniada Poder Público": "Não", "Regulamentação pelo Conselho de Educação": "Sim", "Porte da Escola": "Entre 201 e 500 matrículas de escolarização", "Etapas e Modalidade de Ensino Oferecidas": "Ensino Médio", "Outras Ofertas Educacionais": "Atividade Complementar", "Latitude": "-204.821.277", "Longitude": "-545.951.571", "Lat tratada": -20.4821277, "Long tratada": -54.5951571, "field_22": null, "field_23": null, "field_24": null, "field_25": null }, "geometry": { "type": "Point", "coordinates": [ -54.5951571, -20.4821277 ] } },
{ "type": "Feature", "properties": { "Restrição de Atendimento": "ESCOLA EM FUNCIONAMENTO E SEM RESTRIÇÃO DE ATENDIMENTO", "Nome": "EE PROFª MARIA DE LOURDES TOLEDO AREIAS", "Código INEP": 50006118, "UF": "MS", "Município": "Campo Grande", "Localização": "Urbana", "Localidade Diferenciada": "A escola não está em área de localização diferenciada", "Categoria Administrativa": "Pública", "Endereço": "RUA ARACY PEREIRA DE MATOS, S/N CONJUNTO ROUXINOIS. 79063-280 Campo Grande - MS.", "Telefone": "(67) 33141259", "Tipo": "Estadual", "Categoria Escola Privada": "Não Informado", "Conveniada Poder Público": "Não", "Regulamentação pelo Conselho de Educação": "Sim", "Porte da Escola": "Mais de 1000 matrículas de escolarização", "Etapas e Modalidade de Ensino Oferecidas": "Ensino Fundamental, Ensino Médio", "Outras Ofertas Educacionais": "Atendimento Educacional Especializado, Atividade Complementar", "Latitude": "-205.266.361", "Longitude": "-545.833.493", "Lat tratada": -20.5266361, "Long tratada": -54.5833493, "field_22": null, "field_23": null, "field_24": null, "field_25": null }, "geometry": { "type": "Point", "coordinates": [ -54.5833493, -20.5266361 ] } },
{ "type": "Feature", "properties": { "Restrição de Atendimento": "ESCOLA EM FUNCIONAMENTO E SEM RESTRIÇÃO DE ATENDIMENTO", "Nome": "CEEP PROFª MARIA DE LOURDES WIDAL ROMA", "Código INEP": 50006126, "UF": "MS", "Município": "Campo Grande", "Localização": "Urbana", "Localidade Diferenciada": "A escola não está em área de localização diferenciada", "Categoria Administrativa": "Pública", "Endereço": "RUA ANACA, 780 MORENINHAIII. 79065-070 Campo Grande - MS.", "Telefone": "(67) 993319372", "Tipo": "Estadual", "Categoria Escola Privada": "Não Informado", "Conveniada Poder Público": "Não", "Regulamentação pelo Conselho de Educação": "Sim", "Porte da Escola": "Entre 501 e 1000 matrículas de escolarização", "Etapas e Modalidade de Ensino Oferecidas": "Ensino Médio, Educação Profissional", "Outras Ofertas Educacionais": null, "Latitude": "-205.570.869", "Longitude": "-545.735.038", "Lat tratada": -20.5570869, "Long tratada": -54.5735038, "field_22": null, "field_23": null, "field_24": null, "field_25": null }, "geometry": { "type": "Point", "coordinates": [ -54.5735038, -20.5570869 ] } },
{ "type": "Feature", "properties": { "Restrição de Atendimento": "ESCOLA EM FUNCIONAMENTO E SEM RESTRIÇÃO DE ATENDIMENTO", "Nome": "ESCOLA ESTADUAL PROF SEVERINO DE QUEIROZ", "Código INEP": 50006169, "UF": "MS", "Município": "Campo Grande", "Localização": "Urbana", "Localidade Diferenciada": "A escola não está em área de localização diferenciada", "Categoria Administrativa": "Pública", "Endereço": "RUA SAO PAULO, 1103 VILA ROSA. 79010-050 Campo Grande - MS.", "Telefone": "(67) 33141263", "Tipo": "Estadual", "Categoria Escola Privada": "Não Informado", "Conveniada Poder Público": "Não", "Regulamentação pelo Conselho de Educação": "Sim", "Porte da Escola": "Entre 201 e 500 matrículas de escolarização", "Etapas e Modalidade de Ensino Oferecidas": "Ensino Médio", "Outras Ofertas Educacionais": null, "Latitude": "-204.472", "Longitude": "-5.460.357", "Lat tratada": -20.4472, "Long tratada": -54.60357, "field_22": null, "field_23": null, "field_24": null, "field_25": null }, "geometry": { "type": "Point", "coordinates": [ -54.60357, -20.4472 ] } },
{ "type": "Feature", "properties": { "Restrição de Atendimento": "ESCOLA EM FUNCIONAMENTO E SEM RESTRIÇÃO DE ATENDIMENTO", "Nome": "ESCOLA ESTADUAL PROF SILVIO OLIVEIRA DOS SANTOS", "Código INEP": 50006177, "UF": "MS", "Município": "Campo Grande", "Localização": "Urbana", "Localidade Diferenciada": "A escola não está em área de localização diferenciada", "Categoria Administrativa": "Pública", "Endereço": "RUA PEDRO SOARES DE SOUZA, 154 CONJUNTO AERO RANCHO. 79085-030 Campo Grande - MS.", "Telefone": "(67) 993311671", "Tipo": "Estadual", "Categoria Escola Privada": "Não Informado", "Conveniada Poder Público": "Não", "Regulamentação pelo Conselho de Educação": "Sim", "Porte da Escola": "Mais de 1000 matrículas de escolarização", "Etapas e Modalidade de Ensino Oferecidas": "Ensino Fundamental, Ensino Médio", "Outras Ofertas Educacionais": "Atendimento Educacional Especializado, Atividade Complementar", "Latitude": "-2.052.943", "Longitude": "-5.465.832", "Lat tratada": -20.52943, "Long tratada": -54.65832, "field_22": null, "field_23": null, "field_24": null, "field_25": null }, "geometry": { "type": "Point", "coordinates": [ -54.65832, -20.52943 ] } },
{ "type": "Feature", "properties": { "Restrição de Atendimento": "ESCOLA EM FUNCIONAMENTO E SEM RESTRIÇÃO DE ATENDIMENTO", "Nome": "EE PROFª BRASILINA FERRAZ MANTERO", "Código INEP": 50006207, "UF": "MS", "Município": "Campo Grande", "Localização": "Urbana", "Localidade Diferenciada": "A escola não está em área de localização diferenciada", "Categoria Administrativa": "Pública", "Endereço": "RUA TAMOIO, 260 JARDIM LEBLON. 79092-040 Campo Grande - MS.", "Telefone": "(67) 33146057", "Tipo": "Estadual", "Categoria Escola Privada": "Não Informado", "Conveniada Poder Público": "Não", "Regulamentação pelo Conselho de Educação": "Sim", "Porte da Escola": "Entre 201 e 500 matrículas de escolarização", "Etapas e Modalidade de Ensino Oferecidas": "Ensino Fundamental, Ensino Médio", "Outras Ofertas Educacionais": "Atividade Complementar", "Latitude": "-204.937.154", "Longitude": "-54.652.547", "Lat tratada": -20.4937154, "Long tratada": -54.652547, "field_22": null, "field_23": null, "field_24": null, "field_25": null }, "geometry": { "type": "Point", "coordinates": [ -54.652547, -20.4937154 ] } },
{ "type": "Feature", "properties": { "Restrição de Atendimento": "ESCOLA EM FUNCIONAMENTO E SEM RESTRIÇÃO DE ATENDIMENTO", "Nome": "EE RUI BARBOSA", "Código INEP": 50006215, "UF": "MS", "Município": "Campo Grande", "Localização": "Urbana", "Localidade Diferenciada": "A escola não está em área de localização diferenciada", "Categoria Administrativa": "Pública", "Endereço": "RUA JOAO THOMAZ, 222 SANTO ANTONIO. 79100-350 Campo Grande - MS.", "Telefone": "(67) 33147052", "Tipo": "Estadual", "Categoria Escola Privada": "Não Informado", "Conveniada Poder Público": "Não", "Regulamentação pelo Conselho de Educação": "Sim", "Porte da Escola": "Entre 501 e 1000 matrículas de escolarização", "Etapas e Modalidade de Ensino Oferecidas": "Ensino Fundamental, Ensino Médio", "Outras Ofertas Educacionais": "Atendimento Educacional Especializado, Atividade Complementar", "Latitude": "-204.573", "Longitude": "-546.549.483", "Lat tratada": -20.4573, "Long tratada": -54.6549483, "field_22": null, "field_23": null, "field_24": null, "field_25": null }, "geometry": { "type": "Point", "coordinates": [ -54.6549483, -20.4573 ] } },
{ "type": "Feature", "properties": { "Restrição de Atendimento": "ESCOLA EM FUNCIONAMENTO E SEM RESTRIÇÃO DE ATENDIMENTO", "Nome": "EE SEBASTIAO SANTANA DE OLIVEIRA", "Código INEP": 50006223, "UF": "MS", "Município": "Campo Grande", "Localização": "Urbana", "Localidade Diferenciada": "A escola não está em área de localização diferenciada", "Categoria Administrativa": "Pública", "Endereço": "RUA ARMANDO HOLANDA, 318 CONJUNTO JOSE ABRAO. 79114-050 Campo Grande - MS.", "Telefone": "(67) 33147061", "Tipo": "Estadual", "Categoria Escola Privada": "Não Informado", "Conveniada Poder Público": "Não", "Regulamentação pelo Conselho de Educação": "Sim", "Porte da Escola": "Entre 201 e 500 matrículas de escolarização", "Etapas e Modalidade de Ensino Oferecidas": "Ensino Fundamental, Ensino Médio", "Outras Ofertas Educacionais": "Atendimento Educacional Especializado, Atividade Complementar", "Latitude": "-20.417.737", "Longitude": "-546.623.208", "Lat tratada": -20.417737, "Long tratada": -54.6623208, "field_22": null, "field_23": null, "field_24": null, "field_25": null }, "geometry": { "type": "Point", "coordinates": [ -54.6623208, -20.417737 ] } },
{ "type": "Feature", "properties": { "Restrição de Atendimento": "ESCOLA EM FUNCIONAMENTO E SEM RESTRIÇÃO DE ATENDIMENTO", "Nome": "EE TEOTONIO VILELA", "Código INEP": 50006231, "UF": "MS", "Município": "Campo Grande", "Localização": "Urbana", "Localidade Diferenciada": "A escola não está em área de localização diferenciada", "Categoria Administrativa": "Pública", "Endereço": "AVENIDA SOUZA LIMA, 506 NUCLEO HABITACIONAL UNIVERSITARIAS II. 79071-340 Campo Grande - MS.", "Telefone": "(67) 33145636", "Tipo": "Estadual", "Categoria Escola Privada": "Não Informado", "Conveniada Poder Público": "Não", "Regulamentação pelo Conselho de Educação": "Sim", "Porte da Escola": "Mais de 1000 matrículas de escolarização", "Etapas e Modalidade de Ensino Oferecidas": "Ensino Fundamental, Ensino Médio", "Outras Ofertas Educacionais": "Atendimento Educacional Especializado, Atividade Complementar", "Latitude": "-2.053.639", "Longitude": "-5.461.918", "Lat tratada": -20.53639, "Long tratada": -54.61918, "field_22": null, "field_23": null, "field_24": null, "field_25": null }, "geometry": { "type": "Point", "coordinates": [ -54.61918, -20.53639 ] } },
{ "type": "Feature", "properties": { "Restrição de Atendimento": "ESCOLA EM FUNCIONAMENTO E SEM RESTRIÇÃO DE ATENDIMENTO", "Nome": "EE WALDEMIR BARROS DA SILVA", "Código INEP": 50006240, "UF": "MS", "Município": "Campo Grande", "Localização": "Urbana", "Localidade Diferenciada": "A escola não está em área de localização diferenciada", "Categoria Administrativa": "Pública", "Endereço": "RUA PALMACIA, 1095 VILA MORENINHA II. 79065-140 Campo Grande - MS.", "Telefone": "(67) 33149014", "Tipo": "Estadual", "Categoria Escola Privada": "Não Informado", "Conveniada Poder Público": "Não", "Regulamentação pelo Conselho de Educação": "Sim", "Porte da Escola": "Entre 201 e 500 matrículas de escolarização", "Etapas e Modalidade de Ensino Oferecidas": "Ensino Fundamental, Ensino Médio", "Outras Ofertas Educacionais": "Atividade Complementar", "Latitude": "-205.496.841", "Longitude": "-545.766.129", "Lat tratada": -20.5496841, "Long tratada": -54.5766129, "field_22": null, "field_23": null, "field_24": null, "field_25": null }, "geometry": { "type": "Point", "coordinates": [ -54.5766129, -20.5496841 ] } },
{ "type": "Feature", "properties": { "Restrição de Atendimento": "ESCOLA EM FUNCIONAMENTO E SEM RESTRIÇÃO DE ATENDIMENTO", "Nome": "EE CORACAO DE MARIA", "Código INEP": 50006274, "UF": "MS", "Município": "Campo Grande", "Localização": "Urbana", "Localidade Diferenciada": "A escola não está em área de localização diferenciada", "Categoria Administrativa": "Pública", "Endereço": "RUA DOUTOR ANIBAL DE TOLEDO, 420 VILA SANTA DOROTHEIA. 79004-060 Campo Grande - MS.", "Telefone": "(67) 993266891", "Tipo": "Estadual", "Categoria Escola Privada": "Não Informado", "Conveniada Poder Público": "Não", "Regulamentação pelo Conselho de Educação": "Sim", "Porte da Escola": "Entre 201 e 500 matrículas de escolarização", "Etapas e Modalidade de Ensino Oferecidas": "Ensino Fundamental, Ensino Médio", "Outras Ofertas Educacionais": "Atividade Complementar", "Latitude": "-204.795.454", "Longitude": "-546.113.155", "Lat tratada": -20.4795454, "Long tratada": -54.6113155, "field_22": null, "field_23": null, "field_24": null, "field_25": null }, "geometry": { "type": "Point", "coordinates": [ -54.6113155, -20.4795454 ] } },
{ "type": "Feature", "properties": { "Restrição de Atendimento": "ESCOLA EM FUNCIONAMENTO E SEM RESTRIÇÃO DE ATENDIMENTO", "Nome": "EE GAL MALAN", "Código INEP": 50006282, "UF": "MS", "Município": "Campo Grande", "Localização": "Urbana", "Localidade Diferenciada": "A escola não está em área de localização diferenciada", "Categoria Administrativa": "Pública", "Endereço": "RUA AMANDO DE OLIVEIRA, 595 AMAMBAI. 79008-010 Campo Grande - MS.", "Telefone": "(67) 33141230", "Tipo": "Estadual", "Categoria Escola Privada": "Não Informado", "Conveniada Poder Público": "Não", "Regulamentação pelo Conselho de Educação": "Sim", "Porte da Escola": "Entre 501 e 1000 matrículas de escolarização", "Etapas e Modalidade de Ensino Oferecidas": "Ensino Fundamental, Ensino Médio", "Outras Ofertas Educacionais": "Atendimento Educacional Especializado, Atividade Complementar", "Latitude": "-2.046.668.815", "Longitude": "-5.463.395.915", "Lat tratada": -20.46668815, "Long tratada": -54.63395915, "field_22": null, "field_23": null, "field_24": null, "field_25": null }, "geometry": { "type": "Point", "coordinates": [ -54.63395915, -20.46668815 ] } },
{ "type": "Feature", "properties": { "Restrição de Atendimento": "ESCOLA EM FUNCIONAMENTO E SEM RESTRIÇÃO DE ATENDIMENTO", "Nome": "EE ANTONIO DELFINO PEREIRA E C CULT ED TIA EVA", "Código INEP": 50006290, "UF": "MS", "Município": "Campo Grande", "Localização": "Urbana", "Localidade Diferenciada": "Área remanescente de quilombos", "Categoria Administrativa": "Pública", "Endereço": "RUA EVA MARIA DE JESUS, SN JARDIM SEMINARIO. 79118-732 Campo Grande - MS.", "Telefone": "(67) 33658006", "Tipo": "Estadual", "Categoria Escola Privada": "Não Informado", "Conveniada Poder Público": "Não", "Regulamentação pelo Conselho de Educação": "Sim", "Porte da Escola": "Entre 51 e 200 matrículas de escolarização", "Etapas e Modalidade de Ensino Oferecidas": "Ensino Fundamental", "Outras Ofertas Educacionais": "Atendimento Educacional Especializado", "Latitude": "-2.042.536.629", "Longitude": "-5.461.612.523", "Lat tratada": -20.42536629, "Long tratada": -54.61612523, "field_22": null, "field_23": null, "field_24": null, "field_25": null }, "geometry": { "type": "Point", "coordinates": [ -54.61612523, -20.42536629 ] } },
{ "type": "Feature", "properties": { "Restrição de Atendimento": "ESCOLA EM FUNCIONAMENTO E SEM RESTRIÇÃO DE ATENDIMENTO", "Nome": "EM NICOLAU FRAGELLI", "Código INEP": 50006304, "UF": "MS", "Município": "Campo Grande", "Localização": "Urbana", "Localidade Diferenciada": "A escola não está em área de localização diferenciada", "Categoria Administrativa": "Pública", "Endereço": "AVENIDA EULER DE AZEVEDO, 116 SAO FRANCISCO. 79116-610 Campo Grande - MS.", "Telefone": "(67) 20204194", "Tipo": "Municipal", "Categoria Escola Privada": "Não Informado", "Conveniada Poder Público": "Não", "Regulamentação pelo Conselho de Educação": "Sim", "Porte da Escola": "Entre 201 e 500 matrículas de escolarização", "Etapas e Modalidade de Ensino Oferecidas": "Educação Infantil, Ensino Fundamental", "Outras Ofertas Educacionais": "Atividade Complementar", "Latitude": "-204.430.504", "Longitude": "-546.206.918", "Lat tratada": -20.4430504, "Long tratada": -54.6206918, "field_22": null, "field_23": null, "field_24": null, "field_25": null }, "geometry": { "type": "Point", "coordinates": [ -54.6206918, -20.4430504 ] } },
{ "type": "Feature", "properties": { "Restrição de Atendimento": "ESCOLA EM FUNCIONAMENTO E SEM RESTRIÇÃO DE ATENDIMENTO", "Nome": "EE ORCIRIO THIAGO DE OLIVEIRA", "Código INEP": 50006312, "UF": "MS", "Município": "Campo Grande", "Localização": "Urbana", "Localidade Diferenciada": "A escola não está em área de localização diferenciada", "Categoria Administrativa": "Pública", "Endereço": "RUA SENADOR PONCE, S/N VILA PROGRESSO. 79050-220 Campo Grande - MS.", "Telefone": "(67) 33145632", "Tipo": "Estadual", "Categoria Escola Privada": "Não Informado", "Conveniada Poder Público": "Não", "Regulamentação pelo Conselho de Educação": "Sim", "Porte da Escola": "Entre 501 e 1000 matrículas de escolarização", "Etapas e Modalidade de Ensino Oferecidas": "Ensino Fundamental, Ensino Médio, Educação de Jovens Adultos", "Outras Ofertas Educacionais": "Atendimento Educacional Especializado, Atividade Complementar", "Latitude": "-204.901.297", "Longitude": "-546.051.287", "Lat tratada": -20.4901297, "Long tratada": -54.6051287, "field_22": null, "field_23": null, "field_24": null, "field_25": null }, "geometry": { "type": "Point", "coordinates": [ -54.6051287, -20.4901297 ] } },
{ "type": "Feature", "properties": { "Restrição de Atendimento": "ESCOLA EM FUNCIONAMENTO E SEM RESTRIÇÃO DE ATENDIMENTO", "Nome": "EE PROFª FAUSTA GARCIA BUENO", "Código INEP": 50006320, "UF": "MS", "Município": "Campo Grande", "Localização": "Urbana", "Localidade Diferenciada": "A escola não está em área de localização diferenciada", "Categoria Administrativa": "Pública", "Endereço": "RUA CARLOS SCARDINE, 138 COOPHASUL. 79117-160 Campo Grande - MS.", "Telefone": "(67) 33147060", "Tipo": "Estadual", "Categoria Escola Privada": "Não Informado", "Conveniada Poder Público": "Não", "Regulamentação pelo Conselho de Educação": "Sim", "Porte da Escola": "Mais de 1000 matrículas de escolarização", "Etapas e Modalidade de Ensino Oferecidas": "Ensino Fundamental, Ensino Médio, Educação de Jovens Adultos", "Outras Ofertas Educacionais": "Atividade Complementar", "Latitude": "-204.233.407", "Longitude": "-546.344.766", "Lat tratada": -20.4233407, "Long tratada": -54.6344766, "field_22": null, "field_23": null, "field_24": null, "field_25": null }, "geometry": { "type": "Point", "coordinates": [ -54.6344766, -20.4233407 ] } },
{ "type": "Feature", "properties": { "Restrição de Atendimento": "ESCOLA EM FUNCIONAMENTO E SEM RESTRIÇÃO DE ATENDIMENTO", "Nome": "EE SAO FRANCISCO", "Código INEP": 50006339, "UF": "MS", "Município": "Campo Grande", "Localização": "Urbana", "Localidade Diferenciada": "A escola não está em área de localização diferenciada", "Categoria Administrativa": "Pública", "Endereço": "RUA DOUTOR EULER DE AZEVEDO, 500 SAO FRANCISCO. 79118-000 Campo Grande - MS.", "Telefone": "(67) 33214527", "Tipo": "Estadual", "Categoria Escola Privada": "Não Informado", "Conveniada Poder Público": "Não", "Regulamentação pelo Conselho de Educação": "Sim", "Porte da Escola": "Entre 201 e 500 matrículas de escolarização", "Etapas e Modalidade de Ensino Oferecidas": "Ensino Fundamental, Ensino Médio", "Outras Ofertas Educacionais": "Atendimento Educacional Especializado, Atividade Complementar", "Latitude": "-204.401.986", "Longitude": "-54.622.907", "Lat tratada": -20.4401986, "Long tratada": -54.622907, "field_22": null, "field_23": null, "field_24": null, "field_25": null }, "geometry": { "type": "Point", "coordinates": [ -54.622907, -20.4401986 ] } },
{ "type": "Feature", "properties": { "Restrição de Atendimento": "ESCOLA EM FUNCIONAMENTO E SEM RESTRIÇÃO DE ATENDIMENTO", "Nome": "EE SAO JOSE", "Código INEP": 50006347, "UF": "MS", "Município": "Campo Grande", "Localização": "Urbana", "Localidade Diferenciada": "A escola não está em área de localização diferenciada", "Categoria Administrativa": "Pública", "Endereço": "RUA DOUTOR ARTHUR JORGE, 1762 VILA ROSA PIRES. 79010-210 Campo Grande - MS.", "Telefone": "(67) 33141242", "Tipo": "Estadual", "Categoria Escola Privada": "Não Informado", "Conveniada Poder Público": "Não", "Regulamentação pelo Conselho de Educação": "Sim", "Porte da Escola": "Entre 201 e 500 matrículas de escolarização", "Etapas e Modalidade de Ensino Oferecidas": "Ensino Fundamental, Ensino Médio", "Outras Ofertas Educacionais": "Atividade Complementar", "Latitude": "-2.045.047.544", "Longitude": "-5.460.795.435", "Lat tratada": -20.45047544, "Long tratada": -54.60795435, "field_22": null, "field_23": null, "field_24": null, "field_25": null }, "geometry": { "type": "Point", "coordinates": [ -54.60795435, -20.45047544 ] } },
{ "type": "Feature", "properties": { "Restrição de Atendimento": "ESCOLA EM FUNCIONAMENTO E SEM RESTRIÇÃO DE ATENDIMENTO", "Nome": "EE 11 DE OUTUBRO", "Código INEP": 50006355, "UF": "MS", "Município": "Campo Grande", "Localização": "Urbana", "Localidade Diferenciada": "A escola não está em área de localização diferenciada", "Categoria Administrativa": "Pública", "Endereço": "RUA PORTO BATISTA, 29 JARDIM BONANCA. 79092-153 Campo Grande - MS.", "Telefone": "(67) 998687072", "Tipo": "Estadual", "Categoria Escola Privada": "Não Informado", "Conveniada Poder Público": "Não", "Regulamentação pelo Conselho de Educação": "Sim", "Porte da Escola": "Entre 501 e 1000 matrículas de escolarização", "Etapas e Modalidade de Ensino Oferecidas": "Ensino Fundamental, Ensino Médio", "Outras Ofertas Educacionais": "Atendimento Educacional Especializado, Atividade Complementar", "Latitude": "-204.934.777", "Longitude": "-546.605.245", "Lat tratada": -20.4934777, "Long tratada": -54.6605245, "field_22": null, "field_23": null, "field_24": null, "field_25": null }, "geometry": { "type": "Point", "coordinates": [ -54.6605245, -20.4934777 ] } },
{ "type": "Feature", "properties": { "Restrição de Atendimento": "ESCOLA EM FUNCIONAMENTO E SEM RESTRIÇÃO DE ATENDIMENTO", "Nome": "EE 26 DE AGOSTO", "Código INEP": 50006363, "UF": "MS", "Município": "Campo Grande", "Localização": "Urbana", "Localidade Diferenciada": "A escola não está em área de localização diferenciada", "Categoria Administrativa": "Pública", "Endereço": "RUA RUI BARBOSA, 4580 CENTRO. 79002-367 Campo Grande - MS.", "Telefone": "(67) 33147063", "Tipo": "Estadual", "Categoria Escola Privada": "Não Informado", "Conveniada Poder Público": "Não", "Regulamentação pelo Conselho de Educação": "Sim", "Porte da Escola": "Entre 51 e 200 matrículas de escolarização", "Etapas e Modalidade de Ensino Oferecidas": "Ensino Fundamental, Ensino Médio", "Outras Ofertas Educacionais": null, "Latitude": "-20.445.274", "Longitude": "-54.617.251", "Lat tratada": -20.445274, "Long tratada": -54.617251, "field_22": null, "field_23": null, "field_24": null, "field_25": null }, "geometry": { "type": "Point", "coordinates": [ -54.617251, -20.445274 ] } },
{ "type": "Feature", "properties": { "Restrição de Atendimento": "ESCOLA EM FUNCIONAMENTO E SEM RESTRIÇÃO DE ATENDIMENTO", "Nome": "EE ADVENTOR DIVINO DE ALMEIDA", "Código INEP": 50006371, "UF": "MS", "Município": "Campo Grande", "Localização": "Urbana", "Localidade Diferenciada": "A escola não está em área de localização diferenciada", "Categoria Administrativa": "Pública", "Endereço": "AVENIDA JULIO DE CASTILHO, 841 VILA ALBA. 79100-005 Campo Grande - MS.", "Telefone": "(67) 33147055", "Tipo": "Estadual", "Categoria Escola Privada": "Não Informado", "Conveniada Poder Público": "Não", "Regulamentação pelo Conselho de Educação": "Sim", "Porte da Escola": "Entre 501 e 1000 matrículas de escolarização", "Etapas e Modalidade de Ensino Oferecidas": "Ensino Fundamental, Ensino Médio", "Outras Ofertas Educacionais": "Atividade Complementar", "Latitude": "-204.586.948", "Longitude": "-546.387.478", "Lat tratada": -20.4586948, "Long tratada": -54.6387478, "field_22": null, "field_23": null, "field_24": null, "field_25": null }, "geometry": { "type": "Point", "coordinates": [ -54.6387478, -20.4586948 ] } },
{ "type": "Feature", "properties": { "Restrição de Atendimento": "ESCOLA EM FUNCIONAMENTO E SEM RESTRIÇÃO DE ATENDIMENTO", "Nome": "EE AMANDO DE OLIVEIRA", "Código INEP": 50006380, "UF": "MS", "Município": "Campo Grande", "Localização": "Urbana", "Localidade Diferenciada": "A escola não está em área de localização diferenciada", "Categoria Administrativa": "Pública", "Endereço": "RUA TUPA, SN PORTAO DE ENTRADA. VILA PIRATININGA. 79081-140 Campo Grande - MS.", "Telefone": "(67) 33464004", "Tipo": "Estadual", "Categoria Escola Privada": "Não Informado", "Conveniada Poder Público": "Não", "Regulamentação pelo Conselho de Educação": "Sim", "Porte da Escola": "Entre 201 e 500 matrículas de escolarização", "Etapas e Modalidade de Ensino Oferecidas": "Ensino Fundamental, Ensino Médio", "Outras Ofertas Educacionais": "Atendimento Educacional Especializado, Atividade Complementar", "Latitude": "-204.979.875", "Longitude": "-546.291.471", "Lat tratada": -20.4979875, "Long tratada": -54.6291471, "field_22": null, "field_23": null, "field_24": null, "field_25": null }, "geometry": { "type": "Point", "coordinates": [ -54.6291471, -20.4979875 ] } },
{ "type": "Feature", "properties": { "Restrição de Atendimento": "ESCOLA EM FUNCIONAMENTO E SEM RESTRIÇÃO DE ATENDIMENTO", "Nome": "EE ARLINDO DE SAMPAIO JORGE", "Código INEP": 50006398, "UF": "MS", "Município": "Campo Grande", "Localização": "Urbana", "Localidade Diferenciada": "A escola não está em área de localização diferenciada", "Categoria Administrativa": "Pública", "Endereço": "RUA PARIRIS, 360 VILA MORENINHA II. 79065-080 Campo Grande - MS.", "Telefone": "(67) 33149011", "Tipo": "Estadual", "Categoria Escola Privada": "Não Informado", "Conveniada Poder Público": "Não", "Regulamentação pelo Conselho de Educação": "Sim", "Porte da Escola": "Entre 201 e 500 matrículas de escolarização", "Etapas e Modalidade de Ensino Oferecidas": "Ensino Fundamental, Ensino Médio, Educação de Jovens Adultos", "Outras Ofertas Educacionais": "Atendimento Educacional Especializado, Atividade Complementar", "Latitude": "-205.565.064", "Longitude": "-545.775.326", "Lat tratada": -20.5565064, "Long tratada": -54.5775326, "field_22": null, "field_23": null, "field_24": null, "field_25": null }, "geometry": { "type": "Point", "coordinates": [ -54.5775326, -20.5565064 ] } },
{ "type": "Feature", "properties": { "Restrição de Atendimento": "ESCOLA EM FUNCIONAMENTO E SEM RESTRIÇÃO DE ATENDIMENTO", "Nome": "EE JOAQUIM MURTINHO", "Código INEP": 50006410, "UF": "MS", "Município": "Campo Grande", "Localização": "Urbana", "Localidade Diferenciada": "A escola não está em área de localização diferenciada", "Categoria Administrativa": "Pública", "Endereço": "AVENIDA AFONSO PENA, 2445 CENTRO. 79002-073 Campo Grande - MS.", "Telefone": "(67) 33846124", "Tipo": "Estadual", "Categoria Escola Privada": "Não Informado", "Conveniada Poder Público": "Não", "Regulamentação pelo Conselho de Educação": "Sim", "Porte da Escola": "Mais de 1000 matrículas de escolarização", "Etapas e Modalidade de Ensino Oferecidas": "Ensino Fundamental, Ensino Médio", "Outras Ofertas Educacionais": "Atendimento Educacional Especializado, Atividade Complementar", "Latitude": "-204.627.765", "Longitude": "-546.130.972", "Lat tratada": -20.4627765, "Long tratada": -54.6130972, "field_22": null, "field_23": null, "field_24": null, "field_25": null }, "geometry": { "type": "Point", "coordinates": [ -54.6130972, -20.4627765 ] } },
{ "type": "Feature", "properties": { "Restrição de Atendimento": "ESCOLA EM FUNCIONAMENTO E SEM RESTRIÇÃO DE ATENDIMENTO", "Nome": "EE MANOEL BONIFACIO NUNES DA CUNHA", "Código INEP": 50006436, "UF": "MS", "Município": "Campo Grande", "Localização": "Urbana", "Localidade Diferenciada": "A escola não está em área de localização diferenciada", "Categoria Administrativa": "Pública", "Endereço": "RUA ITAOCA, 196 JARDIM TARUMA. 79097-400 Campo Grande - MS.", "Telefone": "(67) 33733840", "Tipo": "Estadual", "Categoria Escola Privada": "Não Informado", "Conveniada Poder Público": "Não", "Regulamentação pelo Conselho de Educação": "Sim", "Porte da Escola": "Entre 201 e 500 matrículas de escolarização", "Etapas e Modalidade de Ensino Oferecidas": "Ensino Fundamental, Ensino Médio", "Outras Ofertas Educacionais": "Atendimento Educacional Especializado", "Latitude": "-205.427.533", "Longitude": "-546.690.207", "Lat tratada": -20.5427533, "Long tratada": -54.6690207, "field_22": null, "field_23": null, "field_24": null, "field_25": null }, "geometry": { "type": "Point", "coordinates": [ -54.6690207, -20.5427533 ] } },
{ "type": "Feature", "properties": { "Restrição de Atendimento": "ESCOLA EM FUNCIONAMENTO E SEM RESTRIÇÃO DE ATENDIMENTO", "Nome": "EE MARIA CONSTANCA BARROS MACHADO", "Código INEP": 50006444, "UF": "MS", "Município": "Campo Grande", "Localização": "Urbana", "Localidade Diferenciada": "A escola não está em área de localização diferenciada", "Categoria Administrativa": "Pública", "Endereço": "RUA MARECHAL RONDON, 451 AMAMBAI. 79008-000 Campo Grande - MS.", "Telefone": "(67) 33141239", "Tipo": "Estadual", "Categoria Escola Privada": "Não Informado", "Conveniada Poder Público": "Não", "Regulamentação pelo Conselho de Educação": "Sim", "Porte da Escola": "Entre 201 e 500 matrículas de escolarização", "Etapas e Modalidade de Ensino Oferecidas": "Ensino Fundamental, Ensino Médio", "Outras Ofertas Educacionais": "Atendimento Educacional Especializado, Atividade Complementar", "Latitude": "-20.461.115", "Longitude": "-54.627.285", "Lat tratada": -20.461115, "Long tratada": -54.627285, "field_22": null, "field_23": null, "field_24": null, "field_25": null }, "geometry": { "type": "Point", "coordinates": [ -54.627285, -20.461115 ] } },
{ "type": "Feature", "properties": { "Restrição de Atendimento": "ESCOLA EM FUNCIONAMENTO E SEM RESTRIÇÃO DE ATENDIMENTO", "Nome": "EE OLINDA CONCEICAO TEIXEIRA BACHA", "Código INEP": 50006452, "UF": "MS", "Município": "Campo Grande", "Localização": "Urbana", "Localidade Diferenciada": "A escola não está em área de localização diferenciada", "Categoria Administrativa": "Pública", "Endereço": "RUA DAS CAMELIAS, 1446 NUCLEO HABITACIONAL BURITI. 79091-020 Campo Grande - MS.", "Telefone": "(67) 33146062", "Tipo": "Estadual", "Categoria Escola Privada": "Não Informado", "Conveniada Poder Público": "Não", "Regulamentação pelo Conselho de Educação": "Sim", "Porte da Escola": "Entre 501 e 1000 matrículas de escolarização", "Etapas e Modalidade de Ensino Oferecidas": "Ensino Fundamental, Ensino Médio", "Outras Ofertas Educacionais": "Atendimento Educacional Especializado, Atividade Complementar", "Latitude": "-204.939.353", "Longitude": "-546.691.536", "Lat tratada": -20.4939353, "Long tratada": -54.6691536, "field_22": null, "field_23": null, "field_24": null, "field_25": null }, "geometry": { "type": "Point", "coordinates": [ -54.6691536, -20.4939353 ] } },
{ "type": "Feature", "properties": { "Restrição de Atendimento": "ESCOLA EM FUNCIONAMENTO E SEM RESTRIÇÃO DE ATENDIMENTO", "Nome": "EE PADRE JOSE SCAMPINI", "Código INEP": 50006460, "UF": "MS", "Município": "Campo Grande", "Localização": "Urbana", "Localidade Diferenciada": "A escola não está em área de localização diferenciada", "Categoria Administrativa": "Pública", "Endereço": "RUA DO PORTO, 220 COOPHAVILA II. 79097-160 Campo Grande - MS.", "Telefone": "(67) 93172586", "Tipo": "Estadual", "Categoria Escola Privada": "Não Informado", "Conveniada Poder Público": "Não", "Regulamentação pelo Conselho de Educação": "Sim", "Porte da Escola": "Mais de 1000 matrículas de escolarização", "Etapas e Modalidade de Ensino Oferecidas": "Ensino Fundamental, Ensino Médio", "Outras Ofertas Educacionais": null, "Latitude": "-20.536.126", "Longitude": "-546.698.779", "Lat tratada": -20.536126, "Long tratada": -54.6698779, "field_22": null, "field_23": null, "field_24": null, "field_25": null }, "geometry": { "type": "Point", "coordinates": [ -54.6698779, -20.536126 ] } },
{ "type": "Feature", "properties": { "Restrição de Atendimento": "ESCOLA EM FUNCIONAMENTO E SEM RESTRIÇÃO DE ATENDIMENTO", "Nome": "EE PROFª DELMIRA RAMOS DOS SANTOS", "Código INEP": 50006479, "UF": "MS", "Município": "Campo Grande", "Localização": "Urbana", "Localidade Diferenciada": "A escola não está em área de localização diferenciada", "Categoria Administrativa": "Pública", "Endereço": "RUA DOS RECIFES, 371 COOPHAVILA II. 79097-050 Campo Grande - MS.", "Telefone": "(67) 33734789", "Tipo": "Estadual", "Categoria Escola Privada": "Não Informado", "Conveniada Poder Público": "Não", "Regulamentação pelo Conselho de Educação": "Sim", "Porte da Escola": "Entre 201 e 500 matrículas de escolarização", "Etapas e Modalidade de Ensino Oferecidas": "Ensino Fundamental", "Outras Ofertas Educacionais": "Atendimento Educacional Especializado, Atividade Complementar", "Latitude": "-205.345.589", "Longitude": "-546.732.953", "Lat tratada": -20.5345589, "Long tratada": -54.6732953, "field_22": null, "field_23": null, "field_24": null, "field_25": null }, "geometry": { "type": "Point", "coordinates": [ -54.6732953, -20.5345589 ] } },
{ "type": "Feature", "properties": { "Restrição de Atendimento": "ESCOLA EM FUNCIONAMENTO E SEM RESTRIÇÃO DE ATENDIMENTO", "Nome": "EE VESPASIANO MARTINS", "Código INEP": 50006495, "UF": "MS", "Município": "Campo Grande", "Localização": "Urbana", "Localidade Diferenciada": "A escola não está em área de localização diferenciada", "Categoria Administrativa": "Pública", "Endereço": "RUA TREZE DE MAIO, 1516 VILA GLORIA. CENTRO. 79004-422 Campo Grande - MS.", "Telefone": "(67) 33262447", "Tipo": "Estadual", "Categoria Escola Privada": "Não Informado", "Conveniada Poder Público": "Não", "Regulamentação pelo Conselho de Educação": "Sim", "Porte da Escola": "Entre 201 e 500 matrículas de escolarização", "Etapas e Modalidade de Ensino Oferecidas": "Ensino Fundamental, Ensino Médio", "Outras Ofertas Educacionais": "Atendimento Educacional Especializado, Atividade Complementar", "Latitude": "-20.471.919", "Longitude": "-546.140.877", "Lat tratada": -20.471919, "Long tratada": -54.6140877, "field_22": null, "field_23": null, "field_24": null, "field_25": null }, "geometry": { "type": "Point", "coordinates": [ -54.6140877, -20.471919 ] } },
{ "type": "Feature", "properties": { "Restrição de Atendimento": "ESCOLA EM FUNCIONAMENTO E SEM RESTRIÇÃO DE ATENDIMENTO", "Nome": "CEEP HERCULES MAYMONE", "Código INEP": 50006509, "UF": "MS", "Município": "Campo Grande", "Localização": "Urbana", "Localidade Diferenciada": "A escola não está em área de localização diferenciada", "Categoria Administrativa": "Pública", "Endereço": "RUA JOAQUIM MURTINHO, 2612 ITANHANGA PARK. 79003-020 Campo Grande - MS.", "Telefone": "(67) 33141277", "Tipo": "Estadual", "Categoria Escola Privada": "Não Informado", "Conveniada Poder Público": "Não", "Regulamentação pelo Conselho de Educação": "Sim", "Porte da Escola": "Mais de 1000 matrículas de escolarização", "Etapas e Modalidade de Ensino Oferecidas": "Ensino Fundamental, Ensino Médio, Educação Profissional", "Outras Ofertas Educacionais": "Atividade Complementar", "Latitude": "-204.706.448", "Longitude": "-545.894.973", "Lat tratada": -20.4706448, "Long tratada": -54.5894973, "field_22": null, "field_23": null, "field_24": null, "field_25": null }, "geometry": { "type": "Point", "coordinates": [ -54.5894973, -20.4706448 ] } },
{ "type": "Feature", "properties": { "Restrição de Atendimento": "ESCOLA EM FUNCIONAMENTO E SEM RESTRIÇÃO DE ATENDIMENTO", "Nome": "EM CARLOS VILHALVA CRISTALDO", "Código INEP": 50006525, "UF": "MS", "Município": "Campo Grande", "Localização": "Urbana", "Localidade Diferenciada": "A escola não está em área de localização diferenciada", "Categoria Administrativa": "Pública", "Endereço": "RUA PADUA GAZAL, 13 JARDIM AEROPORTO. 79106-200 Campo Grande - MS.", "Telefone": "(67) 20204006", "Tipo": "Municipal", "Categoria Escola Privada": "Não Informado", "Conveniada Poder Público": "Não", "Regulamentação pelo Conselho de Educação": "Sim", "Porte da Escola": "Mais de 1000 matrículas de escolarização", "Etapas e Modalidade de Ensino Oferecidas": "Educação Infantil, Ensino Fundamental, Educação de Jovens Adultos", "Outras Ofertas Educacionais": "Atendimento Educacional Especializado, Atividade Complementar", "Latitude": "-20.446.569", "Longitude": "-546.864.381", "Lat tratada": -20.446569, "Long tratada": -54.6864381, "field_22": null, "field_23": null, "field_24": null, "field_25": null }, "geometry": { "type": "Point", "coordinates": [ -54.6864381, -20.446569 ] } },
{ "type": "Feature", "properties": { "Restrição de Atendimento": "ESCOLA EM FUNCIONAMENTO E SEM RESTRIÇÃO DE ATENDIMENTO", "Nome": "EM CEL ANTONINO", "Código INEP": 50006533, "UF": "MS", "Município": "Campo Grande", "Localização": "Urbana", "Localidade Diferenciada": "A escola não está em área de localização diferenciada", "Categoria Administrativa": "Pública", "Endereço": "RUA DOUTOR MEIRELES, 1401 CORONEL ANTONINO. 79011-060 Campo Grande - MS.", "Telefone": "(67) 20204010", "Tipo": "Municipal", "Categoria Escola Privada": "Não Informado", "Conveniada Poder Público": "Não", "Regulamentação pelo Conselho de Educação": "Sim", "Porte da Escola": "Entre 501 e 1000 matrículas de escolarização", "Etapas e Modalidade de Ensino Oferecidas": "Educação Infantil, Ensino Fundamental", "Outras Ofertas Educacionais": "Atendimento Educacional Especializado, Atividade Complementar", "Latitude": "-2.043.101.581", "Longitude": "-5.459.902.682", "Lat tratada": -20.43101581, "Long tratada": -54.59902682, "field_22": null, "field_23": null, "field_24": null, "field_25": null }, "geometry": { "type": "Point", "coordinates": [ -54.59902682, -20.43101581 ] } },
{ "type": "Feature", "properties": { "Restrição de Atendimento": "ESCOLA EM FUNCIONAMENTO E SEM RESTRIÇÃO DE ATENDIMENTO", "Nome": "EM CEL SEBASTIAO LIMA", "Código INEP": 50006541, "UF": "MS", "Município": "Campo Grande", "Localização": "Urbana", "Localidade Diferenciada": "A escola não está em área de localização diferenciada", "Categoria Administrativa": "Pública", "Endereço": "RUA DOUTOR JAIR GARCIA, 215 VILA SERRADINHO. 79104-010 Campo Grande - MS.", "Telefone": "(67) 20204013", "Tipo": "Municipal", "Categoria Escola Privada": "Não Informado", "Conveniada Poder Público": "Não", "Regulamentação pelo Conselho de Educação": "Sim", "Porte da Escola": "Entre 501 e 1000 matrículas de escolarização", "Etapas e Modalidade de Ensino Oferecidas": "Educação Infantil, Ensino Fundamental", "Outras Ofertas Educacionais": "Atendimento Educacional Especializado, Atividade Complementar", "Latitude": "-204.574.894", "Longitude": "-546.844.649", "Lat tratada": -20.4574894, "Long tratada": -54.6844649, "field_22": null, "field_23": null, "field_24": null, "field_25": null }, "geometry": { "type": "Point", "coordinates": [ -54.6844649, -20.4574894 ] } },
{ "type": "Feature", "properties": { "Restrição de Atendimento": "ESCOLA EM FUNCIONAMENTO E SEM RESTRIÇÃO DE ATENDIMENTO", "Nome": "EM DR TERTULIANO MEIRELLES", "Código INEP": 50006550, "UF": "MS", "Município": "Campo Grande", "Localização": "Urbana", "Localidade Diferenciada": "A escola não está em área de localização diferenciada", "Categoria Administrativa": "Pública", "Endereço": "RUA ANICETO DA COSTA RONDON, 336 CAICARA. 79090-291 Campo Grande - MS.", "Telefone": "(67) 20204024", "Tipo": "Municipal", "Categoria Escola Privada": "Não Informado", "Conveniada Poder Público": "Não", "Regulamentação pelo Conselho de Educação": "Sim", "Porte da Escola": "Entre 501 e 1000 matrículas de escolarização", "Etapas e Modalidade de Ensino Oferecidas": "Educação Infantil, Ensino Fundamental", "Outras Ofertas Educacionais": "Atendimento Educacional Especializado, Atividade Complementar", "Latitude": "-2.048.281.454", "Longitude": "-5.464.768.144", "Lat tratada": -20.48281454, "Long tratada": -54.64768144, "field_22": null, "field_23": null, "field_24": null, "field_25": null }, "geometry": { "type": "Point", "coordinates": [ -54.64768144, -20.48281454 ] } },
{ "type": "Feature", "properties": { "Restrição de Atendimento": "ESCOLA EM FUNCIONAMENTO E SEM RESTRIÇÃO DE ATENDIMENTO", "Nome": "EM ETALIVIO PEREIRA MARTINS", "Código INEP": 50006568, "UF": "MS", "Município": "Campo Grande", "Localização": "Urbana", "Localidade Diferenciada": "A escola não está em área de localização diferenciada", "Categoria Administrativa": "Pública", "Endereço": "RUA SAO LEOPOLDO, 53 MONTE CASTELO. 79010-380 Campo Grande - MS.", "Telefone": "(67) 20204030", "Tipo": "Municipal", "Categoria Escola Privada": "Não Informado", "Conveniada Poder Público": "Não", "Regulamentação pelo Conselho de Educação": "Sim", "Porte da Escola": "Entre 501 e 1000 matrículas de escolarização", "Etapas e Modalidade de Ensino Oferecidas": "Educação Infantil, Ensino Fundamental", "Outras Ofertas Educacionais": "Atividade Complementar", "Latitude": "-204.381.478", "Longitude": "-5.460.754.286", "Lat tratada": -20.4381478, "Long tratada": -54.60754286, "field_22": null, "field_23": null, "field_24": null, "field_25": null }, "geometry": { "type": "Point", "coordinates": [ -54.60754286, -20.4381478 ] } },
{ "type": "Feature", "properties": { "Restrição de Atendimento": "ESCOLA EM FUNCIONAMENTO E SEM RESTRIÇÃO DE ATENDIMENTO", "Nome": "EM IMACULADA CONCEICAO", "Código INEP": 50006576, "UF": "MS", "Município": "Campo Grande", "Localização": "Urbana", "Localidade Diferenciada": "A escola não está em área de localização diferenciada", "Categoria Administrativa": "Pública", "Endereço": "TRAVESSA BORNEU, 54 JARDIM BATISTAO. 79094-510 Campo Grande - MS.", "Telefone": "(67) 20204039", "Tipo": "Municipal", "Categoria Escola Privada": "Não Informado", "Conveniada Poder Público": "Não", "Regulamentação pelo Conselho de Educação": "Sim", "Porte da Escola": "Mais de 1000 matrículas de escolarização", "Etapas e Modalidade de Ensino Oferecidas": "Educação Infantil, Ensino Fundamental", "Outras Ofertas Educacionais": "Atendimento Educacional Especializado, Atividade Complementar", "Latitude": "-205.229.213", "Longitude": "-546.605.463", "Lat tratada": -20.5229213, "Long tratada": -54.6605463, "field_22": null, "field_23": null, "field_24": null, "field_25": null }, "geometry": { "type": "Point", "coordinates": [ -54.6605463, -20.5229213 ] } },
{ "type": "Feature", "properties": { "Restrição de Atendimento": "ESCOLA EM FUNCIONAMENTO E SEM RESTRIÇÃO DE ATENDIMENTO", "Nome": "EM JOAO DE PAULA RIBEIRO", "Código INEP": 50006584, "UF": "MS", "Município": "Campo Grande", "Localização": "Urbana", "Localidade Diferenciada": "A escola não está em área de localização diferenciada", "Categoria Administrativa": "Pública", "Endereço": "RUA QUATORZE DE JULHO, 5140 MONTE CASTELO. 79011-470 Campo Grande - MS.", "Telefone": "(67) 20204046", "Tipo": "Municipal", "Categoria Escola Privada": "Não Informado", "Conveniada Poder Público": "Não", "Regulamentação pelo Conselho de Educação": "Sim", "Porte da Escola": "Entre 501 e 1000 matrículas de escolarização", "Etapas e Modalidade de Ensino Oferecidas": "Ensino Fundamental", "Outras Ofertas Educacionais": "Atividade Complementar", "Latitude": "-204.349.168", "Longitude": "-546.167.617", "Lat tratada": -20.4349168, "Long tratada": -54.6167617, "field_22": null, "field_23": null, "field_24": null, "field_25": null }, "geometry": { "type": "Point", "coordinates": [ -54.6167617, -20.4349168 ] } },
{ "type": "Feature", "properties": { "Restrição de Atendimento": "ESCOLA EM FUNCIONAMENTO E SEM RESTRIÇÃO DE ATENDIMENTO", "Nome": "EM JOAO NEPOMUCENO", "Código INEP": 50006592, "UF": "MS", "Município": "Campo Grande", "Localização": "Urbana", "Localidade Diferenciada": "A escola não está em área de localização diferenciada", "Categoria Administrativa": "Pública", "Endereço": "RUA BRIGADEIRO TOBIAS, 701 TAQUARUSSU. 79006-600 Campo Grande - MS.", "Telefone": "(67) 20204050", "Tipo": "Municipal", "Categoria Escola Privada": "Não Informado", "Conveniada Poder Público": "Não", "Regulamentação pelo Conselho de Educação": "Sim", "Porte da Escola": "Entre 201 e 500 matrículas de escolarização", "Etapas e Modalidade de Ensino Oferecidas": "Educação Infantil, Ensino Fundamental", "Outras Ofertas Educacionais": "Atendimento Educacional Especializado, Atividade Complementar", "Latitude": "-2.047.996.342", "Longitude": "-5.463.378.925", "Lat tratada": -20.47996342, "Long tratada": -54.63378925, "field_22": null, "field_23": null, "field_24": null, "field_25": null }, "geometry": { "type": "Point", "coordinates": [ -54.63378925, -20.47996342 ] } },
{ "type": "Feature", "properties": { "Restrição de Atendimento": "ESCOLA EM FUNCIONAMENTO E SEM RESTRIÇÃO DE ATENDIMENTO", "Nome": "EM JOSE DORILEO DE PINA", "Código INEP": 50006606, "UF": "MS", "Município": "Campo Grande", "Localização": "Urbana", "Localidade Diferenciada": "A escola não está em área de localização diferenciada", "Categoria Administrativa": "Pública", "Endereço": "RUA MANOEL GARCIA DE SOUZA, 662 JARDIM MONUMENTO. 79063-170 Campo Grande - MS.", "Telefone": "(67) 20204052", "Tipo": "Municipal", "Categoria Escola Privada": "Não Informado", "Conveniada Poder Público": "Não", "Regulamentação pelo Conselho de Educação": "Sim", "Porte da Escola": "Entre 501 e 1000 matrículas de escolarização", "Etapas e Modalidade de Ensino Oferecidas": "Educação Infantil, Ensino Fundamental", "Outras Ofertas Educacionais": "Atividade Complementar", "Latitude": "-205.311.758", "Longitude": "-546.017.976", "Lat tratada": -20.5311758, "Long tratada": -54.6017976, "field_22": null, "field_23": null, "field_24": null, "field_25": null }, "geometry": { "type": "Point", "coordinates": [ -54.6017976, -20.5311758 ] } },
{ "type": "Feature", "properties": { "Restrição de Atendimento": "ESCOLA EM FUNCIONAMENTO E SEM RESTRIÇÃO DE ATENDIMENTO", "Nome": "EM JOSE RODRIGUES BENFICA", "Código INEP": 50006614, "UF": "MS", "Município": "Campo Grande", "Localização": "Urbana", "Localidade Diferenciada": "A escola não está em área de localização diferenciada", "Categoria Administrativa": "Pública", "Endereço": "RUA DOS BARBOSAS, 355 AMAMBAI. 79005-430 Campo Grande - MS.", "Telefone": "(67) 20204056", "Tipo": "Municipal", "Categoria Escola Privada": "Não Informado", "Conveniada Poder Público": "Não", "Regulamentação pelo Conselho de Educação": "Sim", "Porte da Escola": "Entre 201 e 500 matrículas de escolarização", "Etapas e Modalidade de Ensino Oferecidas": "Educação Infantil, Ensino Fundamental", "Outras Ofertas Educacionais": "Atendimento Educacional Especializado, Atividade Complementar", "Latitude": "-204.686.156", "Longitude": "-546.250.024", "Lat tratada": -20.4686156, "Long tratada": -54.6250024, "field_22": null, "field_23": null, "field_24": null, "field_25": null }, "geometry": { "type": "Point", "coordinates": [ -54.6250024, -20.4686156 ] } },
{ "type": "Feature", "properties": { "Restrição de Atendimento": "ESCOLA EM FUNCIONAMENTO E SEM RESTRIÇÃO DE ATENDIMENTO", "Nome": "EM KAME ADANIA", "Código INEP": 50006622, "UF": "MS", "Município": "Campo Grande", "Localização": "Urbana", "Localidade Diferenciada": "A escola não está em área de localização diferenciada", "Categoria Administrativa": "Pública", "Endereço": "RUA JOAO DE FARIAS, 67 CJ.HAB.NASC.SEGREDO. NASCENTE SEGREDO. 79014-550 Campo Grande - MS.", "Telefone": "(67) 20204058", "Tipo": "Municipal", "Categoria Escola Privada": "Não Informado", "Conveniada Poder Público": "Não", "Regulamentação pelo Conselho de Educação": "Sim", "Porte da Escola": "Entre 201 e 500 matrículas de escolarização", "Etapas e Modalidade de Ensino Oferecidas": "Educação Infantil, Ensino Fundamental", "Outras Ofertas Educacionais": "Atividade Complementar", "Latitude": "-204.119.711", "Longitude": "-545.928.239", "Lat tratada": -20.4119711, "Long tratada": -54.5928239, "field_22": null, "field_23": null, "field_24": null, "field_25": null }, "geometry": { "type": "Point", "coordinates": [ -54.5928239, -20.4119711 ] } },
{ "type": "Feature", "properties": { "Restrição de Atendimento": "ESCOLA EM FUNCIONAMENTO E SEM RESTRIÇÃO DE ATENDIMENTO", "Nome": "EM PREF MANOEL INACIO DE SOUZA", "Código INEP": 50006630, "UF": "MS", "Município": "Campo Grande", "Localização": "Urbana", "Localidade Diferenciada": "A escola não está em área de localização diferenciada", "Categoria Administrativa": "Pública", "Endereço": "RUA AFRANIO PEIXOTO, 452 SANTO ANTONIO. 79100-500 Campo Grande - MS.", "Telefone": "(67) 20204078", "Tipo": "Municipal", "Categoria Escola Privada": "Não Informado", "Conveniada Poder Público": "Não", "Regulamentação pelo Conselho de Educação": "Sim", "Porte da Escola": "Entre 201 e 500 matrículas de escolarização", "Etapas e Modalidade de Ensino Oferecidas": "Educação Infantil, Ensino Fundamental", "Outras Ofertas Educacionais": "Atendimento Educacional Especializado, Atividade Complementar", "Latitude": "-2.045.960.069", "Longitude": "-5.464.908.198", "Lat tratada": -20.45960069, "Long tratada": -54.64908198, "field_22": null, "field_23": null, "field_24": null, "field_25": null }, "geometry": { "type": "Point", "coordinates": [ -54.64908198, -20.45960069 ] } },
{ "type": "Feature", "properties": { "Restrição de Atendimento": "ESCOLA EM FUNCIONAMENTO E SEM RESTRIÇÃO DE ATENDIMENTO", "Nome": "EM PROFª ADAIR DE OLIVEIRA", "Código INEP": 50006649, "UF": "MS", "Município": "Campo Grande", "Localização": "Urbana", "Localidade Diferenciada": "A escola não está em área de localização diferenciada", "Categoria Administrativa": "Pública", "Endereço": "RUA DONA CARLOTA, 94 VILA PIRATININGA. 79081-170 Campo Grande - MS.", "Telefone": "(67) 20204121", "Tipo": "Municipal", "Categoria Escola Privada": "Não Informado", "Conveniada Poder Público": "Não", "Regulamentação pelo Conselho de Educação": "Sim", "Porte da Escola": "Entre 501 e 1000 matrículas de escolarização", "Etapas e Modalidade de Ensino Oferecidas": "Educação Infantil, Ensino Fundamental", "Outras Ofertas Educacionais": "Atendimento Educacional Especializado, Atividade Complementar", "Latitude": "-2.049.756.596", "Longitude": "-5.463.337.452", "Lat tratada": -20.49756596, "Long tratada": -54.63337452, "field_22": null, "field_23": null, "field_24": null, "field_25": null }, "geometry": { "type": "Point", "coordinates": [ -54.63337452, -20.49756596 ] } },
{ "type": "Feature", "properties": { "Restrição de Atendimento": "ESCOLA EM FUNCIONAMENTO E SEM RESTRIÇÃO DE ATENDIMENTO", "Nome": "EM PROF ARLINDO LIMA", "Código INEP": 50006657, "UF": "MS", "Município": "Campo Grande", "Localização": "Urbana", "Localidade Diferenciada": "A escola não está em área de localização diferenciada", "Categoria Administrativa": "Pública", "Endereço": "RUA BARAO DO RIO BRANCO, 2469 CENTRO. 79002-173 Campo Grande - MS.", "Telefone": "(67) 20204089", "Tipo": "Municipal", "Categoria Escola Privada": "Não Informado", "Conveniada Poder Público": "Não", "Regulamentação pelo Conselho de Educação": "Sim", "Porte da Escola": "Entre 501 e 1000 matrículas de escolarização", "Etapas e Modalidade de Ensino Oferecidas": "Educação Infantil, Ensino Fundamental", "Outras Ofertas Educacionais": "Atendimento Educacional Especializado, Atividade Complementar", "Latitude": "-204.603.481", "Longitude": "-546.051.637", "Lat tratada": -20.4603481, "Long tratada": -54.6051637, "field_22": null, "field_23": null, "field_24": null, "field_25": null }, "geometry": { "type": "Point", "coordinates": [ -54.6051637, -20.4603481 ] } },
{ "type": "Feature", "properties": { "Restrição de Atendimento": "ESCOLA EM FUNCIONAMENTO E SEM RESTRIÇÃO DE ATENDIMENTO", "Nome": "EM PROFª BRIGIDA FERRAZ FOSS", "Código INEP": 50006665, "UF": "MS", "Município": "Campo Grande", "Localização": "Urbana", "Localidade Diferenciada": "A escola não está em área de localização diferenciada", "Categoria Administrativa": "Pública", "Endereço": "RUA BRIGADEIRO MACHADO, 1.271 JARDIM JACY. 79006-610 Campo Grande - MS.", "Telefone": "(67) 20204127", "Tipo": "Municipal", "Categoria Escola Privada": "Não Informado", "Conveniada Poder Público": "Não", "Regulamentação pelo Conselho de Educação": "Sim", "Porte da Escola": "Entre 501 e 1000 matrículas de escolarização", "Etapas e Modalidade de Ensino Oferecidas": "Educação Infantil, Ensino Fundamental", "Outras Ofertas Educacionais": "Atendimento Educacional Especializado, Atividade Complementar", "Latitude": "-2.048.776.415", "Longitude": "-5.463.914.881", "Lat tratada": -20.48776415, "Long tratada": -54.63914881, "field_22": null, "field_23": null, "field_24": null, "field_25": null }, "geometry": { "type": "Point", "coordinates": [ -54.63914881, -20.48776415 ] } },
{ "type": "Feature", "properties": { "Restrição de Atendimento": "ESCOLA EM FUNCIONAMENTO E SEM RESTRIÇÃO DE ATENDIMENTO", "Nome": "EM PROFª DANDA NUNES", "Código INEP": 50006673, "UF": "MS", "Município": "Campo Grande", "Localização": "Urbana", "Localidade Diferenciada": "A escola não está em área de localização diferenciada", "Categoria Administrativa": "Pública", "Endereço": "RUA CALIANDRA, 225 VIVENDAS DO BOSQUE. 79021-160 Campo Grande - MS.", "Telefone": "(67) 20204130", "Tipo": "Municipal", "Categoria Escola Privada": "Não Informado", "Conveniada Poder Público": "Não", "Regulamentação pelo Conselho de Educação": "Sim", "Porte da Escola": "Entre 501 e 1000 matrículas de escolarização", "Etapas e Modalidade de Ensino Oferecidas": "Educação Infantil, Ensino Fundamental", "Outras Ofertas Educacionais": "Atendimento Educacional Especializado, Atividade Complementar", "Latitude": "-204.504.803", "Longitude": "-5.458.184.863", "Lat tratada": -20.4504803, "Long tratada": -54.58184863, "field_22": null, "field_23": null, "field_24": null, "field_25": null }, "geometry": { "type": "Point", "coordinates": [ -54.58184863, -20.4504803 ] } },
{ "type": "Feature", "properties": { "Restrição de Atendimento": "ESCOLA EM FUNCIONAMENTO E SEM RESTRIÇÃO DE ATENDIMENTO", "Nome": "EM PROFª ELIZABEL MARIA GOMES SALLES", "Código INEP": 50006681, "UF": "MS", "Município": "Campo Grande", "Localização": "Urbana", "Localidade Diferenciada": "A escola não está em área de localização diferenciada", "Categoria Administrativa": "Pública", "Endereço": "RUA SAO GREGORIO, 451 VILA SANTA LUZIA. 79116-290 Campo Grande - MS.", "Telefone": "(67) 20204132", "Tipo": "Municipal", "Categoria Escola Privada": "Não Informado", "Conveniada Poder Público": "Não", "Regulamentação pelo Conselho de Educação": "Sim", "Porte da Escola": "Mais de 1000 matrículas de escolarização", "Etapas e Modalidade de Ensino Oferecidas": "Educação Infantil, Ensino Fundamental", "Outras Ofertas Educacionais": "Atendimento Educacional Especializado, Atividade Complementar", "Latitude": "-2.041.245.646", "Longitude": "-5.464.322.334", "Lat tratada": -20.41245646, "Long tratada": -54.64322334, "field_22": null, "field_23": null, "field_24": null, "field_25": null }, "geometry": { "type": "Point", "coordinates": [ -54.64322334, -20.41245646 ] } },
{ "type": "Feature", "properties": { "Restrição de Atendimento": "ESCOLA EM FUNCIONAMENTO E SEM RESTRIÇÃO DE ATENDIMENTO", "Nome": "EM PROF ERNESTO GARCIA DE ARAUJO", "Código INEP": 50006690, "UF": "MS", "Município": "Campo Grande", "Localização": "Urbana", "Localidade Diferenciada": "A escola não está em área de localização diferenciada", "Categoria Administrativa": "Pública", "Endereço": "RUA DOUTOR ALFREDO AURELIO DE CASTRO, 748 VILA ELIANE. 79103-330 Campo Grande - MS.", "Telefone": "(67) 20204091", "Tipo": "Municipal", "Categoria Escola Privada": "Não Informado", "Conveniada Poder Público": "Não", "Regulamentação pelo Conselho de Educação": "Sim", "Porte da Escola": "Entre 201 e 500 matrículas de escolarização", "Etapas e Modalidade de Ensino Oferecidas": "Educação Infantil, Ensino Fundamental", "Outras Ofertas Educacionais": "Atividade Complementar", "Latitude": "-204.534.112", "Longitude": "-546.829.658", "Lat tratada": -20.4534112, "Long tratada": -54.6829658, "field_22": null, "field_23": null, "field_24": null, "field_25": null }, "geometry": { "type": "Point", "coordinates": [ -54.6829658, -20.4534112 ] } },
{ "type": "Feature", "properties": { "Restrição de Atendimento": "ESCOLA EM FUNCIONAMENTO E SEM RESTRIÇÃO DE ATENDIMENTO", "Nome": "EM PROFª EULALIA NETO LESSA", "Código INEP": 50006703, "UF": "MS", "Município": "Campo Grande", "Localização": "Urbana", "Localidade Diferenciada": "A escola não está em área de localização diferenciada", "Categoria Administrativa": "Pública", "Endereço": "RUA TERLITA GARCIA, 1823 BAIRRO MANOEL TAVEIRA. 79115-500 Campo Grande - MS.", "Telefone": "(67) 20204134", "Tipo": "Municipal", "Categoria Escola Privada": "Não Informado", "Conveniada Poder Público": "Não", "Regulamentação pelo Conselho de Educação": "Sim", "Porte da Escola": "Entre 501 e 1000 matrículas de escolarização", "Etapas e Modalidade de Ensino Oferecidas": "Educação Infantil, Ensino Fundamental", "Outras Ofertas Educacionais": "Atendimento Educacional Especializado, Atividade Complementar", "Latitude": "-204.270.864", "Longitude": "-546.505.112", "Lat tratada": -20.4270864, "Long tratada": -54.6505112, "field_22": null, "field_23": null, "field_24": null, "field_25": null }, "geometry": { "type": "Point", "coordinates": [ -54.6505112, -20.4270864 ] } },
{ "type": "Feature", "properties": { "Restrição de Atendimento": "ESCOLA EM FUNCIONAMENTO E SEM RESTRIÇÃO DE ATENDIMENTO", "Nome": "EM PROFª LEIRE PIMENTEL DE CARVALHO CORREA", "Código INEP": 50006738, "UF": "MS", "Município": "Campo Grande", "Localização": "Urbana", "Localidade Diferenciada": "A escola não está em área de localização diferenciada", "Categoria Administrativa": "Pública", "Endereço": "RUA ENZO CIANTELLI, S/Nº JARDIM COLIBRI. 79071-010 Campo Grande - MS.", "Telefone": "(67) 20204146", "Tipo": "Municipal", "Categoria Escola Privada": "Não Informado", "Conveniada Poder Público": "Não", "Regulamentação pelo Conselho de Educação": "Sim", "Porte da Escola": "Entre 501 e 1000 matrículas de escolarização", "Etapas e Modalidade de Ensino Oferecidas": "Educação Infantil, Ensino Fundamental", "Outras Ofertas Educacionais": "Atendimento Educacional Especializado, Atividade Complementar", "Latitude": "-2.052.547.017", "Longitude": "-5.460.600.151", "Lat tratada": -20.52547017, "Long tratada": -54.60600151, "field_22": null, "field_23": null, "field_24": null, "field_25": null }, "geometry": { "type": "Point", "coordinates": [ -54.60600151, -20.52547017 ] } },
{ "type": "Feature", "properties": { "Restrição de Atendimento": "ESCOLA EM FUNCIONAMENTO E SEM RESTRIÇÃO DE ATENDIMENTO", "Nome": "EM PROFª MARIA TEREZA RODRIGUES", "Código INEP": 50006746, "UF": "MS", "Município": "Campo Grande", "Localização": "Urbana", "Localidade Diferenciada": "A escola não está em área de localização diferenciada", "Categoria Administrativa": "Pública", "Endereço": "RUA CORONEL ADAUTO BARBOSA, 350 JARDIM SANTA EMILIA. 79093-320 Campo Grande - MS.", "Telefone": "(67) 20204153", "Tipo": "Municipal", "Categoria Escola Privada": "Não Informado", "Conveniada Poder Público": "Não", "Regulamentação pelo Conselho de Educação": "Sim", "Porte da Escola": "Mais de 1000 matrículas de escolarização", "Etapas e Modalidade de Ensino Oferecidas": "Educação Infantil, Ensino Fundamental", "Outras Ofertas Educacionais": "Atendimento Educacional Especializado, Atividade Complementar", "Latitude": "-2.050.211.533", "Longitude": "-5.467.513.677", "Lat tratada": -20.50211533, "Long tratada": -54.67513677, "field_22": null, "field_23": null, "field_24": null, "field_25": null }, "geometry": { "type": "Point", "coordinates": [ -54.67513677, -20.50211533 ] } },
{ "type": "Feature", "properties": { "Restrição de Atendimento": "ESCOLA EM FUNCIONAMENTO E SEM RESTRIÇÃO DE ATENDIMENTO", "Nome": "EM PROFª MARINA COUTO FORTES", "Código INEP": 50006754, "UF": "MS", "Município": "Campo Grande", "Localização": "Urbana", "Localidade Diferenciada": "A escola não está em área de localização diferenciada", "Categoria Administrativa": "Pública", "Endereço": "RUA PIRITUBA, 718 GUANANDI. 79086-430 Campo Grande - MS.", "Telefone": "(67) 20204155", "Tipo": "Municipal", "Categoria Escola Privada": "Não Informado", "Conveniada Poder Público": "Não", "Regulamentação pelo Conselho de Educação": "Sim", "Porte da Escola": "Entre 201 e 500 matrículas de escolarização", "Etapas e Modalidade de Ensino Oferecidas": "Educação Infantil, Ensino Fundamental", "Outras Ofertas Educacionais": "Atendimento Educacional Especializado, Atividade Complementar", "Latitude": "-205.023.722", "Longitude": "-546.447.712", "Lat tratada": -20.5023722, "Long tratada": -54.6447712, "field_22": null, "field_23": null, "field_24": null, "field_25": null }, "geometry": { "type": "Point", "coordinates": [ -54.6447712, -20.5023722 ] } },
{ "type": "Feature", "properties": { "Restrição de Atendimento": "ESCOLA EM FUNCIONAMENTO E SEM RESTRIÇÃO DE ATENDIMENTO", "Nome": "EM PROFª OLIVA ENCISO", "Código INEP": 50006762, "UF": "MS", "Município": "Campo Grande", "Localização": "Urbana", "Localidade Diferenciada": "A escola não está em área de localização diferenciada", "Categoria Administrativa": "Pública", "Endereço": "RUA ALVARO SILVEIRA, 210 TIRADENTES. 79042-290 Campo Grande - MS.", "Telefone": "(67) 20204157", "Tipo": "Municipal", "Categoria Escola Privada": "Não Informado", "Conveniada Poder Público": "Não", "Regulamentação pelo Conselho de Educação": "Sim", "Porte da Escola": "Mais de 1000 matrículas de escolarização", "Etapas e Modalidade de Ensino Oferecidas": "Educação Infantil, Ensino Fundamental", "Outras Ofertas Educacionais": "Atividade Complementar", "Latitude": "-204.808.249", "Longitude": "-5.457.010.386", "Lat tratada": -20.4808249, "Long tratada": -54.57010386, "field_22": null, "field_23": null, "field_24": null, "field_25": null }, "geometry": { "type": "Point", "coordinates": [ -54.57010386, -20.4808249 ] } },
{ "type": "Feature", "properties": { "Restrição de Atendimento": "ESCOLA EM FUNCIONAMENTO E SEM RESTRIÇÃO DE ATENDIMENTO", "Nome": "EM SANTOS DUMONT", "Código INEP": 50006770, "UF": "MS", "Município": "Campo Grande", "Localização": "Urbana", "Localidade Diferenciada": "A escola não está em área de localização diferenciada", "Categoria Administrativa": "Pública", "Endereço": "RUA CRISTIANO MACHADO, 147 SANTO AMARO. 79112-060 Campo Grande - MS.", "Telefone": "(67) 20204162", "Tipo": "Municipal", "Categoria Escola Privada": "Não Informado", "Conveniada Poder Público": "Não", "Regulamentação pelo Conselho de Educação": "Sim", "Porte da Escola": "Entre 501 e 1000 matrículas de escolarização", "Etapas e Modalidade de Ensino Oferecidas": "Educação Infantil, Ensino Fundamental", "Outras Ofertas Educacionais": "Atendimento Educacional Especializado, Atividade Complementar", "Latitude": "-204.465.955", "Longitude": "-546.491.262", "Lat tratada": -20.4465955, "Long tratada": -54.6491262, "field_22": null, "field_23": null, "field_24": null, "field_25": null }, "geometry": { "type": "Point", "coordinates": [ -54.6491262, -20.4465955 ] } },
{ "type": "Feature", "properties": { "Restrição de Atendimento": "ESCOLA EM FUNCIONAMENTO E SEM RESTRIÇÃO DE ATENDIMENTO", "Nome": "EM FREDERICO SOARES", "Código INEP": 50006789, "UF": "MS", "Município": "Campo Grande", "Localização": "Urbana", "Localidade Diferenciada": "A escola não está em área de localização diferenciada", "Categoria Administrativa": "Pública", "Endereço": "AVENIDA RADIO MAIA, 410 VILA POPULAR. 79106-550 Campo Grande - MS.", "Telefone": "(67) 20204033", "Tipo": "Municipal", "Categoria Escola Privada": "Não Informado", "Conveniada Poder Público": "Não", "Regulamentação pelo Conselho de Educação": "Sim", "Porte da Escola": "Mais de 1000 matrículas de escolarização", "Etapas e Modalidade de Ensino Oferecidas": "Educação Infantil, Ensino Fundamental", "Outras Ofertas Educacionais": "Atendimento Educacional Especializado, Atividade Complementar", "Latitude": "-204.533.366", "Longitude": "-547.036.452", "Lat tratada": -20.4533366, "Long tratada": -54.7036452, "field_22": null, "field_23": null, "field_24": null, "field_25": null }, "geometry": { "type": "Point", "coordinates": [ -54.7036452, -20.4533366 ] } },
{ "type": "Feature", "properties": { "Restrição de Atendimento": "ESCOLA EM FUNCIONAMENTO E SEM RESTRIÇÃO DE ATENDIMENTO", "Nome": "EM GOV HARRY AMORIM COSTA", "Código INEP": 50006797, "UF": "MS", "Município": "Campo Grande", "Localização": "Urbana", "Localidade Diferenciada": "A escola não está em área de localização diferenciada", "Categoria Administrativa": "Pública", "Endereço": "RUA AIRTON BACHI DE ARAUJO, 293 GUANANDI. 79086-040 Campo Grande - MS.", "Telefone": "(67) 20204036", "Tipo": "Municipal", "Categoria Escola Privada": "Não Informado", "Conveniada Poder Público": "Não", "Regulamentação pelo Conselho de Educação": "Sim", "Porte da Escola": "Entre 501 e 1000 matrículas de escolarização", "Etapas e Modalidade de Ensino Oferecidas": "Educação Infantil, Ensino Fundamental", "Outras Ofertas Educacionais": "Atendimento Educacional Especializado, Atividade Complementar", "Latitude": "-204.939.451", "Longitude": "-546.444.485", "Lat tratada": -20.4939451, "Long tratada": -54.6444485, "field_22": null, "field_23": null, "field_24": null, "field_25": null }, "geometry": { "type": "Point", "coordinates": [ -54.6444485, -20.4939451 ] } },
{ "type": "Feature", "properties": { "Restrição de Atendimento": "ESCOLA EM FUNCIONAMENTO E SEM RESTRIÇÃO DE ATENDIMENTO", "Nome": "EM JOAO EVANGELISTA VIEIRA DE ALMEIDA", "Código INEP": 50006800, "UF": "MS", "Município": "Campo Grande", "Localização": "Urbana", "Localidade Diferenciada": "A escola não está em área de localização diferenciada", "Categoria Administrativa": "Pública", "Endereço": "RUA PONTA PORA, 861 ESCOLA. VILA PALMIRA. 79112-300 Campo Grande - MS.", "Telefone": "(67) 20204049", "Tipo": "Municipal", "Categoria Escola Privada": "Não Informado", "Conveniada Poder Público": "Não", "Regulamentação pelo Conselho de Educação": "Sim", "Porte da Escola": "Entre 501 e 1000 matrículas de escolarização", "Etapas e Modalidade de Ensino Oferecidas": "Educação Infantil, Ensino Fundamental", "Outras Ofertas Educacionais": "Atividade Complementar", "Latitude": "-204.407.722", "Longitude": "-546.524.933", "Lat tratada": -20.4407722, "Long tratada": -54.6524933, "field_22": null, "field_23": null, "field_24": null, "field_25": null }, "geometry": { "type": "Point", "coordinates": [ -54.6524933, -20.4407722 ] } },
{ "type": "Feature", "properties": { "Restrição de Atendimento": "ESCOLA EM FUNCIONAMENTO E SEM RESTRIÇÃO DE ATENDIMENTO", "Nome": "EM PE JOSE DE ANCHIETA", "Código INEP": 50006819, "UF": "MS", "Município": "Campo Grande", "Localização": "Urbana", "Localidade Diferenciada": "A escola não está em área de localização diferenciada", "Categoria Administrativa": "Pública", "Endereço": "RUA DOM PEDRO II, 239 VILA PLANALTO. 79009-420 Campo Grande - MS.", "Telefone": "(67) 20204073", "Tipo": "Municipal", "Categoria Escola Privada": "Não Informado", "Conveniada Poder Público": "Não", "Regulamentação pelo Conselho de Educação": "Sim", "Porte da Escola": "Entre 501 e 1000 matrículas de escolarização", "Etapas e Modalidade de Ensino Oferecidas": "Educação Infantil, Ensino Fundamental", "Outras Ofertas Educacionais": "Atividade Complementar", "Latitude": "-2.045.623.667", "Longitude": "-54.631.955", "Lat tratada": -20.45623667, "Long tratada": -54.631955, "field_22": null, "field_23": null, "field_24": null, "field_25": null }, "geometry": { "type": "Point", "coordinates": [ -54.631955, -20.45623667 ] } },
{ "type": "Feature", "properties": { "Restrição de Atendimento": "ESCOLA EM FUNCIONAMENTO E SEM RESTRIÇÃO DE ATENDIMENTO", "Nome": "EM PADRE HEITOR CASTOLDI", "Código INEP": 50006827, "UF": "MS", "Município": "Campo Grande", "Localização": "Urbana", "Localidade Diferenciada": "A escola não está em área de localização diferenciada", "Categoria Administrativa": "Pública", "Endereço": "RUA DOS PEIXES, 382 JARDIM NHANHA. 79081-290 Campo Grande - MS.", "Telefone": "(67) 20204072", "Tipo": "Municipal", "Categoria Escola Privada": "Não Informado", "Conveniada Poder Público": "Não", "Regulamentação pelo Conselho de Educação": "Sim", "Porte da Escola": "Entre 201 e 500 matrículas de escolarização", "Etapas e Modalidade de Ensino Oferecidas": "Educação Infantil, Ensino Fundamental", "Outras Ofertas Educacionais": "Atendimento Educacional Especializado, Atividade Complementar", "Latitude": "-2.049.404.793", "Longitude": "-5.463.313.552", "Lat tratada": -20.49404793, "Long tratada": -54.63313552, "field_22": null, "field_23": null, "field_24": null, "field_25": null }, "geometry": { "type": "Point", "coordinates": [ -54.63313552, -20.49404793 ] } },
{ "type": "Feature", "properties": { "Restrição de Atendimento": "ESCOLA EM FUNCIONAMENTO E SEM RESTRIÇÃO DE ATENDIMENTO", "Nome": "EM PROF ALCIDIO PIMENTEL", "Código INEP": 50006835, "UF": "MS", "Município": "Campo Grande", "Localização": "Urbana", "Localidade Diferenciada": "A escola não está em área de localização diferenciada", "Categoria Administrativa": "Pública", "Endereço": "RUA BRILHANTE, 245 VILA CARVALHO. 79005-250 Campo Grande - MS.", "Telefone": "(67) 20204081", "Tipo": "Municipal", "Categoria Escola Privada": "Não Informado", "Conveniada Poder Público": "Não", "Regulamentação pelo Conselho de Educação": "Sim", "Porte da Escola": "Entre 201 e 500 matrículas de escolarização", "Etapas e Modalidade de Ensino Oferecidas": "Educação Infantil, Ensino Fundamental", "Outras Ofertas Educacionais": "Atividade Complementar", "Latitude": "-2.047.732.887", "Longitude": "-546.227.734", "Lat tratada": -20.47732887, "Long tratada": -54.6227734, "field_22": null, "field_23": null, "field_24": null, "field_25": null }, "geometry": { "type": "Point", "coordinates": [ -54.6227734, -20.47732887 ] } },
{ "type": "Feature", "properties": { "Restrição de Atendimento": "ESCOLA EM FUNCIONAMENTO E SEM RESTRIÇÃO DE ATENDIMENTO", "Nome": "EM PROF LICURGO DE OLIVEIRA BASTOS", "Código INEP": 50006843, "UF": "MS", "Município": "Campo Grande", "Localização": "Urbana", "Localidade Diferenciada": "A escola não está em área de localização diferenciada", "Categoria Administrativa": "Pública", "Endereço": "RUA ANTONIO DE MORAIS RIBEIRO, 1056 VILA NASSER. 79117-470 Campo Grande - MS.", "Telefone": "(67) 20204101", "Tipo": "Municipal", "Categoria Escola Privada": "Não Informado", "Conveniada Poder Público": "Não", "Regulamentação pelo Conselho de Educação": "Sim", "Porte da Escola": "Mais de 1000 matrículas de escolarização", "Etapas e Modalidade de Ensino Oferecidas": "Educação Infantil, Ensino Fundamental", "Outras Ofertas Educacionais": "Atendimento Educacional Especializado, Atividade Complementar", "Latitude": "-204.150.031", "Longitude": "-546.350.691", "Lat tratada": -20.4150031, "Long tratada": -54.6350691, "field_22": null, "field_23": null, "field_24": null, "field_25": null }, "geometry": { "type": "Point", "coordinates": [ -54.6350691, -20.4150031 ] } },
{ "type": "Feature", "properties": { "Restrição de Atendimento": "ESCOLA EM FUNCIONAMENTO E SEM RESTRIÇÃO DE ATENDIMENTO", "Nome": "EM PROFª MARIA LUCIA PASSARELLI", "Código INEP": 50006851, "UF": "MS", "Município": "Campo Grande", "Localização": "Urbana", "Localidade Diferenciada": "A escola não está em área de localização diferenciada", "Categoria Administrativa": "Pública", "Endereço": "RUA CHARLOTE, 2001 JARDIM AERO RANCHO. 79083-610 Campo Grande - MS.", "Telefone": "(67) 20204151", "Tipo": "Municipal", "Categoria Escola Privada": "Não Informado", "Conveniada Poder Público": "Não", "Regulamentação pelo Conselho de Educação": "Sim", "Porte da Escola": "Mais de 1000 matrículas de escolarização", "Etapas e Modalidade de Ensino Oferecidas": "Educação Infantil, Ensino Fundamental", "Outras Ofertas Educacionais": "Atendimento Educacional Especializado, Atividade Complementar", "Latitude": "-205.342.106", "Longitude": "-546.531.208", "Lat tratada": -20.5342106, "Long tratada": -54.6531208, "field_22": null, "field_23": null, "field_24": null, "field_25": null }, "geometry": { "type": "Point", "coordinates": [ -54.6531208, -20.5342106 ] } },
{ "type": "Feature", "properties": { "Restrição de Atendimento": "ESCOLA EM FUNCIONAMENTO E SEM RESTRIÇÃO DE ATENDIMENTO", "Nome": "EM PROF MUCIO TEIXEIRA JR", "Código INEP": 50006860, "UF": "MS", "Município": "Campo Grande", "Localização": "Urbana", "Localidade Diferenciada": "A escola não está em área de localização diferenciada", "Categoria Administrativa": "Pública", "Endereço": "RUA DO CRUZEIRO, 479 VILA CARLOTA. 79051-380 Campo Grande - MS.", "Telefone": "(67) 20204107", "Tipo": "Municipal", "Categoria Escola Privada": "Não Informado", "Conveniada Poder Público": "Não", "Regulamentação pelo Conselho de Educação": "Sim", "Porte da Escola": "Entre 501 e 1000 matrículas de escolarização", "Etapas e Modalidade de Ensino Oferecidas": "Educação Infantil, Ensino Fundamental", "Outras Ofertas Educacionais": "Atendimento Educacional Especializado, Atividade Complementar", "Latitude": "-2.048.993.836", "Longitude": "-545.991.001", "Lat tratada": -20.48993836, "Long tratada": -54.5991001, "field_22": null, "field_23": null, "field_24": null, "field_25": null }, "geometry": { "type": "Point", "coordinates": [ -54.5991001, -20.48993836 ] } },
{ "type": "Feature", "properties": { "Restrição de Atendimento": "ESCOLA EM FUNCIONAMENTO E SEM RESTRIÇÃO DE ATENDIMENTO", "Nome": "EM PROF NAGIB RASLAN", "Código INEP": 50006878, "UF": "MS", "Município": "Campo Grande", "Localização": "Urbana", "Localidade Diferenciada": "A escola não está em área de localização diferenciada", "Categoria Administrativa": "Pública", "Endereço": "AVENIDA MURILO ROLIM JUNIOR, 437 JARDIM PETROPOLIS. 79102-100 Campo Grande - MS.", "Telefone": "(67) 20204109", "Tipo": "Municipal", "Categoria Escola Privada": "Não Informado", "Conveniada Poder Público": "Não", "Regulamentação pelo Conselho de Educação": "Sim", "Porte da Escola": "Entre 501 e 1000 matrículas de escolarização", "Etapas e Modalidade de Ensino Oferecidas": "Educação Infantil, Ensino Fundamental", "Outras Ofertas Educacionais": "Atendimento Educacional Especializado, Atividade Complementar", "Latitude": "-204.522.461", "Longitude": "-546.678.296", "Lat tratada": -20.4522461, "Long tratada": -54.6678296, "field_22": null, "field_23": null, "field_24": null, "field_25": null }, "geometry": { "type": "Point", "coordinates": [ -54.6678296, -20.4522461 ] } },
{ "type": "Feature", "properties": { "Restrição de Atendimento": "ESCOLA EM FUNCIONAMENTO E SEM RESTRIÇÃO DE ATENDIMENTO", "Nome": "EM ABEL FREIRE DE ARAGAO", "Código INEP": 50006916, "UF": "MS", "Município": "Campo Grande", "Localização": "Urbana", "Localidade Diferenciada": "A escola não está em área de localização diferenciada", "Categoria Administrativa": "Pública", "Endereço": "RUA ANA LUIZA DE SOUZA, 1201 SANTA BRANCA. 79070-140 Campo Grande - MS.", "Telefone": "(67) 20204001", "Tipo": "Municipal", "Categoria Escola Privada": "Não Informado", "Conveniada Poder Público": "Não", "Regulamentação pelo Conselho de Educação": "Sim", "Porte da Escola": "Entre 501 e 1000 matrículas de escolarização", "Etapas e Modalidade de Ensino Oferecidas": "Educação Infantil, Ensino Fundamental", "Outras Ofertas Educacionais": "Atendimento Educacional Especializado, Atividade Complementar", "Latitude": "-2.051.828.947", "Longitude": "-5.461.463.856", "Lat tratada": -20.51828947, "Long tratada": -54.61463856, "field_22": null, "field_23": null, "field_24": null, "field_25": null }, "geometry": { "type": "Point", "coordinates": [ -54.61463856, -20.51828947 ] } },
{ "type": "Feature", "properties": { "Restrição de Atendimento": "ESCOLA EM FUNCIONAMENTO E SEM RESTRIÇÃO DE ATENDIMENTO", "Nome": "EM DARTHESY NOVAES CAMINHA", "Código INEP": 50006959, "UF": "MS", "Município": "Campo Grande", "Localização": "Rural", "Localidade Diferenciada": "A escola não está em área de localização diferenciada", "Categoria Administrativa": "Pública", "Endereço": "RUA MASCOTE, 1152 CHACARA DAS MANSOES. 79079-130 Campo Grande - MS.", "Telefone": "(67) 20204171", "Tipo": "Municipal", "Categoria Escola Privada": "Não Informado", "Conveniada Poder Público": "Não", "Regulamentação pelo Conselho de Educação": "Sim", "Porte da Escola": "Entre 201 e 500 matrículas de escolarização", "Etapas e Modalidade de Ensino Oferecidas": "Educação Infantil, Ensino Fundamental", "Outras Ofertas Educacionais": "Atividade Complementar", "Latitude": "-2.069.157.384", "Longitude": "-5.458.386.163", "Lat tratada": -20.69157384, "Long tratada": -54.58386163, "field_22": null, "field_23": null, "field_24": null, "field_25": null }, "geometry": { "type": "Point", "coordinates": [ -54.58386163, -20.69157384 ] } },
{ "type": "Feature", "properties": { "Restrição de Atendimento": "ESCOLA EM FUNCIONAMENTO E SEM RESTRIÇÃO DE ATENDIMENTO", "Nome": "EM DR EDUARDO OLIMPIO MACHADO", "Código INEP": 50006975, "UF": "MS", "Município": "Campo Grande", "Localização": "Urbana", "Localidade Diferenciada": "A escola não está em área de localização diferenciada", "Categoria Administrativa": "Pública", "Endereço": "RUA LUCIA MARTINS COELHO, 793 OURO VERDE. 79097-170 Campo Grande - MS.", "Telefone": "(67) 20204020", "Tipo": "Municipal", "Categoria Escola Privada": "Não Informado", "Conveniada Poder Público": "Não", "Regulamentação pelo Conselho de Educação": "Sim", "Porte da Escola": "Mais de 1000 matrículas de escolarização", "Etapas e Modalidade de Ensino Oferecidas": "Ensino Fundamental", "Outras Ofertas Educacionais": "Atendimento Educacional Especializado, Atividade Complementar", "Latitude": "-205.316.609", "Longitude": "-546.690.421", "Lat tratada": -20.5316609, "Long tratada": -54.6690421, "field_22": null, "field_23": null, "field_24": null, "field_25": null }, "geometry": { "type": "Point", "coordinates": [ -54.6690421, -20.5316609 ] } },
{ "type": "Feature", "properties": { "Restrição de Atendimento": "ESCOLA EM FUNCIONAMENTO E SEM RESTRIÇÃO DE ATENDIMENTO", "Nome": "EM GERALDO CASTELO", "Código INEP": 50007033, "UF": "MS", "Município": "Campo Grande", "Localização": "Urbana", "Localidade Diferenciada": "A escola não está em área de localização diferenciada", "Categoria Administrativa": "Pública", "Endereço": "RUA PADRE JOAO CRIPPA, 218 JARDIM MONTE LIBANO. 79004-540 Campo Grande - MS.", "Telefone": "(67) 20204034", "Tipo": "Municipal", "Categoria Escola Privada": "Não Informado", "Conveniada Poder Público": "Não", "Regulamentação pelo Conselho de Educação": "Sim", "Porte da Escola": "Entre 201 e 500 matrículas de escolarização", "Etapas e Modalidade de Ensino Oferecidas": "Educação Infantil, Ensino Fundamental", "Outras Ofertas Educacionais": "Atendimento Educacional Especializado, Atividade Complementar", "Latitude": "-204.715.962", "Longitude": "-5.460.882.209", "Lat tratada": -20.4715962, "Long tratada": -54.60882209, "field_22": null, "field_23": null, "field_24": null, "field_25": null }, "geometry": { "type": "Point", "coordinates": [ -54.60882209, -20.4715962 ] } },
{ "type": "Feature", "properties": { "Restrição de Atendimento": "ESCOLA EM FUNCIONAMENTO E SEM RESTRIÇÃO DE ATENDIMENTO", "Nome": "EM JOSE DO PATROCINIO", "Código INEP": 50007050, "UF": "MS", "Município": "Campo Grande", "Localização": "Rural", "Localidade Diferenciada": "A escola não está em área de localização diferenciada", "Categoria Administrativa": "Pública", "Endereço": "RODOVIA BR 163 KM 444, SN SAIDA PARA SAO PAULO. CACHOERINHA. 79125-000 Campo Grande - MS.", "Telefone": "(67) 20204174", "Tipo": "Municipal", "Categoria Escola Privada": "Não Informado", "Conveniada Poder Público": "Não", "Regulamentação pelo Conselho de Educação": "Sim", "Porte da Escola": "Entre 51 e 200 matrículas de escolarização", "Etapas e Modalidade de Ensino Oferecidas": "Educação Infantil, Ensino Fundamental", "Outras Ofertas Educacionais": null, "Latitude": "-2.076.410.283", "Longitude": "-5.452.923.834", "Lat tratada": -20.76410283, "Long tratada": -54.52923834, "field_22": null, "field_23": null, "field_24": null, "field_25": null }, "geometry": { "type": "Point", "coordinates": [ -54.52923834, -20.76410283 ] } },
{ "type": "Feature", "properties": { "Restrição de Atendimento": "ESCOLA EM FUNCIONAMENTO E SEM RESTRIÇÃO DE ATENDIMENTO", "Nome": "EM MAESTRO JOAO CORREA RIBEIRO", "Código INEP": 50007092, "UF": "MS", "Município": "Campo Grande", "Localização": "Urbana", "Localidade Diferenciada": "A escola não está em área de localização diferenciada", "Categoria Administrativa": "Pública", "Endereço": "RUA NOVA IORQUE, 227 JARDIM CAMPO NOVO. 79014-100 Campo Grande - MS.", "Telefone": "(67) 20204061", "Tipo": "Municipal", "Categoria Escola Privada": "Não Informado", "Conveniada Poder Público": "Não", "Regulamentação pelo Conselho de Educação": "Sim", "Porte da Escola": "Entre 501 e 1000 matrículas de escolarização", "Etapas e Modalidade de Ensino Oferecidas": "Ensino Fundamental", "Outras Ofertas Educacionais": "Atendimento Educacional Especializado, Atividade Complementar", "Latitude": "-204.047.926", "Longitude": "-545.927.692", "Lat tratada": -20.4047926, "Long tratada": -54.5927692, "field_22": null, "field_23": null, "field_24": null, "field_25": null }, "geometry": { "type": "Point", "coordinates": [ -54.5927692, -20.4047926 ] } },
{ "type": "Feature", "properties": { "Restrição de Atendimento": "ESCOLA EM FUNCIONAMENTO E SEM RESTRIÇÃO DE ATENDIMENTO", "Nome": "EM MAJOR AVIADOR Y - JUCA PIRAMA DE ALMEIDA", "Código INEP": 50007106, "UF": "MS", "Município": "Campo Grande", "Localização": "Urbana", "Localidade Diferenciada": "A escola não está em área de localização diferenciada", "Categoria Administrativa": "Pública", "Endereço": "RUA FOX, 34 VILA DA BASE AEREA. 79090-350 Campo Grande - MS.", "Telefone": "(67) 20204063", "Tipo": "Municipal", "Categoria Escola Privada": "Não Informado", "Conveniada Poder Público": "Não", "Regulamentação pelo Conselho de Educação": "Sim", "Porte da Escola": "Entre 501 e 1000 matrículas de escolarização", "Etapas e Modalidade de Ensino Oferecidas": "Ensino Fundamental", "Outras Ofertas Educacionais": "Atendimento Educacional Especializado, Atividade Complementar", "Latitude": "-2.047.080.251", "Longitude": "-5.465.365.672", "Lat tratada": -20.47080251, "Long tratada": -54.65365672, "field_22": null, "field_23": null, "field_24": null, "field_25": null }, "geometry": { "type": "Point", "coordinates": [ -54.65365672, -20.47080251 ] } },
{ "type": "Feature", "properties": { "Restrição de Atendimento": "ESCOLA EM FUNCIONAMENTO E SEM RESTRIÇÃO DE ATENDIMENTO", "Nome": "EM PE JOSE VALENTIM", "Código INEP": 50007165, "UF": "MS", "Município": "Campo Grande", "Localização": "Urbana", "Localidade Diferenciada": "A escola não está em área de localização diferenciada", "Categoria Administrativa": "Pública", "Endereço": "RUA DAS VIOLETAS, 538 JARDIM JOQUEI CLUB. 79080-580 Campo Grande - MS.", "Telefone": "(67) 20204075", "Tipo": "Municipal", "Categoria Escola Privada": "Não Informado", "Conveniada Poder Público": "Não", "Regulamentação pelo Conselho de Educação": "Sim", "Porte da Escola": "Entre 501 e 1000 matrículas de escolarização", "Etapas e Modalidade de Ensino Oferecidas": "Educação Infantil, Ensino Fundamental", "Outras Ofertas Educacionais": "Atendimento Educacional Especializado, Atividade Complementar", "Latitude": "-2.049.144.076", "Longitude": "-546.247.371", "Lat tratada": -20.49144076, "Long tratada": -54.6247371, "field_22": null, "field_23": null, "field_24": null, "field_25": null }, "geometry": { "type": "Point", "coordinates": [ -54.6247371, -20.49144076 ] } },
{ "type": "Feature", "properties": { "Restrição de Atendimento": "ESCOLA EM FUNCIONAMENTO E SEM RESTRIÇÃO DE ATENDIMENTO", "Nome": "EM PROF ANTONIO LOPES LINS", "Código INEP": 50007181, "UF": "MS", "Município": "Campo Grande", "Localização": "Urbana", "Localidade Diferenciada": "A escola não está em área de localização diferenciada", "Categoria Administrativa": "Pública", "Endereço": "RUA CIBELE, 460 PORTAL CAIOBA. 79096-030 Campo Grande - MS.", "Telefone": "(67) 20204084", "Tipo": "Municipal", "Categoria Escola Privada": "Não Informado", "Conveniada Poder Público": "Não", "Regulamentação pelo Conselho de Educação": "Sim", "Porte da Escola": "Mais de 1000 matrículas de escolarização", "Etapas e Modalidade de Ensino Oferecidas": "Educação Infantil, Ensino Fundamental, Educação de Jovens Adultos", "Outras Ofertas Educacionais": "Atendimento Educacional Especializado, Atividade Complementar", "Latitude": "-20.522.944", "Longitude": "-54.679.001", "Lat tratada": -20.522944, "Long tratada": -54.679001, "field_22": null, "field_23": null, "field_24": null, "field_25": null }, "geometry": { "type": "Point", "coordinates": [ -54.679001, -20.522944 ] } },
{ "type": "Feature", "properties": { "Restrição de Atendimento": "ESCOLA EM FUNCIONAMENTO E SEM RESTRIÇÃO DE ATENDIMENTO", "Nome": "EM PROFª GONCALINA FAUSTINA DE OLIVEIRA", "Código INEP": 50007211, "UF": "MS", "Município": "Campo Grande", "Localização": "Urbana", "Localidade Diferenciada": "A escola não está em área de localização diferenciada", "Categoria Administrativa": "Pública", "Endereço": "RUA DELAMARE, 42 JARDIM TARUMA. 79097-240 Campo Grande - MS.", "Telefone": "(67) 20204138", "Tipo": "Municipal", "Categoria Escola Privada": "Não Informado", "Conveniada Poder Público": "Não", "Regulamentação pelo Conselho de Educação": "Sim", "Porte da Escola": "Mais de 1000 matrículas de escolarização", "Etapas e Modalidade de Ensino Oferecidas": "Educação Infantil, Ensino Fundamental", "Outras Ofertas Educacionais": "Atendimento Educacional Especializado, Atividade Complementar", "Latitude": "-205.444.152", "Longitude": "-546.720.936", "Lat tratada": -20.5444152, "Long tratada": -54.6720936, "field_22": null, "field_23": null, "field_24": null, "field_25": null }, "geometry": { "type": "Point", "coordinates": [ -54.6720936, -20.5444152 ] } },
{ "type": "Feature", "properties": { "Restrição de Atendimento": "ESCOLA EM FUNCIONAMENTO E SEM RESTRIÇÃO DE ATENDIMENTO", "Nome": "EM PROF HERCULES MAYMONE", "Código INEP": 50007220, "UF": "MS", "Município": "Campo Grande", "Localização": "Urbana", "Localidade Diferenciada": "A escola não está em área de localização diferenciada", "Categoria Administrativa": "Pública", "Endereço": "RUA CELINA BAIS MARTINS, 31 NOVA LIMA. 79017-141 Campo Grande - MS.", "Telefone": "(67) 20204095", "Tipo": "Municipal", "Categoria Escola Privada": "Não Informado", "Conveniada Poder Público": "Não", "Regulamentação pelo Conselho de Educação": "Sim", "Porte da Escola": "Entre 501 e 1000 matrículas de escolarização", "Etapas e Modalidade de Ensino Oferecidas": "Educação Infantil, Ensino Fundamental", "Outras Ofertas Educacionais": "Atendimento Educacional Especializado, Atividade Complementar", "Latitude": "-2.040.848.542", "Longitude": "-5.457.362.943", "Lat tratada": -20.40848542, "Long tratada": -54.57362943, "field_22": null, "field_23": null, "field_24": null, "field_25": null }, "geometry": { "type": "Point", "coordinates": [ -54.57362943, -20.40848542 ] } },
{ "type": "Feature", "properties": { "Restrição de Atendimento": "ESCOLA EM FUNCIONAMENTO E SEM RESTRIÇÃO DE ATENDIMENTO", "Nome": "EM PROFª LENITA DE SENA NACHIF", "Código INEP": 50007238, "UF": "MS", "Município": "Campo Grande", "Localização": "Urbana", "Localidade Diferenciada": "A escola não está em área de localização diferenciada", "Categoria Administrativa": "Pública", "Endereço": "RUA ENCHOVA, 305 JARDIM CENTRO OESTE. 79073-171 Campo Grande - MS.", "Telefone": "(67) 20204148", "Tipo": "Municipal", "Categoria Escola Privada": "Não Informado", "Conveniada Poder Público": "Não", "Regulamentação pelo Conselho de Educação": "Sim", "Porte da Escola": "Mais de 1000 matrículas de escolarização", "Etapas e Modalidade de Ensino Oferecidas": "Educação Infantil, Ensino Fundamental", "Outras Ofertas Educacionais": "Atendimento Educacional Especializado, Atividade Complementar", "Latitude": "-2.055.256.852", "Longitude": "-5.460.975.124", "Lat tratada": -20.55256852, "Long tratada": -54.60975124, "field_22": null, "field_23": null, "field_24": null, "field_25": null }, "geometry": { "type": "Point", "coordinates": [ -54.60975124, -20.55256852 ] } },
{ "type": "Feature", "properties": { "Restrição de Atendimento": "ESCOLA EM FUNCIONAMENTO E SEM RESTRIÇÃO DE ATENDIMENTO", "Nome": "EM PROF LUIZ CAVALLON", "Código INEP": 50007246, "UF": "MS", "Município": "Campo Grande", "Localização": "Urbana", "Localidade Diferenciada": "A escola não está em área de localização diferenciada", "Categoria Administrativa": "Pública", "Endereço": "RUA ANA LUIZA DE SOUZA, 2414 JD. BOTA FOGO -. 79070-140 Campo Grande - MS.", "Telefone": "(67) 20204105", "Tipo": "Municipal", "Categoria Escola Privada": "Não Informado", "Conveniada Poder Público": "Não", "Regulamentação pelo Conselho de Educação": "Sim", "Porte da Escola": "Mais de 1000 matrículas de escolarização", "Etapas e Modalidade de Ensino Oferecidas": "Educação Infantil, Ensino Fundamental", "Outras Ofertas Educacionais": "Atendimento Educacional Especializado, Atividade Complementar", "Latitude": "-2.052.389.333", "Longitude": "-5.462.506.167", "Lat tratada": -20.52389333, "Long tratada": -54.62506167, "field_22": null, "field_23": null, "field_24": null, "field_25": null }, "geometry": { "type": "Point", "coordinates": [ -54.62506167, -20.52389333 ] } },
{ "type": "Feature", "properties": { "Restrição de Atendimento": "ESCOLA EM FUNCIONAMENTO E SEM RESTRIÇÃO DE ATENDIMENTO", "Nome": "EM PROF NELSON DE SOUZA PINHEIRO", "Código INEP": 50007254, "UF": "MS", "Município": "Campo Grande", "Localização": "Urbana", "Localidade Diferenciada": "A escola não está em área de localização diferenciada", "Categoria Administrativa": "Pública", "Endereço": "RUA FRANCISCO SERRA, 319 VILA CORUMBA. 79009-040 Campo Grande - MS.", "Telefone": "(67) 20204111", "Tipo": "Municipal", "Categoria Escola Privada": "Não Informado", "Conveniada Poder Público": "Não", "Regulamentação pelo Conselho de Educação": "Sim", "Porte da Escola": "Entre 501 e 1000 matrículas de escolarização", "Etapas e Modalidade de Ensino Oferecidas": "Educação Infantil, Ensino Fundamental", "Outras Ofertas Educacionais": "Atendimento Educacional Especializado, Atividade Complementar", "Latitude": "-204.471.111", "Longitude": "-5.462.979.168", "Lat tratada": -20.4471111, "Long tratada": -54.62979168, "field_22": null, "field_23": null, "field_24": null, "field_25": null }, "geometry": { "type": "Point", "coordinates": [ -54.62979168, -20.4471111 ] } },
{ "type": "Feature", "properties": { "Restrição de Atendimento": "ESCOLA EM FUNCIONAMENTO E SEM RESTRIÇÃO DE ATENDIMENTO", "Nome": "EM PROF VIRGILIO ALVES DE CAMPOS", "Código INEP": 50007270, "UF": "MS", "Município": "Campo Grande", "Localização": "Urbana", "Localidade Diferenciada": "A escola não está em área de localização diferenciada", "Categoria Administrativa": "Pública", "Endereço": "RUA JAMIL BASMAGE, S/N MATA DO JACINTO. 79033-480 Campo Grande - MS.", "Telefone": "(67) 20204117", "Tipo": "Municipal", "Categoria Escola Privada": "Não Informado", "Conveniada Poder Público": "Não", "Regulamentação pelo Conselho de Educação": "Sim", "Porte da Escola": "Entre 501 e 1000 matrículas de escolarização", "Etapas e Modalidade de Ensino Oferecidas": "Educação Infantil, Ensino Fundamental", "Outras Ofertas Educacionais": "Atendimento Educacional Especializado, Atividade Complementar", "Latitude": "-2.042.305.637", "Longitude": "-5.457.641.508", "Lat tratada": -20.42305637, "Long tratada": -54.57641508, "field_22": null, "field_23": null, "field_24": null, "field_25": null }, "geometry": { "type": "Point", "coordinates": [ -54.57641508, -20.42305637 ] } },
{ "type": "Feature", "properties": { "Restrição de Atendimento": "ESCOLA EM FUNCIONAMENTO E SEM RESTRIÇÃO DE ATENDIMENTO", "Nome": "EM BERNARDO FRANCO BAIS", "Código INEP": 50007300, "UF": "MS", "Município": "Campo Grande", "Localização": "Urbana", "Localidade Diferenciada": "A escola não está em área de localização diferenciada", "Categoria Administrativa": "Pública", "Endereço": "AVENIDA CALOGERAS, 405 CENTRO. 79004-383 Campo Grande - MS.", "Telefone": "(67) 20204005", "Tipo": "Municipal", "Categoria Escola Privada": "Não Informado", "Conveniada Poder Público": "Não", "Regulamentação pelo Conselho de Educação": "Sim", "Porte da Escola": "Entre 201 e 500 matrículas de escolarização", "Etapas e Modalidade de Ensino Oferecidas": "Educação Infantil, Ensino Fundamental", "Outras Ofertas Educacionais": "Atividade Complementar", "Latitude": "-204.788.271", "Longitude": "-54.616.487", "Lat tratada": -20.4788271, "Long tratada": -54.616487, "field_22": null, "field_23": null, "field_24": null, "field_25": null }, "geometry": { "type": "Point", "coordinates": [ -54.616487, -20.4788271 ] } },
{ "type": "Feature", "properties": { "Restrição de Atendimento": "ESCOLA EM FUNCIONAMENTO E SEM RESTRIÇÃO DE ATENDIMENTO", "Nome": "EM DOMINGOS GONCALVES GOMES", "Código INEP": 50007319, "UF": "MS", "Município": "Campo Grande", "Localização": "Urbana", "Localidade Diferenciada": "A escola não está em área de localização diferenciada", "Categoria Administrativa": "Pública", "Endereço": "RUA BARAO DE LIMEIRA, 599 UNIVERSITARIO. 79070-150 Campo Grande - MS.", "Telefone": "(67) 20204019", "Tipo": "Municipal", "Categoria Escola Privada": "Não Informado", "Conveniada Poder Público": "Não", "Regulamentação pelo Conselho de Educação": "Sim", "Porte da Escola": "Entre 501 e 1000 matrículas de escolarização", "Etapas e Modalidade de Ensino Oferecidas": "Educação Infantil, Ensino Fundamental", "Outras Ofertas Educacionais": "Atendimento Educacional Especializado, Atividade Complementar", "Latitude": "-2.051.387.083", "Longitude": "-5.460.902.679", "Lat tratada": -20.51387083, "Long tratada": -54.60902679, "field_22": null, "field_23": null, "field_24": null, "field_25": null }, "geometry": { "type": "Point", "coordinates": [ -54.60902679, -20.51387083 ] } },
{ "type": "Feature", "properties": { "Restrição de Atendimento": "ESCOLA EM FUNCIONAMENTO E SEM RESTRIÇÃO DE ATENDIMENTO", "Nome": "EM PROF PLINIO MENDES DOS SANTOS", "Código INEP": 50007327, "UF": "MS", "Município": "Campo Grande", "Localização": "Urbana", "Localidade Diferenciada": "A escola não está em área de localização diferenciada", "Categoria Administrativa": "Pública", "Endereço": "RUA BARRA MANSA, 327 GUANANDI. 79086-390 Campo Grande - MS.", "Telefone": "(67) 20204113", "Tipo": "Municipal", "Categoria Escola Privada": "Não Informado", "Conveniada Poder Público": "Não", "Regulamentação pelo Conselho de Educação": "Sim", "Porte da Escola": "Mais de 1000 matrículas de escolarização", "Etapas e Modalidade de Ensino Oferecidas": "Educação Infantil, Ensino Fundamental, Educação de Jovens Adultos", "Outras Ofertas Educacionais": "Atendimento Educacional Especializado, Atividade Complementar", "Latitude": "-204.991.566", "Longitude": "-546.483.026", "Lat tratada": -20.4991566, "Long tratada": -54.6483026, "field_22": null, "field_23": null, "field_24": null, "field_25": null }, "geometry": { "type": "Point", "coordinates": [ -54.6483026, -20.4991566 ] } },
{ "type": "Feature", "properties": { "Restrição de Atendimento": "ESCOLA EM FUNCIONAMENTO E SEM RESTRIÇÃO DE ATENDIMENTO", "Nome": "EM PROFª IRACEMA DE SOUZA MENDONCA", "Código INEP": 50007335, "UF": "MS", "Município": "Campo Grande", "Localização": "Urbana", "Localidade Diferenciada": "A escola não está em área de localização diferenciada", "Categoria Administrativa": "Pública", "Endereço": "RUA BELMIRA PEREIRA DE SOUZA, 490 UNIVERSITARIO. 79071-031 Campo Grande - MS.", "Telefone": "(67) 20204142", "Tipo": "Municipal", "Categoria Escola Privada": "Não Informado", "Conveniada Poder Público": "Não", "Regulamentação pelo Conselho de Educação": "Sim", "Porte da Escola": "Mais de 1000 matrículas de escolarização", "Etapas e Modalidade de Ensino Oferecidas": "Educação Infantil, Ensino Fundamental, Educação de Jovens Adultos", "Outras Ofertas Educacionais": "Atendimento Educacional Especializado, Atividade Complementar", "Latitude": "-2.052.258.947", "Longitude": "-5.460.393.124", "Lat tratada": -20.52258947, "Long tratada": -54.60393124, "field_22": null, "field_23": null, "field_24": null, "field_25": null }, "geometry": { "type": "Point", "coordinates": [ -54.60393124, -20.52258947 ] } },
{ "type": "Feature", "properties": { "Restrição de Atendimento": "ESCOLA EM FUNCIONAMENTO E SEM RESTRIÇÃO DE ATENDIMENTO", "Nome": "COLEGIO RUI BARBOSA - UNIDADE MULTIPLICANDO", "Código INEP": 50007351, "UF": "MS", "Município": "Campo Grande", "Localização": "Urbana", "Localidade Diferenciada": "A escola não está em área de localização diferenciada", "Categoria Administrativa": "Privada", "Endereço": "RUA GUARATUBA, 373 PARQUE SAO DOMINGOS. 79110-220 Campo Grande - MS.", "Telefone": "(67) 33413921", "Tipo": "Privada", "Categoria Escola Privada": "Particular", "Conveniada Poder Público": "Não", "Regulamentação pelo Conselho de Educação": "Sim", "Porte da Escola": "Entre 201 e 500 matrículas de escolarização", "Etapas e Modalidade de Ensino Oferecidas": "Educação Infantil, Ensino Fundamental", "Outras Ofertas Educacionais": null, "Latitude": "-204.490.449", "Longitude": "-546.335.597", "Lat tratada": -20.4490449, "Long tratada": -54.6335597, "field_22": null, "field_23": null, "field_24": null, "field_25": null }, "geometry": { "type": "Point", "coordinates": [ -54.6335597, -20.4490449 ] } },
{ "type": "Feature", "properties": { "Restrição de Atendimento": "ESCOLA EM FUNCIONAMENTO E SEM RESTRIÇÃO DE ATENDIMENTO", "Nome": "ESCOLA RAIO DE SOL", "Código INEP": 50007424, "UF": "MS", "Município": "Campo Grande", "Localização": "Urbana", "Localidade Diferenciada": "A escola não está em área de localização diferenciada", "Categoria Administrativa": "Privada", "Endereço": "AVENIDA JULIO DE CASTILHO, 2466 VILA PALMIRA. 79112-000 Campo Grande - MS.", "Telefone": "(67) 32040065", "Tipo": "Privada", "Categoria Escola Privada": "Particular", "Conveniada Poder Público": "Não", "Regulamentação pelo Conselho de Educação": "Sim", "Porte da Escola": "Até 50 matrículas de escolarização", "Etapas e Modalidade de Ensino Oferecidas": "Educação Infantil", "Outras Ofertas Educacionais": null, "Latitude": "-204.501.741", "Longitude": "-546.522.439", "Lat tratada": -20.4501741, "Long tratada": -54.6522439, "field_22": null, "field_23": null, "field_24": null, "field_25": null }, "geometry": { "type": "Point", "coordinates": [ -54.6522439, -20.4501741 ] } },
{ "type": "Feature", "properties": { "Restrição de Atendimento": "ESCOLA EM FUNCIONAMENTO E SEM RESTRIÇÃO DE ATENDIMENTO", "Nome": "ESCOLA URSINHO PANDA", "Código INEP": 50007432, "UF": "MS", "Município": "Campo Grande", "Localização": "Urbana", "Localidade Diferenciada": "A escola não está em área de localização diferenciada", "Categoria Administrativa": "Privada", "Endereço": "RUA BARRA DO MENDES, 68 PANAMA III. 79113-020 Campo Grande - MS.", "Telefone": "(67) 33611600", "Tipo": "Privada", "Categoria Escola Privada": "Particular", "Conveniada Poder Público": "Não", "Regulamentação pelo Conselho de Educação": "Sim", "Porte da Escola": "Entre 51 e 200 matrículas de escolarização", "Etapas e Modalidade de Ensino Oferecidas": "Educação Infantil, Ensino Fundamental", "Outras Ofertas Educacionais": null, "Latitude": "-2.044.397", "Longitude": "-5.466.506", "Lat tratada": -20.44397, "Long tratada": -54.66506, "field_22": null, "field_23": null, "field_24": null, "field_25": null }, "geometry": { "type": "Point", "coordinates": [ -54.66506, -20.44397 ] } },
{ "type": "Feature", "properties": { "Restrição de Atendimento": "ESCOLA EM FUNCIONAMENTO E SEM RESTRIÇÃO DE ATENDIMENTO", "Nome": "COLEGIO ABC DE EIEF", "Código INEP": 50007467, "UF": "MS", "Município": "Campo Grande", "Localização": "Urbana", "Localidade Diferenciada": "A escola não está em área de localização diferenciada", "Categoria Administrativa": "Privada", "Endereço": "AVENIDA SALGADO FILHO, 3590 VILA PROGRESSO. 79050-350 Campo Grande - MS.", "Telefone": "(67) 33422058", "Tipo": "Privada", "Categoria Escola Privada": "Particular", "Conveniada Poder Público": "Não", "Regulamentação pelo Conselho de Educação": "Sim", "Porte da Escola": "Entre 201 e 500 matrículas de escolarização", "Etapas e Modalidade de Ensino Oferecidas": "Ensino Fundamental", "Outras Ofertas Educacionais": null, "Latitude": "-2.048.721", "Longitude": "-546.086", "Lat tratada": -20.48721, "Long tratada": -54.6086, "field_22": null, "field_23": null, "field_24": null, "field_25": null }, "geometry": { "type": "Point", "coordinates": [ -54.6086, -20.48721 ] } },
{ "type": "Feature", "properties": { "Restrição de Atendimento": "ESCOLA EM FUNCIONAMENTO E SEM RESTRIÇÃO DE ATENDIMENTO", "Nome": "COLEGIO ALBERTO BETTENCOURT", "Código INEP": 50007475, "UF": "MS", "Município": "Campo Grande", "Localização": "Urbana", "Localidade Diferenciada": "A escola não está em área de localização diferenciada", "Categoria Administrativa": "Privada", "Endereço": "RUA 58, 329 VILA NOVA CAMPO GRANDE. 79104-340 Campo Grande - MS.", "Telefone": "(67) 33631332", "Tipo": "Privada", "Categoria Escola Privada": "Particular", "Conveniada Poder Público": "Não", "Regulamentação pelo Conselho de Educação": "Sim", "Porte da Escola": "Entre 51 e 200 matrículas de escolarização", "Etapas e Modalidade de Ensino Oferecidas": "Educação Infantil, Ensino Fundamental", "Outras Ofertas Educacionais": null, "Latitude": "-204.590.746", "Longitude": "-546.897.321", "Lat tratada": -20.4590746, "Long tratada": -54.6897321, "field_22": null, "field_23": null, "field_24": null, "field_25": null }, "geometry": { "type": "Point", "coordinates": [ -54.6897321, -20.4590746 ] } },
{ "type": "Feature", "properties": { "Restrição de Atendimento": "ESCOLA EM FUNCIONAMENTO E SEM RESTRIÇÃO DE ATENDIMENTO", "Nome": "ESCOLA IDEAL", "Código INEP": 50007483, "UF": "MS", "Município": "Campo Grande", "Localização": "Urbana", "Localidade Diferenciada": "A escola não está em área de localização diferenciada", "Categoria Administrativa": "Privada", "Endereço": "RUA CANCAO, 53 RECANTO DOS PASSAROS. 79113-250 Campo Grande - MS.", "Telefone": "(67) 33633295", "Tipo": "Privada", "Categoria Escola Privada": "Particular", "Conveniada Poder Público": "Não", "Regulamentação pelo Conselho de Educação": "Sim", "Porte da Escola": "Entre 201 e 500 matrículas de escolarização", "Etapas e Modalidade de Ensino Oferecidas": "Educação Infantil, Ensino Fundamental", "Outras Ofertas Educacionais": null, "Latitude": "-2.044.376", "Longitude": "-546.694", "Lat tratada": -20.44376, "Long tratada": -54.6694, "field_22": null, "field_23": null, "field_24": null, "field_25": null }, "geometry": { "type": "Point", "coordinates": [ -54.6694, -20.44376 ] } },
{ "type": "Feature", "properties": { "Restrição de Atendimento": "ESCOLA EM FUNCIONAMENTO E SEM RESTRIÇÃO DE ATENDIMENTO", "Nome": "ESCOLA AMARELINHA YELLOW", "Código INEP": 50007491, "UF": "MS", "Município": "Campo Grande", "Localização": "Urbana", "Localidade Diferenciada": "A escola não está em área de localização diferenciada", "Categoria Administrativa": "Privada", "Endereço": "RUA HUGO PEREIRA DO VALE, 277 MATA DO JACINTO. 79033-210 Campo Grande - MS.", "Telefone": "(67) 33545566", "Tipo": "Privada", "Categoria Escola Privada": "Particular", "Conveniada Poder Público": "Não", "Regulamentação pelo Conselho de Educação": "Sim", "Porte da Escola": "Entre 51 e 200 matrículas de escolarização", "Etapas e Modalidade de Ensino Oferecidas": "Educação Infantil", "Outras Ofertas Educacionais": null, "Latitude": "-2.042.575", "Longitude": "-5.457.123", "Lat tratada": -20.42575, "Long tratada": -54.57123, "field_22": null, "field_23": null, "field_24": null, "field_25": null }, "geometry": { "type": "Point", "coordinates": [ -54.57123, -20.42575 ] } },
{ "type": "Feature", "properties": { "Restrição de Atendimento": "ESCOLA EM FUNCIONAMENTO E SEM RESTRIÇÃO DE ATENDIMENTO", "Nome": "ESCOLA CRESCENDO EIEF", "Código INEP": 50007629, "UF": "MS", "Município": "Campo Grande", "Localização": "Urbana", "Localidade Diferenciada": "A escola não está em área de localização diferenciada", "Categoria Administrativa": "Privada", "Endereço": "RUA NORUEGA, 356 JARDIM JACY. 79006-650 Campo Grande - MS.", "Telefone": "(67) 33819046", "Tipo": "Privada", "Categoria Escola Privada": "Particular", "Conveniada Poder Público": "Não", "Regulamentação pelo Conselho de Educação": "Sim", "Porte da Escola": "Entre 51 e 200 matrículas de escolarização", "Etapas e Modalidade de Ensino Oferecidas": "Educação Infantil, Ensino Fundamental", "Outras Ofertas Educacionais": null, "Latitude": "-2.048.916", "Longitude": "-5.463.748", "Lat tratada": -20.48916, "Long tratada": -54.63748, "field_22": null, "field_23": null, "field_24": null, "field_25": null }, "geometry": { "type": "Point", "coordinates": [ -54.63748, -20.48916 ] } },
{ "type": "Feature", "properties": { "Restrição de Atendimento": "ESCOLA EM FUNCIONAMENTO E SEM RESTRIÇÃO DE ATENDIMENTO", "Nome": "ESCOLA DE EDUCACAO INFANTIL FAZ DE CONTA E ENSINO FUNDAMENTAL NOVA GERACAO", "Código INEP": 50007661, "UF": "MS", "Município": "Campo Grande", "Localização": "Urbana", "Localidade Diferenciada": "A escola não está em área de localização diferenciada", "Categoria Administrativa": "Privada", "Endereço": "RUA ALBERT SABIN, 851 VILA TAVEIRPOLIS. 79090-160 Campo Grande - MS.", "Telefone": "(67) 33311591", "Tipo": "Privada", "Categoria Escola Privada": "Particular", "Conveniada Poder Público": "Não", "Regulamentação pelo Conselho de Educação": "Sim", "Porte da Escola": "Entre 201 e 500 matrículas de escolarização", "Etapas e Modalidade de Ensino Oferecidas": "Educação Infantil, Ensino Fundamental", "Outras Ofertas Educacionais": null, "Latitude": "-2.047.432", "Longitude": "-5.464.441", "Lat tratada": -20.47432, "Long tratada": -54.64441, "field_22": null, "field_23": null, "field_24": null, "field_25": null }, "geometry": { "type": "Point", "coordinates": [ -54.64441, -20.47432 ] } },
{ "type": "Feature", "properties": { "Restrição de Atendimento": "ESCOLA EM FUNCIONAMENTO E SEM RESTRIÇÃO DE ATENDIMENTO", "Nome": "CENTRO DE ENSINO CAMPO-GRANDENSE - CECAMP", "Código INEP": 50007688, "UF": "MS", "Município": "Campo Grande", "Localização": "Urbana", "Localidade Diferenciada": "A escola não está em área de localização diferenciada", "Categoria Administrativa": "Privada", "Endereço": "AVENIDA FERNANDO CORREA DA COSTA, 569 VILA CIDADE. 79005-050 Campo Grande - MS.", "Telefone": "(67) 33250707", "Tipo": "Privada", "Categoria Escola Privada": "Particular", "Conveniada Poder Público": "Não", "Regulamentação pelo Conselho de Educação": "Sim", "Porte da Escola": "Entre 201 e 500 matrículas de escolarização", "Etapas e Modalidade de Ensino Oferecidas": "Educação Infantil, Ensino Fundamental, Ensino Médio", "Outras Ofertas Educacionais": null, "Latitude": "-2.046.848", "Longitude": "-546.172", "Lat tratada": -20.46848, "Long tratada": -54.6172, "field_22": null, "field_23": null, "field_24": null, "field_25": null }, "geometry": { "type": "Point", "coordinates": [ -54.6172, -20.46848 ] } },
{ "type": "Feature", "properties": { "Restrição de Atendimento": "ESCOLA EM FUNCIONAMENTO E SEM RESTRIÇÃO DE ATENDIMENTO", "Nome": "ESCOLA NAZARE EIEF", "Código INEP": 50007700, "UF": "MS", "Município": "Campo Grande", "Localização": "Urbana", "Localidade Diferenciada": "A escola não está em área de localização diferenciada", "Categoria Administrativa": "Privada", "Endereço": "RUA ANTONIO NEVES DE AZEVEDO, 50 VILA FLORIO. 79092-286 Campo Grande - MS.", "Telefone": "(67) 33852268", "Tipo": "Privada", "Categoria Escola Privada": "Particular", "Conveniada Poder Público": "Não", "Regulamentação pelo Conselho de Educação": "Sim", "Porte da Escola": "Entre 501 e 1000 matrículas de escolarização", "Etapas e Modalidade de Ensino Oferecidas": "Educação Infantil, Ensino Fundamental", "Outras Ofertas Educacionais": null, "Latitude": "-2.049.944.247", "Longitude": "-5.465.890.967", "Lat tratada": -20.49944247, "Long tratada": -54.65890967, "field_22": null, "field_23": null, "field_24": null, "field_25": null }, "geometry": { "type": "Point", "coordinates": [ -54.65890967, -20.49944247 ] } },
{ "type": "Feature", "properties": { "Restrição de Atendimento": "ESCOLA EM FUNCIONAMENTO E SEM RESTRIÇÃO DE ATENDIMENTO", "Nome": "COLEGIO ALMIRANTE TAMANDARE", "Código INEP": 50007718, "UF": "MS", "Município": "Campo Grande", "Localização": "Urbana", "Localidade Diferenciada": "A escola não está em área de localização diferenciada", "Categoria Administrativa": "Privada", "Endereço": "RUA GENERAL NEPOMUCENO COSTA, 493 VILA ALBA. 79100-010 Campo Grande - MS.", "Telefone": "(67) 30292879", "Tipo": "Privada", "Categoria Escola Privada": "Particular", "Conveniada Poder Público": "Não", "Regulamentação pelo Conselho de Educação": "Sim", "Porte da Escola": "Entre 201 e 500 matrículas de escolarização", "Etapas e Modalidade de Ensino Oferecidas": "Ensino Fundamental, Ensino Médio", "Outras Ofertas Educacionais": null, "Latitude": "-204.621.217", "Longitude": "-54.635.054", "Lat tratada": -20.4621217, "Long tratada": -54.635054, "field_22": null, "field_23": null, "field_24": null, "field_25": null }, "geometry": { "type": "Point", "coordinates": [ -54.635054, -20.4621217 ] } },
{ "type": "Feature", "properties": { "Restrição de Atendimento": "ESCOLA EM FUNCIONAMENTO E SEM RESTRIÇÃO DE ATENDIMENTO", "Nome": "O CASULO ESTABELECIMENTO DE ENSINO", "Código INEP": 50007734, "UF": "MS", "Município": "Campo Grande", "Localização": "Urbana", "Localidade Diferenciada": "A escola não está em área de localização diferenciada", "Categoria Administrativa": "Privada", "Endereço": "RUA SENADOR PONCE, 486 JARDIM MONTE LIBANO. 79004-570 Campo Grande - MS.", "Telefone": "(67) 33831107", "Tipo": "Privada", "Categoria Escola Privada": "Particular", "Conveniada Poder Público": "Não", "Regulamentação pelo Conselho de Educação": "Sim", "Porte da Escola": "Entre 51 e 200 matrículas de escolarização", "Etapas e Modalidade de Ensino Oferecidas": "Educação Infantil, Ensino Fundamental", "Outras Ofertas Educacionais": null, "Latitude": "-2.047.792.541", "Longitude": "-546.091.241", "Lat tratada": -20.47792541, "Long tratada": -54.6091241, "field_22": null, "field_23": null, "field_24": null, "field_25": null }, "geometry": { "type": "Point", "coordinates": [ -54.6091241, -20.47792541 ] } },
{ "type": "Feature", "properties": { "Restrição de Atendimento": "ESCOLA EM FUNCIONAMENTO E SEM RESTRIÇÃO DE ATENDIMENTO", "Nome": "METROPOLITANO INST DE EDUC E CULTURA", "Código INEP": 50007742, "UF": "MS", "Município": "Campo Grande", "Localização": "Urbana", "Localidade Diferenciada": "A escola não está em área de localização diferenciada", "Categoria Administrativa": "Privada", "Endereço": "RUA RUI BARBOSA, 3506 CENTRO. 79002-364 Campo Grande - MS.", "Telefone": "(67) 33246815", "Tipo": "Privada", "Categoria Escola Privada": "Particular", "Conveniada Poder Público": "Não", "Regulamentação pelo Conselho de Educação": "Sim", "Porte da Escola": "Entre 51 e 200 matrículas de escolarização", "Etapas e Modalidade de Ensino Oferecidas": "Educação Infantil, Ensino Fundamental", "Outras Ofertas Educacionais": null, "Latitude": "-2.045.536", "Longitude": "-546.154", "Lat tratada": -20.45536, "Long tratada": -54.6154, "field_22": null, "field_23": null, "field_24": null, "field_25": null }, "geometry": { "type": "Point", "coordinates": [ -54.6154, -20.45536 ] } },
{ "type": "Feature", "properties": { "Restrição de Atendimento": "ESCOLA EM FUNCIONAMENTO E SEM RESTRIÇÃO DE ATENDIMENTO", "Nome": "ESCOLA ATUAL EIEF", "Código INEP": 50007750, "UF": "MS", "Município": "Campo Grande", "Localização": "Urbana", "Localidade Diferenciada": "A escola não está em área de localização diferenciada", "Categoria Administrativa": "Privada", "Endereço": "RUA DAS EMBAUVAS, 73 JARDIM SAMAMBAIA. 79044-570 Campo Grande - MS.", "Telefone": "(67) 33055263", "Tipo": "Privada", "Categoria Escola Privada": "Particular", "Conveniada Poder Público": "Não", "Regulamentação pelo Conselho de Educação": "Sim", "Porte da Escola": "Entre 201 e 500 matrículas de escolarização", "Etapas e Modalidade de Ensino Oferecidas": "Educação Infantil, Ensino Fundamental", "Outras Ofertas Educacionais": null, "Latitude": "-2.047.257.481", "Longitude": "-5.454.819.096", "Lat tratada": -20.47257481, "Long tratada": -54.54819096, "field_22": null, "field_23": null, "field_24": null, "field_25": null }, "geometry": { "type": "Point", "coordinates": [ -54.54819096, -20.47257481 ] } },
{ "type": "Feature", "properties": { "Restrição de Atendimento": "ESCOLA EM FUNCIONAMENTO E SEM RESTRIÇÃO DE ATENDIMENTO", "Nome": "ESCOLA TURMA DA MONICA", "Código INEP": 50007823, "UF": "MS", "Município": "Campo Grande", "Localização": "Urbana", "Localidade Diferenciada": "A escola não está em área de localização diferenciada", "Categoria Administrativa": "Privada", "Endereço": "RUA ZACARIAS DE PAULA NANTES, 227 PARQUE RESIDENCIAL UNIAO. 79091-736 Campo Grande - MS.", "Telefone": "(67) 33869623", "Tipo": "Privada", "Categoria Escola Privada": "Particular", "Conveniada Poder Público": "Não", "Regulamentação pelo Conselho de Educação": "Sim", "Porte da Escola": "Entre 51 e 200 matrículas de escolarização", "Etapas e Modalidade de Ensino Oferecidas": "Educação Infantil, Ensino Fundamental", "Outras Ofertas Educacionais": null, "Latitude": "-204.772.812", "Longitude": "-546.652.296", "Lat tratada": -20.4772812, "Long tratada": -54.6652296, "field_22": null, "field_23": null, "field_24": null, "field_25": null }, "geometry": { "type": "Point", "coordinates": [ -54.6652296, -20.4772812 ] } },
{ "type": "Feature", "properties": { "Restrição de Atendimento": "ESCOLA EM FUNCIONAMENTO E SEM RESTRIÇÃO DE ATENDIMENTO", "Nome": "ESCOLA VISCONDE DE CAIRU", "Código INEP": 50007831, "UF": "MS", "Município": "Campo Grande", "Localização": "Urbana", "Localidade Diferenciada": "A escola não está em área de localização diferenciada", "Categoria Administrativa": "Privada", "Endereço": "RUA ANTONIO MARIA COELHO, 1108 CENTRO. 79002-220 Campo Grande - MS.", "Telefone": "(67) 33243627", "Tipo": "Privada", "Categoria Escola Privada": "Particular", "Conveniada Poder Público": "Não", "Regulamentação pelo Conselho de Educação": "Sim", "Porte da Escola": "Entre 201 e 500 matrículas de escolarização", "Etapas e Modalidade de Ensino Oferecidas": "Educação Infantil, Ensino Fundamental", "Outras Ofertas Educacionais": null, "Latitude": "-2.045.778.148", "Longitude": "-5.461.942.119", "Lat tratada": -20.45778148, "Long tratada": -54.61942119, "field_22": null, "field_23": null, "field_24": null, "field_25": null }, "geometry": { "type": "Point", "coordinates": [ -54.61942119, -20.45778148 ] } },
{ "type": "Feature", "properties": { "Restrição de Atendimento": "ESCOLA EM FUNCIONAMENTO E SEM RESTRIÇÃO DE ATENDIMENTO", "Nome": "COLEGIO SALESIANO DOM BOSCO", "Código INEP": 50007858, "UF": "MS", "Município": "Campo Grande", "Localização": "Urbana", "Localidade Diferenciada": "A escola não está em área de localização diferenciada", "Categoria Administrativa": "Privada", "Endereço": "AVENIDA MATO GROSSO, 227 CENTRO. 79002-230 Campo Grande - MS.", "Telefone": "(67) 33123200", "Tipo": "Privada", "Categoria Escola Privada": "Filantrópica", "Conveniada Poder Público": "Não", "Regulamentação pelo Conselho de Educação": "Sim", "Porte da Escola": "Entre 501 e 1000 matrículas de escolarização", "Etapas e Modalidade de Ensino Oferecidas": "Educação Infantil, Ensino Fundamental, Ensino Médio", "Outras Ofertas Educacionais": "Atividade Complementar", "Latitude": "-204.549.682", "Longitude": "-546.179.549", "Lat tratada": -20.4549682, "Long tratada": -54.6179549, "field_22": null, "field_23": null, "field_24": null, "field_25": null }, "geometry": { "type": "Point", "coordinates": [ -54.6179549, -20.4549682 ] } },
{ "type": "Feature", "properties": { "Restrição de Atendimento": "ESCOLA EM FUNCIONAMENTO E SEM RESTRIÇÃO DE ATENDIMENTO", "Nome": "CENTRO DE ENS NOSSA SENHORA AUXILIADORA", "Código INEP": 50007874, "UF": "MS", "Município": "Campo Grande", "Localização": "Urbana", "Localidade Diferenciada": "A escola não está em área de localização diferenciada", "Categoria Administrativa": "Privada", "Endereço": "RUA PEDRO CELESTINO, 1980 CENTRO. 79002-371 Campo Grande - MS.", "Telefone": "(67) 33231700", "Tipo": "Privada", "Categoria Escola Privada": "Particular", "Conveniada Poder Público": "Não", "Regulamentação pelo Conselho de Educação": "Sim", "Porte da Escola": "Entre 501 e 1000 matrículas de escolarização", "Etapas e Modalidade de Ensino Oferecidas": "Educação Infantil, Ensino Fundamental, Ensino Médio", "Outras Ofertas Educacionais": "Atividade Complementar", "Latitude": "-204.558.947", "Longitude": "-546.128.679", "Lat tratada": -20.4558947, "Long tratada": -54.6128679, "field_22": null, "field_23": null, "field_24": null, "field_25": null }, "geometry": { "type": "Point", "coordinates": [ -54.6128679, -20.4558947 ] } },
{ "type": "Feature", "properties": { "Restrição de Atendimento": "ESCOLA EM FUNCIONAMENTO E SEM RESTRIÇÃO DE ATENDIMENTO", "Nome": "COLEGIO OSWALDO TOGNINI", "Código INEP": 50007890, "UF": "MS", "Município": "Campo Grande", "Localização": "Urbana", "Localidade Diferenciada": "A escola não está em área de localização diferenciada", "Categoria Administrativa": "Privada", "Endereço": "RUA CORONEL CACILDO ARANTES, 322 CHACARA CACHOEIRA. 79040-452 Campo Grande - MS.", "Telefone": "(67) 39012890", "Tipo": "Privada", "Categoria Escola Privada": "Particular", "Conveniada Poder Público": "Não", "Regulamentação pelo Conselho de Educação": "Sim", "Porte da Escola": "Mais de 1000 matrículas de escolarização", "Etapas e Modalidade de Ensino Oferecidas": "Educação Infantil, Ensino Fundamental, Ensino Médio", "Outras Ofertas Educacionais": null, "Latitude": "-2.046.113.194", "Longitude": "-5.457.944.638", "Lat tratada": -20.46113194, "Long tratada": -54.57944638, "field_22": null, "field_23": null, "field_24": null, "field_25": null }, "geometry": { "type": "Point", "coordinates": [ -54.57944638, -20.46113194 ] } },
{ "type": "Feature", "properties": { "Restrição de Atendimento": "ESCOLA EM FUNCIONAMENTO E SEM RESTRIÇÃO DE ATENDIMENTO", "Nome": "MABE MODERNA ASSOCIACAO BRASILEIRA DE ENSINO MEDIO LTDA", "Código INEP": 50007904, "UF": "MS", "Município": "Campo Grande", "Localização": "Urbana", "Localidade Diferenciada": "A escola não está em área de localização diferenciada", "Categoria Administrativa": "Privada", "Endereço": "RUA 26 DE AGOSTO, 63 VILA BARTIRIA. 79002-081 Campo Grande - MS.", "Telefone": "(67) 21077558", "Tipo": "Privada", "Categoria Escola Privada": "Particular", "Conveniada Poder Público": "Não", "Regulamentação pelo Conselho de Educação": "Sim", "Porte da Escola": "Mais de 1000 matrículas de escolarização", "Etapas e Modalidade de Ensino Oferecidas": "Educação Infantil, Ensino Fundamental, Ensino Médio", "Outras Ofertas Educacionais": null, "Latitude": "-204.672.701", "Longitude": "-546.140.304", "Lat tratada": -20.4672701, "Long tratada": -54.6140304, "field_22": null, "field_23": null, "field_24": null, "field_25": null }, "geometry": { "type": "Point", "coordinates": [ -54.6140304, -20.4672701 ] } },
{ "type": "Feature", "properties": { "Restrição de Atendimento": "ESCOLA EM FUNCIONAMENTO E SEM RESTRIÇÃO DE ATENDIMENTO", "Nome": "COLEGIO PROF LOURIVAL MARTINS FAGUNDES", "Código INEP": 50007912, "UF": "MS", "Município": "Campo Grande", "Localização": "Urbana", "Localidade Diferenciada": "A escola não está em área de localização diferenciada", "Categoria Administrativa": "Privada", "Endereço": "RUA REBOLCAS, 674 PARQUE DOS NOVOS ESTADOS. 79034-260 Campo Grande - MS.", "Telefone": "(67) 39012862", "Tipo": "Privada", "Categoria Escola Privada": "Filantrópica", "Conveniada Poder Público": "Não", "Regulamentação pelo Conselho de Educação": "Sim", "Porte da Escola": "Mais de 1000 matrículas de escolarização", "Etapas e Modalidade de Ensino Oferecidas": "Educação Infantil, Ensino Fundamental, Ensino Médio", "Outras Ofertas Educacionais": "Atividade Complementar", "Latitude": "-2.041.489", "Longitude": "-5.456.637", "Lat tratada": -20.41489, "Long tratada": -54.56637, "field_22": null, "field_23": null, "field_24": null, "field_25": null }, "geometry": { "type": "Point", "coordinates": [ -54.56637, -20.41489 ] } },
{ "type": "Feature", "properties": { "Restrição de Atendimento": "ESCOLA EM FUNCIONAMENTO E SEM RESTRIÇÃO DE ATENDIMENTO", "Nome": "COLEGIO RAUL SANS DE MATOS", "Código INEP": 50007920, "UF": "MS", "Município": "Campo Grande", "Localização": "Urbana", "Localidade Diferenciada": "A escola não está em área de localização diferenciada", "Categoria Administrativa": "Privada", "Endereço": "RUA TREZE DE MAIO, 783 SANTA DOROTHEA. 79004-423 Campo Grande - MS.", "Telefone": "(67) 30255575", "Tipo": "Privada", "Categoria Escola Privada": "Particular", "Conveniada Poder Público": "Não", "Regulamentação pelo Conselho de Educação": "Sim", "Porte da Escola": "Entre 501 e 1000 matrículas de escolarização", "Etapas e Modalidade de Ensino Oferecidas": "Educação Infantil, Ensino Fundamental, Ensino Médio", "Outras Ofertas Educacionais": "Atividade Complementar", "Latitude": "-2.047.839.382", "Longitude": "-5.461.322.925", "Lat tratada": -20.47839382, "Long tratada": -54.61322925, "field_22": null, "field_23": null, "field_24": null, "field_25": null }, "geometry": { "type": "Point", "coordinates": [ -54.61322925, -20.47839382 ] } },
{ "type": "Feature", "properties": { "Restrição de Atendimento": "ESCOLA EM FUNCIONAMENTO E SEM RESTRIÇÃO DE ATENDIMENTO", "Nome": "COLEGIO SANTEL", "Código INEP": 50007971, "UF": "MS", "Município": "Campo Grande", "Localização": "Urbana", "Localidade Diferenciada": "A escola não está em área de localização diferenciada", "Categoria Administrativa": "Privada", "Endereço": "AVENIDA SCHNOOR, 149 TIRADENTES. 79041-360 Campo Grande - MS.", "Telefone": "(67) 33414653", "Tipo": "Privada", "Categoria Escola Privada": "Particular", "Conveniada Poder Público": "Não", "Regulamentação pelo Conselho de Educação": "Sim", "Porte da Escola": "Entre 51 e 200 matrículas de escolarização", "Etapas e Modalidade de Ensino Oferecidas": "Ensino Fundamental", "Outras Ofertas Educacionais": null, "Latitude": "-2.047.159", "Longitude": "-5.458.279", "Lat tratada": -20.47159, "Long tratada": -54.58279, "field_22": null, "field_23": null, "field_24": null, "field_25": null }, "geometry": { "type": "Point", "coordinates": [ -54.58279, -20.47159 ] } },
{ "type": "Feature", "properties": { "Restrição de Atendimento": "ESCOLA ATENDE EXCLUSIVAMENTE ALUNOS COM DEFICIÊNCIA", "Nome": "ESCOLA ESPECIAL RAIO DE SOL", "Código INEP": 50008064, "UF": "MS", "Município": "Campo Grande", "Localização": "Urbana", "Localidade Diferenciada": "A escola não está em área de localização diferenciada", "Categoria Administrativa": "Privada", "Endereço": "RUA PERNAMBUCO, 1253 VILA ROSA. 79010-040 Campo Grande - MS.", "Telefone": "(67) 33167600", "Tipo": "Privada", "Categoria Escola Privada": "Filantrópica", "Conveniada Poder Público": "Sim", "Regulamentação pelo Conselho de Educação": "Sim", "Porte da Escola": "Entre 51 e 200 matrículas de escolarização", "Etapas e Modalidade de Ensino Oferecidas": "Ensino Fundamental, Educação de Jovens Adultos", "Outras Ofertas Educacionais": "Atividade Complementar", "Latitude": "-204.486.837", "Longitude": "-546.062.654", "Lat tratada": -20.4486837, "Long tratada": -54.6062654, "field_22": null, "field_23": null, "field_24": null, "field_25": null }, "geometry": { "type": "Point", "coordinates": [ -54.6062654, -20.4486837 ] } },
{ "type": "Feature", "properties": { "Restrição de Atendimento": "ESCOLA ATENDE EXCLUSIVAMENTE ALUNOS COM DEFICIÊNCIA", "Nome": "ESCOLA ESPECIAL COLIBRI", "Código INEP": 50008080, "UF": "MS", "Município": "Campo Grande", "Localização": "Urbana", "Localidade Diferenciada": "A escola não está em área de localização diferenciada", "Categoria Administrativa": "Privada", "Endereço": "RUA GOMES FREIRE, 180 VILA SANTO AMARO. 79112-050 Campo Grande - MS.", "Telefone": "(67) 33615235", "Tipo": "Privada", "Categoria Escola Privada": "Filantrópica", "Conveniada Poder Público": "Sim", "Regulamentação pelo Conselho de Educação": "Sim", "Porte da Escola": "Entre 51 e 200 matrículas de escolarização", "Etapas e Modalidade de Ensino Oferecidas": "Educação Infantil, Ensino Fundamental, Educação de Jovens Adultos", "Outras Ofertas Educacionais": "Atividade Complementar", "Latitude": "-204.472.334", "Longitude": "-546.492.718", "Lat tratada": -20.4472334, "Long tratada": -54.6492718, "field_22": null, "field_23": null, "field_24": null, "field_25": null }, "geometry": { "type": "Point", "coordinates": [ -54.6492718, -20.4472334 ] } },
{ "type": "Feature", "properties": { "Restrição de Atendimento": "ESCOLA EM FUNCIONAMENTO E SEM RESTRIÇÃO DE ATENDIMENTO", "Nome": "EE PROFª MARIA RITA DE CASSIA PONTES TEIXEIRA", "Código INEP": 50008463, "UF": "MS", "Município": "Campo Grande", "Localização": "Urbana", "Localidade Diferenciada": "A escola não está em área de localização diferenciada", "Categoria Administrativa": "Pública", "Endereço": "RUA OSVALDINO MENDES ROCHA, 560 PARQUE RESIDENCIAL UNIAO. 79091-540 Campo Grande - MS.", "Telefone": "(67) 33264969", "Tipo": "Estadual", "Categoria Escola Privada": "Não Informado", "Conveniada Poder Público": "Não", "Regulamentação pelo Conselho de Educação": "Sim", "Porte da Escola": "Entre 201 e 500 matrículas de escolarização", "Etapas e Modalidade de Ensino Oferecidas": "Ensino Fundamental, Ensino Médio", "Outras Ofertas Educacionais": "Atendimento Educacional Especializado, Atividade Complementar", "Latitude": "-204.799.029", "Longitude": "-546.663.421", "Lat tratada": -20.4799029, "Long tratada": -54.6663421, "field_22": null, "field_23": null, "field_24": null, "field_25": null }, "geometry": { "type": "Point", "coordinates": [ -54.6663421, -20.4799029 ] } },
{ "type": "Feature", "properties": { "Restrição de Atendimento": "ESCOLA EM FUNCIONAMENTO E SEM RESTRIÇÃO DE ATENDIMENTO", "Nome": "EE PROFª ZELIA QUEVEDO CHAVES", "Código INEP": 50008501, "UF": "MS", "Município": "Campo Grande", "Localização": "Urbana", "Localidade Diferenciada": "A escola não está em área de localização diferenciada", "Categoria Administrativa": "Pública", "Endereço": "RUA GAUDILEY BRUN, 250 PARQUE RESIDENCIAL IRACY COELHO NETTO. 79074-500 Campo Grande - MS.", "Telefone": "(67) 981354850", "Tipo": "Estadual", "Categoria Escola Privada": "Não Informado", "Conveniada Poder Público": "Não", "Regulamentação pelo Conselho de Educação": "Sim", "Porte da Escola": "Mais de 1000 matrículas de escolarização", "Etapas e Modalidade de Ensino Oferecidas": "Ensino Fundamental, Ensino Médio", "Outras Ofertas Educacionais": "Atendimento Educacional Especializado, Atividade Complementar", "Latitude": "-205.336.419", "Longitude": "-546.451.285", "Lat tratada": -20.5336419, "Long tratada": -54.6451285, "field_22": null, "field_23": null, "field_24": null, "field_25": null }, "geometry": { "type": "Point", "coordinates": [ -54.6451285, -20.5336419 ] } },
{ "type": "Feature", "properties": { "Restrição de Atendimento": "ESCOLA EM FUNCIONAMENTO E SEM RESTRIÇÃO DE ATENDIMENTO", "Nome": "EM PROF ALDO DE QUEIROZ", "Código INEP": 50008714, "UF": "MS", "Município": "Campo Grande", "Localização": "Urbana", "Localidade Diferenciada": "A escola não está em área de localização diferenciada", "Categoria Administrativa": "Pública", "Endereço": "RUA TABOAO DA SERRA, 436 CIDADE MORENA. 79064-070 Campo Grande - MS.", "Telefone": "(67) 20204082", "Tipo": "Municipal", "Categoria Escola Privada": "Não Informado", "Conveniada Poder Público": "Não", "Regulamentação pelo Conselho de Educação": "Sim", "Porte da Escola": "Mais de 1000 matrículas de escolarização", "Etapas e Modalidade de Ensino Oferecidas": "Educação Infantil, Ensino Fundamental", "Outras Ofertas Educacionais": "Atendimento Educacional Especializado, Atividade Complementar", "Latitude": "-2.055.085.912", "Longitude": "-5.458.679.773", "Lat tratada": -20.55085912, "Long tratada": -54.58679773, "field_22": null, "field_23": null, "field_24": null, "field_25": null }, "geometry": { "type": "Point", "coordinates": [ -54.58679773, -20.55085912 ] } },
{ "type": "Feature", "properties": { "Restrição de Atendimento": "ESCOLA EM FUNCIONAMENTO E SEM RESTRIÇÃO DE ATENDIMENTO", "Nome": "EM ANTONIO JOSE PANIAGO", "Código INEP": 50008862, "UF": "MS", "Município": "Campo Grande", "Localização": "Urbana", "Localidade Diferenciada": "A escola não está em área de localização diferenciada", "Categoria Administrativa": "Pública", "Endereço": "RUA ROMULO CAPPI, 262 JARDIM ITAMARACA. 79062-380 Campo Grande - MS.", "Telefone": "(67) 20204002", "Tipo": "Municipal", "Categoria Escola Privada": "Não Informado", "Conveniada Poder Público": "Não", "Regulamentação pelo Conselho de Educação": "Sim", "Porte da Escola": "Mais de 1000 matrículas de escolarização", "Etapas e Modalidade de Ensino Oferecidas": "Educação Infantil, Ensino Fundamental", "Outras Ofertas Educacionais": "Atendimento Educacional Especializado, Atividade Complementar", "Latitude": "-2.051.180.266", "Longitude": "-5.457.001.613", "Lat tratada": -20.51180266, "Long tratada": -54.57001613, "field_22": null, "field_23": null, "field_24": null, "field_25": null }, "geometry": { "type": "Point", "coordinates": [ -54.57001613, -20.51180266 ] } },
{ "type": "Feature", "properties": { "Restrição de Atendimento": "ESCOLA EM FUNCIONAMENTO E SEM RESTRIÇÃO DE ATENDIMENTO", "Nome": "COLEGIO MARIA MONTESSORI", "Código INEP": 50009060, "UF": "MS", "Município": "Campo Grande", "Localização": "Urbana", "Localidade Diferenciada": "A escola não está em área de localização diferenciada", "Categoria Administrativa": "Privada", "Endereço": "RUA ABRAO JULIO RAHE, 1110 CENTRO. 79020-190 Campo Grande - MS.", "Telefone": "(67) 33827576", "Tipo": "Privada", "Categoria Escola Privada": "Particular", "Conveniada Poder Público": "Não", "Regulamentação pelo Conselho de Educação": "Sim", "Porte da Escola": "Entre 501 e 1000 matrículas de escolarização", "Etapas e Modalidade de Ensino Oferecidas": "Educação Infantil, Ensino Fundamental, Ensino Médio", "Outras Ofertas Educacionais": null, "Latitude": "-2.045.239.672", "Longitude": "-5.460.319.878", "Lat tratada": -20.45239672, "Long tratada": -54.60319878, "field_22": null, "field_23": null, "field_24": null, "field_25": null }, "geometry": { "type": "Point", "coordinates": [ -54.60319878, -20.45239672 ] } },
{ "type": "Feature", "properties": { "Restrição de Atendimento": "ESCOLA EM FUNCIONAMENTO E SEM RESTRIÇÃO DE ATENDIMENTO", "Nome": "INST SMG CEGOS FLORIVALDO VARGAS - ISMAC", "Código INEP": 50009079, "UF": "MS", "Município": "Campo Grande", "Localização": "Urbana", "Localidade Diferenciada": "A escola não está em área de localização diferenciada", "Categoria Administrativa": "Privada", "Endereço": "RUA VINTE E CINCO DE DEZEMBRO, 262 JARDIM DOS ESTADOS. 79002-504 Campo Grande - MS.", "Telefone": "(67) 33250997", "Tipo": "Privada", "Categoria Escola Privada": "Filantrópica", "Conveniada Poder Público": "Sim", "Regulamentação pelo Conselho de Educação": "Sim", "Porte da Escola": "Escola sem matrícula de escolarização", "Etapas e Modalidade de Ensino Oferecidas": null, "Outras Ofertas Educacionais": "Atendimento Educacional Especializado, Atividade Complementar", "Latitude": "-204.609.074", "Longitude": "-546.045.767", "Lat tratada": -20.4609074, "Long tratada": -54.6045767, "field_22": null, "field_23": null, "field_24": null, "field_25": null }, "geometry": { "type": "Point", "coordinates": [ -54.6045767, -20.4609074 ] } },
{ "type": "Feature", "properties": { "Restrição de Atendimento": "ESCOLA EM FUNCIONAMENTO E SEM RESTRIÇÃO DE ATENDIMENTO", "Nome": "NOTA 10 INTERNACIONAL - UNIDADE MAXIMA", "Código INEP": 50009087, "UF": "MS", "Município": "Campo Grande", "Localização": "Urbana", "Localidade Diferenciada": "A escola não está em área de localização diferenciada", "Categoria Administrativa": "Privada", "Endereço": "RUA PIRATININGA, 873 JARDIM DOS ESTADOS. 79020-240 Campo Grande - MS.", "Telefone": "(67) 33045136", "Tipo": "Privada", "Categoria Escola Privada": "Particular", "Conveniada Poder Público": "Não", "Regulamentação pelo Conselho de Educação": "Sim", "Porte da Escola": "Entre 501 e 1000 matrículas de escolarização", "Etapas e Modalidade de Ensino Oferecidas": "Educação Infantil, Ensino Fundamental", "Outras Ofertas Educacionais": null, "Latitude": "-2.045.682.183", "Longitude": "-5.459.599.536", "Lat tratada": -20.45682183, "Long tratada": -54.59599536, "field_22": null, "field_23": null, "field_24": null, "field_25": null }, "geometry": { "type": "Point", "coordinates": [ -54.59599536, -20.45682183 ] } },
{ "type": "Feature", "properties": { "Restrição de Atendimento": "ESCOLA EM FUNCIONAMENTO E SEM RESTRIÇÃO DE ATENDIMENTO", "Nome": "INSTITUTO DE EDUCACAO HARMONIA", "Código INEP": 50009095, "UF": "MS", "Município": "Campo Grande", "Localização": "Urbana", "Localidade Diferenciada": "A escola não está em área de localização diferenciada", "Categoria Administrativa": "Privada", "Endereço": "RUA JOSE CAETANO, 225 JARDIM BELA VISTA. 79003-051 Campo Grande - MS.", "Telefone": "(67) 33415757", "Tipo": "Privada", "Categoria Escola Privada": "Particular", "Conveniada Poder Público": "Não", "Regulamentação pelo Conselho de Educação": "Sim", "Porte da Escola": "Entre 501 e 1000 matrículas de escolarização", "Etapas e Modalidade de Ensino Oferecidas": "Ensino Fundamental", "Outras Ofertas Educacionais": null, "Latitude": "-204.735.445", "Longitude": "-545.965.376", "Lat tratada": -20.4735445, "Long tratada": -54.5965376, "field_22": null, "field_23": null, "field_24": null, "field_25": null }, "geometry": { "type": "Point", "coordinates": [ -54.5965376, -20.4735445 ] } },
{ "type": "Feature", "properties": { "Restrição de Atendimento": "ESCOLA EM FUNCIONAMENTO E SEM RESTRIÇÃO DE ATENDIMENTO", "Nome": "ESCOLA INOVACAO", "Código INEP": 50009133, "UF": "MS", "Município": "Campo Grande", "Localização": "Urbana", "Localidade Diferenciada": "A escola não está em área de localização diferenciada", "Categoria Administrativa": "Privada", "Endereço": "AVENIDA MONTE CASTELO, 933 MONTE CASTELO. 79011-540 Campo Grande - MS.", "Telefone": "(67) 30421937", "Tipo": "Privada", "Categoria Escola Privada": "Particular", "Conveniada Poder Público": "Não", "Regulamentação pelo Conselho de Educação": "Sim", "Porte da Escola": "Entre 51 e 200 matrículas de escolarização", "Etapas e Modalidade de Ensino Oferecidas": "Educação Infantil, Ensino Fundamental", "Outras Ofertas Educacionais": null, "Latitude": "-204.380.107", "Longitude": "-546.137.799", "Lat tratada": -20.4380107, "Long tratada": -54.6137799, "field_22": null, "field_23": null, "field_24": null, "field_25": null }, "geometry": { "type": "Point", "coordinates": [ -54.6137799, -20.4380107 ] } },
{ "type": "Feature", "properties": { "Restrição de Atendimento": "ESCOLA EM FUNCIONAMENTO E SEM RESTRIÇÃO DE ATENDIMENTO", "Nome": "COLEGIO STATUS - UNIDADE 1", "Código INEP": 50009141, "UF": "MS", "Município": "Campo Grande", "Localização": "Urbana", "Localidade Diferenciada": "A escola não está em área de localização diferenciada", "Categoria Administrativa": "Privada", "Endereço": "RUA PEDRO DAVID MEDEIROS, 210 JARDIM PAULISTA. 79050-280 Campo Grande - MS.", "Telefone": "(67) 33424411", "Tipo": "Privada", "Categoria Escola Privada": "Particular", "Conveniada Poder Público": "Não", "Regulamentação pelo Conselho de Educação": "Sim", "Porte da Escola": "Entre 201 e 500 matrículas de escolarização", "Etapas e Modalidade de Ensino Oferecidas": "Educação Infantil, Ensino Fundamental", "Outras Ofertas Educacionais": null, "Latitude": "-204.880.012", "Longitude": "-54.604.065", "Lat tratada": -20.4880012, "Long tratada": -54.604065, "field_22": null, "field_23": null, "field_24": null, "field_25": null }, "geometry": { "type": "Point", "coordinates": [ -54.604065, -20.4880012 ] } },
{ "type": "Feature", "properties": { "Restrição de Atendimento": "ESCOLA EM FUNCIONAMENTO E SEM RESTRIÇÃO DE ATENDIMENTO", "Nome": "ASSOCIACAO FILANTROPICA ACACIA MORENA", "Código INEP": 50009206, "UF": "MS", "Município": "Campo Grande", "Localização": "Urbana", "Localidade Diferenciada": "A escola não está em área de localização diferenciada", "Categoria Administrativa": "Privada", "Endereço": "RUA PORFIRIO DE BRITO, 125 VILA PIRATININGA. 79081-440 Campo Grande - MS.", "Telefone": "(67) 33462716", "Tipo": "Privada", "Categoria Escola Privada": "Filantrópica", "Conveniada Poder Público": "Sim", "Regulamentação pelo Conselho de Educação": "Sim", "Porte da Escola": "Entre 51 e 200 matrículas de escolarização", "Etapas e Modalidade de Ensino Oferecidas": "Educação Infantil", "Outras Ofertas Educacionais": null, "Latitude": "-205.010.218", "Longitude": "-546.355.298", "Lat tratada": -20.5010218, "Long tratada": -54.6355298, "field_22": null, "field_23": null, "field_24": null, "field_25": null }, "geometry": { "type": "Point", "coordinates": [ -54.6355298, -20.5010218 ] } },
{ "type": "Feature", "properties": { "Restrição de Atendimento": "ESCOLA EM FUNCIONAMENTO E SEM RESTRIÇÃO DE ATENDIMENTO", "Nome": "EM ISAURO BENTO NOGUEIRA", "Código INEP": 50009249, "UF": "MS", "Município": "Campo Grande", "Localização": "Rural", "Localidade Diferenciada": "A escola não está em área de localização diferenciada", "Categoria Administrativa": "Pública", "Endereço": "RUA MAIRIPORA, 60 RUA MAIRIPORA. DISTRITO DE ANHANDUI. 79125-000 Campo Grande - MS.", "Telefone": "(67) 20204173", "Tipo": "Municipal", "Categoria Escola Privada": "Não Informado", "Conveniada Poder Público": "Não", "Regulamentação pelo Conselho de Educação": "Sim", "Porte da Escola": "Entre 201 e 500 matrículas de escolarização", "Etapas e Modalidade de Ensino Oferecidas": "Educação Infantil, Ensino Fundamental", "Outras Ofertas Educacionais": "Atendimento Educacional Especializado, Atividade Complementar", "Latitude": "-2.098.667.249", "Longitude": "-5.450.665.265", "Lat tratada": -20.98667249, "Long tratada": -54.50665265, "field_22": null, "field_23": null, "field_24": null, "field_25": null }, "geometry": { "type": "Point", "coordinates": [ -54.50665265, -20.98667249 ] } },
{ "type": "Feature", "properties": { "Restrição de Atendimento": "ESCOLA EM FUNCIONAMENTO E SEM RESTRIÇÃO DE ATENDIMENTO", "Nome": "EMEI MENINO JESUS DE PRAGA", "Código INEP": 50021842, "UF": "MS", "Município": "Campo Grande", "Localização": "Urbana", "Localidade Diferenciada": "A escola não está em área de localização diferenciada", "Categoria Administrativa": "Pública", "Endereço": "RUA DOS RECIFES, 686 COOPHAVILA II. 79097-050 Campo Grande - MS.", "Telefone": "(67) 20204255", "Tipo": "Municipal", "Categoria Escola Privada": "Não Informado", "Conveniada Poder Público": "Não", "Regulamentação pelo Conselho de Educação": "Sim", "Porte da Escola": "Entre 51 e 200 matrículas de escolarização", "Etapas e Modalidade de Ensino Oferecidas": "Educação Infantil", "Outras Ofertas Educacionais": null, "Latitude": "-205.357.949", "Longitude": "-546.706", "Lat tratada": -20.5357949, "Long tratada": -54.6706, "field_22": null, "field_23": null, "field_24": null, "field_25": null }, "geometry": { "type": "Point", "coordinates": [ -54.6706, -20.5357949 ] } },
{ "type": "Feature", "properties": { "Restrição de Atendimento": "ESCOLA EM FUNCIONAMENTO E SEM RESTRIÇÃO DE ATENDIMENTO", "Nome": "INSTITUTO DE EDUC HARMONIA UNIDADE II", "Código INEP": 50022890, "UF": "MS", "Município": "Campo Grande", "Localização": "Urbana", "Localidade Diferenciada": "A escola não está em área de localização diferenciada", "Categoria Administrativa": "Privada", "Endereço": "RUA LUIZ DODERO, 126 JARDIM SAO BENTO. 79004-660 Campo Grande - MS.", "Telefone": "(67) 30422220", "Tipo": "Privada", "Categoria Escola Privada": "Particular", "Conveniada Poder Público": "Não", "Regulamentação pelo Conselho de Educação": "Sim", "Porte da Escola": "Entre 201 e 500 matrículas de escolarização", "Etapas e Modalidade de Ensino Oferecidas": "Educação Infantil", "Outras Ofertas Educacionais": null, "Latitude": "-204.762.993", "Longitude": "-545.987.729", "Lat tratada": -20.4762993, "Long tratada": -54.5987729, "field_22": null, "field_23": null, "field_24": null, "field_25": null }, "geometry": { "type": "Point", "coordinates": [ -54.5987729, -20.4762993 ] } },
{ "type": "Feature", "properties": { "Restrição de Atendimento": "ESCOLA ATENDE EXCLUSIVAMENTE ALUNOS COM DEFICIÊNCIA", "Nome": "ASSOCIACAO ESCOLA CLINICA SANTA TEREZINHA", "Código INEP": 50022903, "UF": "MS", "Município": "Campo Grande", "Localização": "Urbana", "Localidade Diferenciada": "A escola não está em área de localização diferenciada", "Categoria Administrativa": "Privada", "Endereço": "RUA BENEDITINOS, 364 VILA IPIRANGA. 79081-090 Campo Grande - MS.", "Telefone": "(67) 984296777", "Tipo": "Privada", "Categoria Escola Privada": "Filantrópica", "Conveniada Poder Público": "Sim", "Regulamentação pelo Conselho de Educação": "Sim", "Porte da Escola": "Até 50 matrículas de escolarização", "Etapas e Modalidade de Ensino Oferecidas": "Ensino Fundamental", "Outras Ofertas Educacionais": null, "Latitude": "-204.988.161", "Longitude": "-546.221.186", "Lat tratada": -20.4988161, "Long tratada": -54.6221186, "field_22": null, "field_23": null, "field_24": null, "field_25": null }, "geometry": { "type": "Point", "coordinates": [ -54.6221186, -20.4988161 ] } },
{ "type": "Feature", "properties": { "Restrição de Atendimento": "ESCOLA ATENDE EXCLUSIVAMENTE ALUNOS COM DEFICIÊNCIA", "Nome": "ESCOLA DE DESENVOLVIMENTO ESPECIAL JULIANO FERNANDES VARELA", "Código INEP": 50022920, "UF": "MS", "Município": "Campo Grande", "Localização": "Urbana", "Localidade Diferenciada": "A escola não está em área de localização diferenciada", "Categoria Administrativa": "Privada", "Endereço": "AVENIDA FABIO ZAHRAN, 6513 VILA CARVALHO. 79005-571 Campo Grande - MS.", "Telefone": "(67) 30268828", "Tipo": "Privada", "Categoria Escola Privada": "Filantrópica", "Conveniada Poder Público": "Sim", "Regulamentação pelo Conselho de Educação": "Sim", "Porte da Escola": "Entre 201 e 500 matrículas de escolarização", "Etapas e Modalidade de Ensino Oferecidas": "Educação Infantil, Ensino Fundamental, Educação de Jovens Adultos", "Outras Ofertas Educacionais": "Atendimento Educacional Especializado, Atividade Complementar", "Latitude": "-2.047.582", "Longitude": "-5.462.379", "Lat tratada": -20.47582, "Long tratada": -54.62379, "field_22": null, "field_23": null, "field_24": null, "field_25": null }, "geometry": { "type": "Point", "coordinates": [ -54.62379, -20.47582 ] } },
{ "type": "Feature", "properties": { "Restrição de Atendimento": "ESCOLA ATENDE EXCLUSIVAMENTE ALUNOS COM DEFICIÊNCIA", "Nome": "ASEADEM- ASSOCIACAO ESPECIAL DE ATENDIMENTO AO DEFICIENTE MENTAL", "Código INEP": 50022938, "UF": "MS", "Município": "Campo Grande", "Localização": "Urbana", "Localidade Diferenciada": "A escola não está em área de localização diferenciada", "Categoria Administrativa": "Privada", "Endereço": "RUA TENNESSE, 280 CAMPO NOVO. 79014-010 Campo Grande - MS.", "Telefone": "(67) 33527979", "Tipo": "Privada", "Categoria Escola Privada": "Filantrópica", "Conveniada Poder Público": "Sim", "Regulamentação pelo Conselho de Educação": "Sim", "Porte da Escola": "Entre 51 e 200 matrículas de escolarização", "Etapas e Modalidade de Ensino Oferecidas": "Educação de Jovens Adultos", "Outras Ofertas Educacionais": null, "Latitude": "-204.104.153", "Longitude": "-545.899.373", "Lat tratada": -20.4104153, "Long tratada": -54.5899373, "field_22": null, "field_23": null, "field_24": null, "field_25": null }, "geometry": { "type": "Point", "coordinates": [ -54.5899373, -20.4104153 ] } },
{ "type": "Feature", "properties": { "Restrição de Atendimento": "ESCOLA EM FUNCIONAMENTO E SEM RESTRIÇÃO DE ATENDIMENTO", "Nome": "AMA - ASSOCIACAO DE PAIS E AMIGOS DO AUTISTA", "Código INEP": 50022962, "UF": "MS", "Município": "Campo Grande", "Localização": "Urbana", "Localidade Diferenciada": "A escola não está em área de localização diferenciada", "Categoria Administrativa": "Privada", "Endereço": "AVENIDA BANDEIRANTES, 215 AMAMBAI. 79005-671 Campo Grande - MS.", "Telefone": "(67) 33255135", "Tipo": "Privada", "Categoria Escola Privada": "Filantrópica", "Conveniada Poder Público": "Sim", "Regulamentação pelo Conselho de Educação": "Sim", "Porte da Escola": "Escola sem matrícula de escolarização", "Etapas e Modalidade de Ensino Oferecidas": null, "Outras Ofertas Educacionais": "Atendimento Educacional Especializado, Atividade Complementar", "Latitude": "-204.674.214", "Longitude": "-546.271.905", "Lat tratada": -20.4674214, "Long tratada": -54.6271905, "field_22": null, "field_23": null, "field_24": null, "field_25": null }, "geometry": { "type": "Point", "coordinates": [ -54.6271905, -20.4674214 ] } },
{ "type": "Feature", "properties": { "Restrição de Atendimento": "ESCOLA EM FUNCIONAMENTO E SEM RESTRIÇÃO DE ATENDIMENTO", "Nome": "EE JOSE ANTONIO PEREIRA", "Código INEP": 50022997, "UF": "MS", "Município": "Campo Grande", "Localização": "Urbana", "Localidade Diferenciada": "A escola não está em área de localização diferenciada", "Categoria Administrativa": "Pública", "Endereço": "RUA ANTONIO PINTO, 257 VILA TAVEIROPOLIS. 79090-170 Campo Grande - MS.", "Telefone": "(67) 33141248", "Tipo": "Estadual", "Categoria Escola Privada": "Não Informado", "Conveniada Poder Público": "Não", "Regulamentação pelo Conselho de Educação": "Sim", "Porte da Escola": "Entre 501 e 1000 matrículas de escolarização", "Etapas e Modalidade de Ensino Oferecidas": "Ensino Fundamental, Ensino Médio", "Outras Ofertas Educacionais": null, "Latitude": "-204.751.888", "Longitude": "-546.451.906", "Lat tratada": -20.4751888, "Long tratada": -54.6451906, "field_22": null, "field_23": null, "field_24": null, "field_25": null }, "geometry": { "type": "Point", "coordinates": [ -54.6451906, -20.4751888 ] } },
{ "type": "Feature", "properties": { "Restrição de Atendimento": "ESCOLA EM FUNCIONAMENTO E SEM RESTRIÇÃO DE ATENDIMENTO", "Nome": "EE PROFª NEYDER SUELLY COSTA VIEIRA", "Código INEP": 50023004, "UF": "MS", "Município": "Campo Grande", "Localização": "Urbana", "Localidade Diferenciada": "A escola não está em área de localização diferenciada", "Categoria Administrativa": "Pública", "Endereço": "RUA MARCO AURELIO BEIER, 100 CONJUNTO AERO RANCHO. 79085-042 Campo Grande - MS.", "Telefone": "(67) 33146097", "Tipo": "Estadual", "Categoria Escola Privada": "Não Informado", "Conveniada Poder Público": "Não", "Regulamentação pelo Conselho de Educação": "Sim", "Porte da Escola": "Entre 201 e 500 matrículas de escolarização", "Etapas e Modalidade de Ensino Oferecidas": "Ensino Fundamental, Ensino Médio", "Outras Ofertas Educacionais": "Atividade Complementar", "Latitude": "-205.220.248", "Longitude": "-546.565.619", "Lat tratada": -20.5220248, "Long tratada": -54.6565619, "field_22": null, "field_23": null, "field_24": null, "field_25": null }, "geometry": { "type": "Point", "coordinates": [ -54.6565619, -20.5220248 ] } },
{ "type": "Feature", "properties": { "Restrição de Atendimento": "ESCOLA EM FUNCIONAMENTO E SEM RESTRIÇÃO DE ATENDIMENTO", "Nome": "EMEI NOSSA SENHORA DE FATIMA", "Código INEP": 50023039, "UF": "MS", "Município": "Campo Grande", "Localização": "Urbana", "Localidade Diferenciada": "A escola não está em área de localização diferenciada", "Categoria Administrativa": "Pública", "Endereço": "RUA JARDIM SANTO IGNACIO, 325 JARDIM BONANCA. 79092-161 Campo Grande - MS.", "Telefone": "(67) 20204261", "Tipo": "Municipal", "Categoria Escola Privada": "Não Informado", "Conveniada Poder Público": "Não", "Regulamentação pelo Conselho de Educação": "Sim", "Porte da Escola": "Entre 51 e 200 matrículas de escolarização", "Etapas e Modalidade de Ensino Oferecidas": "Educação Infantil", "Outras Ofertas Educacionais": null, "Latitude": "-20.494.279", "Longitude": "-546.613.096", "Lat tratada": -20.494279, "Long tratada": -54.6613096, "field_22": null, "field_23": null, "field_24": null, "field_25": null }, "geometry": { "type": "Point", "coordinates": [ -54.6613096, -20.494279 ] } },
{ "type": "Feature", "properties": { "Restrição de Atendimento": "ESCOLA EM FUNCIONAMENTO E SEM RESTRIÇÃO DE ATENDIMENTO", "Nome": "EMEI NOSSA SENHORA AUXILIADORA", "Código INEP": 50023047, "UF": "MS", "Município": "Campo Grande", "Localização": "Urbana", "Localidade Diferenciada": "A escola não está em área de localização diferenciada", "Categoria Administrativa": "Pública", "Endereço": "RUA INOCENCIA MOREIRA DOS SANTOS, 68 CONJUNTO AERO RANCHO. 79084-093 Campo Grande - MS.", "Telefone": "(67) 20204260", "Tipo": "Municipal", "Categoria Escola Privada": "Não Informado", "Conveniada Poder Público": "Não", "Regulamentação pelo Conselho de Educação": "Sim", "Porte da Escola": "Entre 201 e 500 matrículas de escolarização", "Etapas e Modalidade de Ensino Oferecidas": "Educação Infantil", "Outras Ofertas Educacionais": null, "Latitude": "-2.051.994.363", "Longitude": "-5.464.863.212", "Lat tratada": -20.51994363, "Long tratada": -54.64863212, "field_22": null, "field_23": null, "field_24": null, "field_25": null }, "geometry": { "type": "Point", "coordinates": [ -54.64863212, -20.51994363 ] } },
{ "type": "Feature", "properties": { "Restrição de Atendimento": "ESCOLA EM FUNCIONAMENTO E SEM RESTRIÇÃO DE ATENDIMENTO", "Nome": "EMEI PROFª LINA LEMES DE OLIVEIRA", "Código INEP": 50023055, "UF": "MS", "Município": "Campo Grande", "Localização": "Urbana", "Localidade Diferenciada": "A escola não está em área de localização diferenciada", "Categoria Administrativa": "Pública", "Endereço": "AVENIDA JOSE NOGUEIRA VIEIRA, 494 TIRADENTES. 79042-010 Campo Grande - MS.", "Telefone": "(67) 20204295", "Tipo": "Municipal", "Categoria Escola Privada": "Não Informado", "Conveniada Poder Público": "Não", "Regulamentação pelo Conselho de Educação": "Sim", "Porte da Escola": "Entre 51 e 200 matrículas de escolarização", "Etapas e Modalidade de Ensino Oferecidas": "Educação Infantil", "Outras Ofertas Educacionais": null, "Latitude": "-2.048.016.418", "Longitude": "-545.793.173", "Lat tratada": -20.48016418, "Long tratada": -54.5793173, "field_22": null, "field_23": null, "field_24": null, "field_25": null }, "geometry": { "type": "Point", "coordinates": [ -54.5793173, -20.48016418 ] } },
{ "type": "Feature", "properties": { "Restrição de Atendimento": "ESCOLA EM FUNCIONAMENTO E SEM RESTRIÇÃO DE ATENDIMENTO", "Nome": "EMEI SANTA EDWIRGES", "Código INEP": 50023063, "UF": "MS", "Município": "Campo Grande", "Localização": "Urbana", "Localidade Diferenciada": "A escola não está em área de localização diferenciada", "Categoria Administrativa": "Pública", "Endereço": "RUA PEDRO SOARES DE SOUZA, 72 CONJUNTO AERO RANCHO SETOR VII. 79085-030 Campo Grande - MS.", "Telefone": "(67) 20204286", "Tipo": "Municipal", "Categoria Escola Privada": "Não Informado", "Conveniada Poder Público": "Não", "Regulamentação pelo Conselho de Educação": "Sim", "Porte da Escola": "Entre 51 e 200 matrículas de escolarização", "Etapas e Modalidade de Ensino Oferecidas": "Educação Infantil", "Outras Ofertas Educacionais": null, "Latitude": "-2.052.971.376", "Longitude": "-5.465.864.019", "Lat tratada": -20.52971376, "Long tratada": -54.65864019, "field_22": null, "field_23": null, "field_24": null, "field_25": null }, "geometry": { "type": "Point", "coordinates": [ -54.65864019, -20.52971376 ] } },
{ "type": "Feature", "properties": { "Restrição de Atendimento": "ESCOLA EM FUNCIONAMENTO E SEM RESTRIÇÃO DE ATENDIMENTO", "Nome": "EMEI CRISTO E VIDA", "Código INEP": 50023071, "UF": "MS", "Município": "Campo Grande", "Localização": "Urbana", "Localidade Diferenciada": "A escola não está em área de localização diferenciada", "Categoria Administrativa": "Pública", "Endereço": "RUA ANTONIO SOBREIRA, 565 VILA POPULAR. 79106-790 Campo Grande - MS.", "Telefone": "(67) 20204219", "Tipo": "Municipal", "Categoria Escola Privada": "Não Informado", "Conveniada Poder Público": "Não", "Regulamentação pelo Conselho de Educação": "Sim", "Porte da Escola": "Entre 51 e 200 matrículas de escolarização", "Etapas e Modalidade de Ensino Oferecidas": "Educação Infantil", "Outras Ofertas Educacionais": null, "Latitude": "-204.481.689", "Longitude": "-547.038.044", "Lat tratada": -20.4481689, "Long tratada": -54.7038044, "field_22": null, "field_23": null, "field_24": null, "field_25": null }, "geometry": { "type": "Point", "coordinates": [ -54.7038044, -20.4481689 ] } },
{ "type": "Feature", "properties": { "Restrição de Atendimento": "ESCOLA EM FUNCIONAMENTO E SEM RESTRIÇÃO DE ATENDIMENTO", "Nome": "EMEI SAO JOSE", "Código INEP": 50023080, "UF": "MS", "Município": "Campo Grande", "Localização": "Urbana", "Localidade Diferenciada": "A escola não está em área de localização diferenciada", "Categoria Administrativa": "Pública", "Endereço": "RUA ANA LUIZA DE SOUZA, 1090 SANTA BRANCA. 79070-140 Campo Grande - MS.", "Telefone": "(67) 20204290", "Tipo": "Municipal", "Categoria Escola Privada": "Não Informado", "Conveniada Poder Público": "Não", "Regulamentação pelo Conselho de Educação": "Sim", "Porte da Escola": "Entre 51 e 200 matrículas de escolarização", "Etapas e Modalidade de Ensino Oferecidas": "Educação Infantil", "Outras Ofertas Educacionais": null, "Latitude": "-2.051.741.563", "Longitude": "-5.461.362.942", "Lat tratada": -20.51741563, "Long tratada": -54.61362942, "field_22": null, "field_23": null, "field_24": null, "field_25": null }, "geometry": { "type": "Point", "coordinates": [ -54.61362942, -20.51741563 ] } },
{ "type": "Feature", "properties": { "Restrição de Atendimento": "ESCOLA EM FUNCIONAMENTO E SEM RESTRIÇÃO DE ATENDIMENTO", "Nome": "EMEI TRIANGULO AZUL", "Código INEP": 50023098, "UF": "MS", "Município": "Campo Grande", "Localização": "Urbana", "Localidade Diferenciada": "A escola não está em área de localização diferenciada", "Categoria Administrativa": "Pública", "Endereço": "RUA FIRMINOPOLIS, 313 VILA CIDADE MORENA. 79064-050 Campo Grande - MS.", "Telefone": "(67) 20204294", "Tipo": "Municipal", "Categoria Escola Privada": "Não Informado", "Conveniada Poder Público": "Não", "Regulamentação pelo Conselho de Educação": "Sim", "Porte da Escola": "Entre 51 e 200 matrículas de escolarização", "Etapas e Modalidade de Ensino Oferecidas": "Educação Infantil", "Outras Ofertas Educacionais": null, "Latitude": "-2.054.943.805", "Longitude": "-5.458.876.674", "Lat tratada": -20.54943805, "Long tratada": -54.58876674, "field_22": null, "field_23": null, "field_24": null, "field_25": null }, "geometry": { "type": "Point", "coordinates": [ -54.58876674, -20.54943805 ] } },
{ "type": "Feature", "properties": { "Restrição de Atendimento": "ESCOLA EM FUNCIONAMENTO E SEM RESTRIÇÃO DE ATENDIMENTO", "Nome": "ASSOCIACAO CAMILLE FLAMMARION", "Código INEP": 50023136, "UF": "MS", "Município": "Campo Grande", "Localização": "Urbana", "Localidade Diferenciada": "A escola não está em área de localização diferenciada", "Categoria Administrativa": "Privada", "Endereço": "RUA PASTEUR, 1.450 VILA PIRATININGA. 79081-070 Campo Grande - MS.", "Telefone": "(67) 33461202", "Tipo": "Privada", "Categoria Escola Privada": "Filantrópica", "Conveniada Poder Público": "Sim", "Regulamentação pelo Conselho de Educação": "Sim", "Porte da Escola": "Entre 51 e 200 matrículas de escolarização", "Etapas e Modalidade de Ensino Oferecidas": "Educação Infantil", "Outras Ofertas Educacionais": null, "Latitude": "-205.005.075", "Longitude": "-546.234.683", "Lat tratada": -20.5005075, "Long tratada": -54.6234683, "field_22": null, "field_23": null, "field_24": null, "field_25": null }, "geometry": { "type": "Point", "coordinates": [ -54.6234683, -20.5005075 ] } },
{ "type": "Feature", "properties": { "Restrição de Atendimento": "ESCOLA EM FUNCIONAMENTO E SEM RESTRIÇÃO DE ATENDIMENTO", "Nome": "EM PROFª FLORA GUIMARAES ROSA PIRES", "Código INEP": 50023144, "UF": "MS", "Município": "Campo Grande", "Localização": "Urbana", "Localidade Diferenciada": "A escola não está em área de localização diferenciada", "Categoria Administrativa": "Pública", "Endereço": "RUA RAMALHO ORTIGAO, 55 VILA ALBUQUERQUE. 79060-290 Campo Grande - MS.", "Telefone": "(67) 20204137", "Tipo": "Municipal", "Categoria Escola Privada": "Não Informado", "Conveniada Poder Público": "Não", "Regulamentação pelo Conselho de Educação": "Sim", "Porte da Escola": "Entre 501 e 1000 matrículas de escolarização", "Etapas e Modalidade de Ensino Oferecidas": "Educação Infantil, Ensino Fundamental", "Outras Ofertas Educacionais": "Atividade Complementar", "Latitude": "-204.993.347", "Longitude": "-546.031.079", "Lat tratada": -20.4993347, "Long tratada": -54.6031079, "field_22": null, "field_23": null, "field_24": null, "field_25": null }, "geometry": { "type": "Point", "coordinates": [ -54.6031079, -20.4993347 ] } },
{ "type": "Feature", "properties": { "Restrição de Atendimento": "ESCOLA EM FUNCIONAMENTO E SEM RESTRIÇÃO DE ATENDIMENTO", "Nome": "EM PROF LUIS ANTONIO DE SA CARVALHO", "Código INEP": 50023152, "UF": "MS", "Município": "Campo Grande", "Localização": "Urbana", "Localidade Diferenciada": "A escola não está em área de localização diferenciada", "Categoria Administrativa": "Pública", "Endereço": "RUA GOIAS, 1362 CONJUNTO EUDES COSTA. VILA CELIA. 79020-101 Campo Grande - MS.", "Telefone": "(67) 20204104", "Tipo": "Municipal", "Categoria Escola Privada": "Não Informado", "Conveniada Poder Público": "Não", "Regulamentação pelo Conselho de Educação": "Sim", "Porte da Escola": "Entre 201 e 500 matrículas de escolarização", "Etapas e Modalidade de Ensino Oferecidas": "Ensino Fundamental", "Outras Ofertas Educacionais": "Atendimento Educacional Especializado, Atividade Complementar", "Latitude": "-204.517.816", "Longitude": "-545.972.382", "Lat tratada": -20.4517816, "Long tratada": -54.5972382, "field_22": null, "field_23": null, "field_24": null, "field_25": null }, "geometry": { "type": "Point", "coordinates": [ -54.5972382, -20.4517816 ] } },
{ "type": "Feature", "properties": { "Restrição de Atendimento": "ESCOLA EM FUNCIONAMENTO E SEM RESTRIÇÃO DE ATENDIMENTO", "Nome": "EM VALDETE ROSA DA SILVA", "Código INEP": 50023160, "UF": "MS", "Município": "Campo Grande", "Localização": "Urbana", "Localidade Diferenciada": "A escola não está em área de localização diferenciada", "Categoria Administrativa": "Pública", "Endereço": "RUA ANISIO DE BARROS, 85 JARDIM DAS MACAUBAS. 79073-044 Campo Grande - MS.", "Telefone": "(67) 20204167", "Tipo": "Municipal", "Categoria Escola Privada": "Não Informado", "Conveniada Poder Público": "Não", "Regulamentação pelo Conselho de Educação": "Sim", "Porte da Escola": "Entre 501 e 1000 matrículas de escolarização", "Etapas e Modalidade de Ensino Oferecidas": "Educação Infantil, Ensino Fundamental", "Outras Ofertas Educacionais": "Atendimento Educacional Especializado, Atividade Complementar", "Latitude": "-205.531.224", "Longitude": "-546.175.462", "Lat tratada": -20.5531224, "Long tratada": -54.6175462, "field_22": null, "field_23": null, "field_24": null, "field_25": null }, "geometry": { "type": "Point", "coordinates": [ -54.6175462, -20.5531224 ] } },
{ "type": "Feature", "properties": { "Restrição de Atendimento": "ESCOLA EM FUNCIONAMENTO E SEM RESTRIÇÃO DE ATENDIMENTO", "Nome": "EM PROF WILSON TAVEIRA ROSALINO", "Código INEP": 50023179, "UF": "MS", "Município": "Campo Grande", "Localização": "Urbana", "Localidade Diferenciada": "A escola não está em área de localização diferenciada", "Categoria Administrativa": "Pública", "Endereço": "RUA TOKUEI NAKAO, S/N CONJUNTO AERO RANCHO. 79084-130 Campo Grande - MS.", "Telefone": "(67) 20204119", "Tipo": "Municipal", "Categoria Escola Privada": "Não Informado", "Conveniada Poder Público": "Não", "Regulamentação pelo Conselho de Educação": "Sim", "Porte da Escola": "Mais de 1000 matrículas de escolarização", "Etapas e Modalidade de Ensino Oferecidas": "Educação Infantil, Ensino Fundamental", "Outras Ofertas Educacionais": "Atendimento Educacional Especializado, Atividade Complementar", "Latitude": "-205.148.864", "Longitude": "-546.467.041", "Lat tratada": -20.5148864, "Long tratada": -54.6467041, "field_22": null, "field_23": null, "field_24": null, "field_25": null }, "geometry": { "type": "Point", "coordinates": [ -54.6467041, -20.5148864 ] } },
{ "type": "Feature", "properties": { "Restrição de Atendimento": "ESCOLA EM FUNCIONAMENTO E SEM RESTRIÇÃO DE ATENDIMENTO", "Nome": "EMEI PROFª GEORGIA DE FATIMA NOGUEIRA BORGES", "Código INEP": 50023187, "UF": "MS", "Município": "Campo Grande", "Localização": "Urbana", "Localidade Diferenciada": "A escola não está em área de localização diferenciada", "Categoria Administrativa": "Pública", "Endereço": "RUA DR. DOLOR FERREIRA DE ANDRADE, 2141 CORONEL ANTONINO. 79010-260 Campo Grande - MS.", "Telefone": "(67) 20204217", "Tipo": "Municipal", "Categoria Escola Privada": "Não Informado", "Conveniada Poder Público": "Não", "Regulamentação pelo Conselho de Educação": "Sim", "Porte da Escola": "Entre 51 e 200 matrículas de escolarização", "Etapas e Modalidade de Ensino Oferecidas": "Educação Infantil", "Outras Ofertas Educacionais": null, "Latitude": "-204.370.368", "Longitude": "-545.999.506", "Lat tratada": -20.4370368, "Long tratada": -54.5999506, "field_22": null, "field_23": null, "field_24": null, "field_25": null }, "geometry": { "type": "Point", "coordinates": [ -54.5999506, -20.4370368 ] } },
{ "type": "Feature", "properties": { "Restrição de Atendimento": "ESCOLA EM FUNCIONAMENTO E SEM RESTRIÇÃO DE ATENDIMENTO", "Nome": "EMEI LAR DE SHEILA", "Código INEP": 50023195, "UF": "MS", "Município": "Campo Grande", "Localização": "Urbana", "Localidade Diferenciada": "A escola não está em área de localização diferenciada", "Categoria Administrativa": "Pública", "Endereço": "AVENIDA FLORESTAL, 879 COOPHATRABALHO. 79115-020 Campo Grande - MS.", "Telefone": "(67) 20204241", "Tipo": "Municipal", "Categoria Escola Privada": "Não Informado", "Conveniada Poder Público": "Não", "Regulamentação pelo Conselho de Educação": "Sim", "Porte da Escola": "Entre 51 e 200 matrículas de escolarização", "Etapas e Modalidade de Ensino Oferecidas": "Educação Infantil", "Outras Ofertas Educacionais": null, "Latitude": "-2.043.267.122", "Longitude": "-5.465.562.126", "Lat tratada": -20.43267122, "Long tratada": -54.65562126, "field_22": null, "field_23": null, "field_24": null, "field_25": null }, "geometry": { "type": "Point", "coordinates": [ -54.65562126, -20.43267122 ] } },
{ "type": "Feature", "properties": { "Restrição de Atendimento": "ESCOLA EM FUNCIONAMENTO E SEM RESTRIÇÃO DE ATENDIMENTO", "Nome": "EMEI DOM ANTONIO BARBOSA", "Código INEP": 50023209, "UF": "MS", "Município": "Campo Grande", "Localização": "Urbana", "Localidade Diferenciada": "A escola não está em área de localização diferenciada", "Categoria Administrativa": "Pública", "Endereço": "RUA JOAO OLIVEIRA MACHADO, 189 CONJUNTO AERO RANCHO III. 79084-520 Campo Grande - MS.", "Telefone": "(67) 20204220", "Tipo": "Municipal", "Categoria Escola Privada": "Não Informado", "Conveniada Poder Público": "Não", "Regulamentação pelo Conselho de Educação": "Sim", "Porte da Escola": "Entre 51 e 200 matrículas de escolarização", "Etapas e Modalidade de Ensino Oferecidas": "Educação Infantil", "Outras Ofertas Educacionais": null, "Latitude": "-205.155.149", "Longitude": "-546.470.818", "Lat tratada": -20.5155149, "Long tratada": -54.6470818, "field_22": null, "field_23": null, "field_24": null, "field_25": null }, "geometry": { "type": "Point", "coordinates": [ -54.6470818, -20.5155149 ] } },
{ "type": "Feature", "properties": { "Restrição de Atendimento": "ESCOLA EM FUNCIONAMENTO E SEM RESTRIÇÃO DE ATENDIMENTO", "Nome": "ASSOCIACAO EVANGELICA DE PROTECAO A CRIANCAS", "Código INEP": 50023217, "UF": "MS", "Município": "Campo Grande", "Localização": "Urbana", "Localidade Diferenciada": "A escola não está em área de localização diferenciada", "Categoria Administrativa": "Privada", "Endereço": "TRAVESSA LOTUS, 67 VILA BANDEIRANTE. 79006-561 Campo Grande - MS.", "Telefone": "(67) 33865811", "Tipo": "Privada", "Categoria Escola Privada": "Filantrópica", "Conveniada Poder Público": "Sim", "Regulamentação pelo Conselho de Educação": "Sim", "Porte da Escola": "Entre 51 e 200 matrículas de escolarização", "Etapas e Modalidade de Ensino Oferecidas": "Educação Infantil", "Outras Ofertas Educacionais": null, "Latitude": "-2.048.600.247", "Longitude": "-5.464.467.846", "Lat tratada": -20.48600247, "Long tratada": -54.64467846, "field_22": null, "field_23": null, "field_24": null, "field_25": null }, "geometry": { "type": "Point", "coordinates": [ -54.64467846, -20.48600247 ] } },
{ "type": "Feature", "properties": { "Restrição de Atendimento": "ESCOLA EM FUNCIONAMENTO E SEM RESTRIÇÃO DE ATENDIMENTO", "Nome": "EMEI SAO FRANCISCO DE ASSIS", "Código INEP": 50023225, "UF": "MS", "Município": "Campo Grande", "Localização": "Urbana", "Localidade Diferenciada": "A escola não está em área de localização diferenciada", "Categoria Administrativa": "Pública", "Endereço": "AVENIDA MANOEL DA COSTA LIMA, 3.000 VILA PIRATININGA. 79081-041 Campo Grande - MS.", "Telefone": "(67) 20204289", "Tipo": "Municipal", "Categoria Escola Privada": "Não Informado", "Conveniada Poder Público": "Não", "Regulamentação pelo Conselho de Educação": "Sim", "Porte da Escola": "Entre 51 e 200 matrículas de escolarização", "Etapas e Modalidade de Ensino Oferecidas": "Educação Infantil", "Outras Ofertas Educacionais": null, "Latitude": "-2.049.551.136", "Longitude": "-5.464.345.847", "Lat tratada": -20.49551136, "Long tratada": -54.64345847, "field_22": null, "field_23": null, "field_24": null, "field_25": null }, "geometry": { "type": "Point", "coordinates": [ -54.64345847, -20.49551136 ] } },
{ "type": "Feature", "properties": { "Restrição de Atendimento": "ESCOLA EM FUNCIONAMENTO E SEM RESTRIÇÃO DE ATENDIMENTO", "Nome": "CEI - JOAO PAULO II", "Código INEP": 50023233, "UF": "MS", "Município": "Campo Grande", "Localização": "Urbana", "Localidade Diferenciada": "A escola não está em área de localização diferenciada", "Categoria Administrativa": "Privada", "Endereço": "RUA JULIA PEREIRA DE SOUZA, 969 UNIVERSITARIO. 79071-200 Campo Grande - MS.", "Telefone": "(67) 993318448", "Tipo": "Privada", "Categoria Escola Privada": "Filantrópica", "Conveniada Poder Público": "Sim", "Regulamentação pelo Conselho de Educação": "Sim", "Porte da Escola": "Entre 51 e 200 matrículas de escolarização", "Etapas e Modalidade de Ensino Oferecidas": "Educação Infantil", "Outras Ofertas Educacionais": null, "Latitude": "-2.052.762", "Longitude": "-5.460.234", "Lat tratada": -20.52762, "Long tratada": -54.60234, "field_22": null, "field_23": null, "field_24": null, "field_25": null }, "geometry": { "type": "Point", "coordinates": [ -54.60234, -20.52762 ] } },
{ "type": "Feature", "properties": { "Restrição de Atendimento": "ESCOLA EM FUNCIONAMENTO E SEM RESTRIÇÃO DE ATENDIMENTO", "Nome": "EMEI PEDACINHO DO CEU", "Código INEP": 50023241, "UF": "MS", "Município": "Campo Grande", "Localização": "Urbana", "Localidade Diferenciada": "A escola não está em área de localização diferenciada", "Categoria Administrativa": "Pública", "Endereço": "RUA CARLOS FERREIRA VIANA BANDEIRA, 0 UNIVERSITARIO. 79063-510 Campo Grande - MS.", "Telefone": "(67) 20204270", "Tipo": "Municipal", "Categoria Escola Privada": "Não Informado", "Conveniada Poder Público": "Não", "Regulamentação pelo Conselho de Educação": "Sim", "Porte da Escola": "Entre 51 e 200 matrículas de escolarização", "Etapas e Modalidade de Ensino Oferecidas": "Educação Infantil", "Outras Ofertas Educacionais": null, "Latitude": "-205.185.185", "Longitude": "-545.983.637", "Lat tratada": -20.5185185, "Long tratada": -54.5983637, "field_22": null, "field_23": null, "field_24": null, "field_25": null }, "geometry": { "type": "Point", "coordinates": [ -54.5983637, -20.5185185 ] } },
{ "type": "Feature", "properties": { "Restrição de Atendimento": "ESCOLA EM FUNCIONAMENTO E SEM RESTRIÇÃO DE ATENDIMENTO", "Nome": "EMEI JOSE MORESCHI", "Código INEP": 50023268, "UF": "MS", "Município": "Campo Grande", "Localização": "Urbana", "Localidade Diferenciada": "A escola não está em área de localização diferenciada", "Categoria Administrativa": "Pública", "Endereço": "RUA CHARLOTE, 262 JARDIM AERO RANCHO. 79083-610 Campo Grande - MS.", "Telefone": "(67) 20204236", "Tipo": "Municipal", "Categoria Escola Privada": "Não Informado", "Conveniada Poder Público": "Não", "Regulamentação pelo Conselho de Educação": "Sim", "Porte da Escola": "Entre 51 e 200 matrículas de escolarização", "Etapas e Modalidade de Ensino Oferecidas": "Educação Infantil", "Outras Ofertas Educacionais": null, "Latitude": "-2.051.865.417", "Longitude": "-5.465.276.792", "Lat tratada": -20.51865417, "Long tratada": -54.65276792, "field_22": null, "field_23": null, "field_24": null, "field_25": null }, "geometry": { "type": "Point", "coordinates": [ -54.65276792, -20.51865417 ] } },
{ "type": "Feature", "properties": { "Restrição de Atendimento": "ESCOLA EM FUNCIONAMENTO E SEM RESTRIÇÃO DE ATENDIMENTO", "Nome": "EMEI SANTA BARBARA", "Código INEP": 50023276, "UF": "MS", "Município": "Campo Grande", "Localização": "Urbana", "Localidade Diferenciada": "A escola não está em área de localização diferenciada", "Categoria Administrativa": "Pública", "Endereço": "RUA MARCO AURELIO BEIER, 54 CONJUNTO AERO RANCHO. 79085-042 Campo Grande - MS.", "Telefone": "(67) 20204285", "Tipo": "Municipal", "Categoria Escola Privada": "Não Informado", "Conveniada Poder Público": "Não", "Regulamentação pelo Conselho de Educação": "Sim", "Porte da Escola": "Entre 51 e 200 matrículas de escolarização", "Etapas e Modalidade de Ensino Oferecidas": "Educação Infantil", "Outras Ofertas Educacionais": null, "Latitude": "-2.052.207.369", "Longitude": "-5.465.689.005", "Lat tratada": -20.52207369, "Long tratada": -54.65689005, "field_22": null, "field_23": null, "field_24": null, "field_25": null }, "geometry": { "type": "Point", "coordinates": [ -54.65689005, -20.52207369 ] } },
{ "type": "Feature", "properties": { "Restrição de Atendimento": "ESCOLA EM FUNCIONAMENTO E SEM RESTRIÇÃO DE ATENDIMENTO", "Nome": "EMEI SANTA TEREZINHA", "Código INEP": 50023284, "UF": "MS", "Município": "Campo Grande", "Localização": "Urbana", "Localidade Diferenciada": "A escola não está em área de localização diferenciada", "Categoria Administrativa": "Pública", "Endereço": "RUA SAO COSME E DAMIAO, S/N VILA PROGRESSO. 79050-390 Campo Grande - MS.", "Telefone": "(67) 20204288", "Tipo": "Municipal", "Categoria Escola Privada": "Não Informado", "Conveniada Poder Público": "Não", "Regulamentação pelo Conselho de Educação": "Sim", "Porte da Escola": "Entre 51 e 200 matrículas de escolarização", "Etapas e Modalidade de Ensino Oferecidas": "Educação Infantil", "Outras Ofertas Educacionais": null, "Latitude": "-204.905.706", "Longitude": "-546.048.494", "Lat tratada": -20.4905706, "Long tratada": -54.6048494, "field_22": null, "field_23": null, "field_24": null, "field_25": null }, "geometry": { "type": "Point", "coordinates": [ -54.6048494, -20.4905706 ] } },
{ "type": "Feature", "properties": { "Restrição de Atendimento": "ESCOLA EM FUNCIONAMENTO E SEM RESTRIÇÃO DE ATENDIMENTO", "Nome": "EM IRMA IRMA ZORZI", "Código INEP": 50023292, "UF": "MS", "Município": "Campo Grande", "Localização": "Urbana", "Localidade Diferenciada": "A escola não está em área de localização diferenciada", "Categoria Administrativa": "Pública", "Endereço": "RUA GUAIANAS, 260 VILA SILVIA REGINA. 79103-040 Campo Grande - MS.", "Telefone": "(67) 20204045", "Tipo": "Municipal", "Categoria Escola Privada": "Não Informado", "Conveniada Poder Público": "Não", "Regulamentação pelo Conselho de Educação": "Sim", "Porte da Escola": "Entre 201 e 500 matrículas de escolarização", "Etapas e Modalidade de Ensino Oferecidas": "Educação Infantil, Ensino Fundamental", "Outras Ofertas Educacionais": "Atendimento Educacional Especializado, Atividade Complementar", "Latitude": "-2.044.650.229", "Longitude": "-5.466.662.169", "Lat tratada": -20.44650229, "Long tratada": -54.66662169, "field_22": null, "field_23": null, "field_24": null, "field_25": null }, "geometry": { "type": "Point", "coordinates": [ -54.66662169, -20.44650229 ] } },
{ "type": "Feature", "properties": { "Restrição de Atendimento": "ESCOLA EM FUNCIONAMENTO E SEM RESTRIÇÃO DE ATENDIMENTO", "Nome": "EMEI PROFª CIRENE RODRIGUES LIMA", "Código INEP": 50023306, "UF": "MS", "Município": "Campo Grande", "Localização": "Urbana", "Localidade Diferenciada": "A escola não está em área de localização diferenciada", "Categoria Administrativa": "Pública", "Endereço": "RUA DOS NARCISOS, 20 LAR DO TRABALHADOR. 79110-550 Campo Grande - MS.", "Telefone": "(67) 20204266", "Tipo": "Municipal", "Categoria Escola Privada": "Não Informado", "Conveniada Poder Público": "Não", "Regulamentação pelo Conselho de Educação": "Sim", "Porte da Escola": "Entre 51 e 200 matrículas de escolarização", "Etapas e Modalidade de Ensino Oferecidas": "Educação Infantil", "Outras Ofertas Educacionais": null, "Latitude": "-2.045.190.927", "Longitude": "-5.464.577.573", "Lat tratada": -20.45190927, "Long tratada": -54.64577573, "field_22": null, "field_23": null, "field_24": null, "field_25": null }, "geometry": { "type": "Point", "coordinates": [ -54.64577573, -20.45190927 ] } },
{ "type": "Feature", "properties": { "Restrição de Atendimento": "ESCOLA EM FUNCIONAMENTO E SEM RESTRIÇÃO DE ATENDIMENTO", "Nome": "EMEI LAURA DE VICUNA", "Código INEP": 50023314, "UF": "MS", "Município": "Campo Grande", "Localização": "Urbana", "Localidade Diferenciada": "A escola não está em área de localização diferenciada", "Categoria Administrativa": "Pública", "Endereço": "RUA RIO DOURADO, 558 VILA SAO JORGE DA LAGOA. 79095-060 Campo Grande - MS.", "Telefone": "(67) 20204242", "Tipo": "Municipal", "Categoria Escola Privada": "Não Informado", "Conveniada Poder Público": "Não", "Regulamentação pelo Conselho de Educação": "Sim", "Porte da Escola": "Entre 51 e 200 matrículas de escolarização", "Etapas e Modalidade de Ensino Oferecidas": "Educação Infantil", "Outras Ofertas Educacionais": null, "Latitude": "-205.271.297", "Longitude": "-546.680.156", "Lat tratada": -20.5271297, "Long tratada": -54.6680156, "field_22": null, "field_23": null, "field_24": null, "field_25": null }, "geometry": { "type": "Point", "coordinates": [ -54.6680156, -20.5271297 ] } },
{ "type": "Feature", "properties": { "Restrição de Atendimento": "ESCOLA EM FUNCIONAMENTO E SEM RESTRIÇÃO DE ATENDIMENTO", "Nome": "EMEI CORDEIRINHO DE JESUS", "Código INEP": 50023322, "UF": "MS", "Município": "Campo Grande", "Localização": "Urbana", "Localidade Diferenciada": "A escola não está em área de localização diferenciada", "Categoria Administrativa": "Pública", "Endereço": "RUA ARMANDO HOLANDA, 246 CONJUNTO JOSE ABRAO. 79114-050 Campo Grande - MS.", "Telefone": "(67) 20204218", "Tipo": "Municipal", "Categoria Escola Privada": "Não Informado", "Conveniada Poder Público": "Não", "Regulamentação pelo Conselho de Educação": "Sim", "Porte da Escola": "Entre 51 e 200 matrículas de escolarização", "Etapas e Modalidade de Ensino Oferecidas": "Educação Infantil", "Outras Ofertas Educacionais": null, "Latitude": "-2.041.777.833", "Longitude": "-5.466.154.167", "Lat tratada": -20.41777833, "Long tratada": -54.66154167, "field_22": null, "field_23": null, "field_24": null, "field_25": null }, "geometry": { "type": "Point", "coordinates": [ -54.66154167, -20.41777833 ] } },
{ "type": "Feature", "properties": { "Restrição de Atendimento": "ESCOLA EM FUNCIONAMENTO E SEM RESTRIÇÃO DE ATENDIMENTO", "Nome": "CEI - PEQUENO PRINCIPE", "Código INEP": 50023330, "UF": "MS", "Município": "Campo Grande", "Localização": "Urbana", "Localidade Diferenciada": "A escola não está em área de localização diferenciada", "Categoria Administrativa": "Privada", "Endereço": "RUA SANTA BARBARA, 326 JARDIM VITRINE. 79022-060 Campo Grande - MS.", "Telefone": "(67) 30295080", "Tipo": "Privada", "Categoria Escola Privada": "Filantrópica", "Conveniada Poder Público": "Sim", "Regulamentação pelo Conselho de Educação": "Sim", "Porte da Escola": "Entre 51 e 200 matrículas de escolarização", "Etapas e Modalidade de Ensino Oferecidas": "Educação Infantil", "Outras Ofertas Educacionais": null, "Latitude": "-204.427.196", "Longitude": "-545.927.934", "Lat tratada": -20.4427196, "Long tratada": -54.5927934, "field_22": null, "field_23": null, "field_24": null, "field_25": null }, "geometry": { "type": "Point", "coordinates": [ -54.5927934, -20.4427196 ] } },
{ "type": "Feature", "properties": { "Restrição de Atendimento": "ESCOLA EM FUNCIONAMENTO E SEM RESTRIÇÃO DE ATENDIMENTO", "Nome": "EMEI BEM TE VI", "Código INEP": 50023365, "UF": "MS", "Município": "Campo Grande", "Localização": "Urbana", "Localidade Diferenciada": "A escola não está em área de localização diferenciada", "Categoria Administrativa": "Pública", "Endereço": "RUA HEITOR VIEIRA DE ALMEIDA, 245 JARDIM AEROPORTO. 79106-053 Campo Grande - MS.", "Telefone": "(67) 20204207", "Tipo": "Municipal", "Categoria Escola Privada": "Não Informado", "Conveniada Poder Público": "Não", "Regulamentação pelo Conselho de Educação": "Sim", "Porte da Escola": "Entre 51 e 200 matrículas de escolarização", "Etapas e Modalidade de Ensino Oferecidas": "Educação Infantil", "Outras Ofertas Educacionais": null, "Latitude": "-2.044.162.024", "Longitude": "-5.468.793.704", "Lat tratada": -20.44162024, "Long tratada": -54.68793704, "field_22": null, "field_23": null, "field_24": null, "field_25": null }, "geometry": { "type": "Point", "coordinates": [ -54.68793704, -20.44162024 ] } },
{ "type": "Feature", "properties": { "Restrição de Atendimento": "ESCOLA EM FUNCIONAMENTO E SEM RESTRIÇÃO DE ATENDIMENTO", "Nome": "CEI - FLAMINGOS", "Código INEP": 50023381, "UF": "MS", "Município": "Campo Grande", "Localização": "Urbana", "Localidade Diferenciada": "A escola não está em área de localização diferenciada", "Categoria Administrativa": "Privada", "Endereço": "AVENIDA DOS CRISANTEMOS, 274 SOBRINHO. 79110-580 Campo Grande - MS.", "Telefone": "(67) 32116745", "Tipo": "Privada", "Categoria Escola Privada": "Comunitária", "Conveniada Poder Público": "Sim", "Regulamentação pelo Conselho de Educação": "Sim", "Porte da Escola": "Até 50 matrículas de escolarização", "Etapas e Modalidade de Ensino Oferecidas": "Educação Infantil", "Outras Ofertas Educacionais": null, "Latitude": "-204.516.313", "Longitude": "-546.437.743", "Lat tratada": -20.4516313, "Long tratada": -54.6437743, "field_22": null, "field_23": null, "field_24": null, "field_25": null }, "geometry": { "type": "Point", "coordinates": [ -54.6437743, -20.4516313 ] } },
{ "type": "Feature", "properties": { "Restrição de Atendimento": "ESCOLA EM FUNCIONAMENTO E SEM RESTRIÇÃO DE ATENDIMENTO", "Nome": "EMEI ELEODES ESTEVAN", "Código INEP": 50023403, "UF": "MS", "Município": "Campo Grande", "Localização": "Urbana", "Localidade Diferenciada": "A escola não está em área de localização diferenciada", "Categoria Administrativa": "Pública", "Endereço": "AVENIDA AFONSO PENA, 3315 JARDIM VILA CIDADE. 79002-072 Campo Grande - MS.", "Telefone": "(67) 20204221", "Tipo": "Municipal", "Categoria Escola Privada": "Não Informado", "Conveniada Poder Público": "Não", "Regulamentação pelo Conselho de Educação": "Sim", "Porte da Escola": "Entre 201 e 500 matrículas de escolarização", "Etapas e Modalidade de Ensino Oferecidas": "Educação Infantil", "Outras Ofertas Educacionais": null, "Latitude": "-204.614.317", "Longitude": "-5.460.427", "Lat tratada": -20.4614317, "Long tratada": -54.60427, "field_22": null, "field_23": null, "field_24": null, "field_25": null }, "geometry": { "type": "Point", "coordinates": [ -54.60427, -20.4614317 ] } },
{ "type": "Feature", "properties": { "Restrição de Atendimento": "ESCOLA EM FUNCIONAMENTO E SEM RESTRIÇÃO DE ATENDIMENTO", "Nome": "EMEI ANTONIO MARIO GONCALVES", "Código INEP": 50023420, "UF": "MS", "Município": "Campo Grande", "Localização": "Urbana", "Localidade Diferenciada": "A escola não está em área de localização diferenciada", "Categoria Administrativa": "Pública", "Endereço": "RUA DOS ECONOMISTAS, 107 ARNALDO ESTEVAO FIGUEIREDO. 79043-100 Campo Grande - MS.", "Telefone": "(67) 20204203", "Tipo": "Municipal", "Categoria Escola Privada": "Não Informado", "Conveniada Poder Público": "Não", "Regulamentação pelo Conselho de Educação": "Sim", "Porte da Escola": "Entre 51 e 200 matrículas de escolarização", "Etapas e Modalidade de Ensino Oferecidas": "Educação Infantil", "Outras Ofertas Educacionais": null, "Latitude": "-204.720.817", "Longitude": "-5.456.034", "Lat tratada": -20.4720817, "Long tratada": -54.56034, "field_22": null, "field_23": null, "field_24": null, "field_25": null }, "geometry": { "type": "Point", "coordinates": [ -54.56034, -20.4720817 ] } },
{ "type": "Feature", "properties": { "Restrição de Atendimento": "ESCOLA EM FUNCIONAMENTO E SEM RESTRIÇÃO DE ATENDIMENTO", "Nome": "EMEI O BOM PASTOR", "Código INEP": 50023438, "UF": "MS", "Município": "Campo Grande", "Localização": "Urbana", "Localidade Diferenciada": "A escola não está em área de localização diferenciada", "Categoria Administrativa": "Pública", "Endereço": "RUA HAMLET, S/N CONJUNTO RESIDENCIAL ESTRELA DO SUL. 79013-370 Campo Grande - MS.", "Telefone": "(67) 20204263", "Tipo": "Municipal", "Categoria Escola Privada": "Não Informado", "Conveniada Poder Público": "Não", "Regulamentação pelo Conselho de Educação": "Sim", "Porte da Escola": "Entre 51 e 200 matrículas de escolarização", "Etapas e Modalidade de Ensino Oferecidas": "Educação Infantil", "Outras Ofertas Educacionais": null, "Latitude": "-204.203.889", "Longitude": "-545.953.417", "Lat tratada": -20.4203889, "Long tratada": -54.5953417, "field_22": null, "field_23": null, "field_24": null, "field_25": null }, "geometry": { "type": "Point", "coordinates": [ -54.5953417, -20.4203889 ] } },
{ "type": "Feature", "properties": { "Restrição de Atendimento": "ESCOLA EM FUNCIONAMENTO E SEM RESTRIÇÃO DE ATENDIMENTO", "Nome": "SOCIEDADE ASSISTENCIAL MEIMEI CASA DA CRIANCA MEIMEI", "Código INEP": 50023446, "UF": "MS", "Município": "Campo Grande", "Localização": "Urbana", "Localidade Diferenciada": "A escola não está em área de localização diferenciada", "Categoria Administrativa": "Privada", "Endereço": "RUA JOAQUIM TOMAS RIBEIRO, 80 JARDIM ALTO SAO FRANCISCO. 79116-180 Campo Grande - MS.", "Telefone": "(67) 33650255", "Tipo": "Privada", "Categoria Escola Privada": "Filantrópica", "Conveniada Poder Público": "Sim", "Regulamentação pelo Conselho de Educação": "Sim", "Porte da Escola": "Entre 201 e 500 matrículas de escolarização", "Etapas e Modalidade de Ensino Oferecidas": "Educação Infantil", "Outras Ofertas Educacionais": null, "Latitude": "-2.041.827.704", "Longitude": "-5.463.812.809", "Lat tratada": -20.41827704, "Long tratada": -54.63812809, "field_22": null, "field_23": null, "field_24": null, "field_25": null }, "geometry": { "type": "Point", "coordinates": [ -54.63812809, -20.41827704 ] } },
{ "type": "Feature", "properties": { "Restrição de Atendimento": "ESCOLA EM FUNCIONAMENTO E SEM RESTRIÇÃO DE ATENDIMENTO", "Nome": "ESPACO LIVRE", "Código INEP": 50023888, "UF": "MS", "Município": "Campo Grande", "Localização": "Urbana", "Localidade Diferenciada": "A escola não está em área de localização diferenciada", "Categoria Administrativa": "Privada", "Endereço": "RUA RIO GRANDE DO SUL, 370 JARDIM DOS ESTADOS. 79020-010 Campo Grande - MS.", "Telefone": "(67) 33833183", "Tipo": "Privada", "Categoria Escola Privada": "Particular", "Conveniada Poder Público": "Não", "Regulamentação pelo Conselho de Educação": "Sim", "Porte da Escola": "Entre 51 e 200 matrículas de escolarização", "Etapas e Modalidade de Ensino Oferecidas": "Educação Infantil, Ensino Fundamental", "Outras Ofertas Educacionais": null, "Latitude": "-2.044.945", "Longitude": "-546.024", "Lat tratada": -20.44945, "Long tratada": -54.6024, "field_22": null, "field_23": null, "field_24": null, "field_25": null }, "geometry": { "type": "Point", "coordinates": [ -54.6024, -20.44945 ] } },
{ "type": "Feature", "properties": { "Restrição de Atendimento": "ESCOLA EM FUNCIONAMENTO E SEM RESTRIÇÃO DE ATENDIMENTO", "Nome": "COLEGIO LICEU", "Código INEP": 50023900, "UF": "MS", "Município": "Campo Grande", "Localização": "Urbana", "Localidade Diferenciada": "A escola não está em área de localização diferenciada", "Categoria Administrativa": "Privada", "Endereço": "RUA RICARDO FRANCO, 77 VILA SOBRINHO. 79110-030 Campo Grande - MS.", "Telefone": "(67) 33618974", "Tipo": "Privada", "Categoria Escola Privada": "Particular", "Conveniada Poder Público": "Não", "Regulamentação pelo Conselho de Educação": "Sim", "Porte da Escola": "Entre 201 e 500 matrículas de escolarização", "Etapas e Modalidade de Ensino Oferecidas": "Educação Infantil, Ensino Fundamental", "Outras Ofertas Educacionais": null, "Latitude": "-2.045.820.784", "Longitude": "-546.371.085", "Lat tratada": -20.45820784, "Long tratada": -54.6371085, "field_22": null, "field_23": null, "field_24": null, "field_25": null }, "geometry": { "type": "Point", "coordinates": [ -54.6371085, -20.45820784 ] } },
{ "type": "Feature", "properties": { "Restrição de Atendimento": "ESCOLA EM FUNCIONAMENTO E SEM RESTRIÇÃO DE ATENDIMENTO", "Nome": "COLEGIO NOVA DIMENSAO UNIDADE I", "Código INEP": 50023918, "UF": "MS", "Município": "Campo Grande", "Localização": "Urbana", "Localidade Diferenciada": "A escola não está em área de localização diferenciada", "Categoria Administrativa": "Privada", "Endereço": "RUA ANA LUIZA DE SOUZA, 1390 PIONEIROS. 79070-140 Campo Grande - MS.", "Telefone": "(67) 33137068", "Tipo": "Privada", "Categoria Escola Privada": "Particular", "Conveniada Poder Público": "Não", "Regulamentação pelo Conselho de Educação": "Sim", "Porte da Escola": "Entre 51 e 200 matrículas de escolarização", "Etapas e Modalidade de Ensino Oferecidas": "Educação Infantil", "Outras Ofertas Educacionais": null, "Latitude": "-2.051.875.667", "Longitude": "-5.461.700.333", "Lat tratada": -20.51875667, "Long tratada": -54.61700333, "field_22": null, "field_23": null, "field_24": null, "field_25": null }, "geometry": { "type": "Point", "coordinates": [ -54.61700333, -20.51875667 ] } },
{ "type": "Feature", "properties": { "Restrição de Atendimento": "ESCOLA EM FUNCIONAMENTO E SEM RESTRIÇÃO DE ATENDIMENTO", "Nome": "CENTRO EDUCACIONAL ALCEU VIANA", "Código INEP": 50024353, "UF": "MS", "Município": "Campo Grande", "Localização": "Urbana", "Localidade Diferenciada": "A escola não está em área de localização diferenciada", "Categoria Administrativa": "Privada", "Endereço": "RUA JAMIL BASMAGE, 1846 PREDIO. PARQUE DOS NOVOS ESTADOS. 79034-230 Campo Grande - MS.", "Telefone": "(67) 992221237", "Tipo": "Privada", "Categoria Escola Privada": "Particular", "Conveniada Poder Público": "Não", "Regulamentação pelo Conselho de Educação": "Sim", "Porte da Escola": "Entre 51 e 200 matrículas de escolarização", "Etapas e Modalidade de Ensino Oferecidas": "Ensino Fundamental", "Outras Ofertas Educacionais": null, "Latitude": "-204.135.972", "Longitude": "-545.675.771", "Lat tratada": -20.4135972, "Long tratada": -54.5675771, "field_22": null, "field_23": null, "field_24": null, "field_25": null }, "geometry": { "type": "Point", "coordinates": [ -54.5675771, -20.4135972 ] } },
{ "type": "Feature", "properties": { "Restrição de Atendimento": "ESCOLA EM FUNCIONAMENTO E SEM RESTRIÇÃO DE ATENDIMENTO", "Nome": "EM AGRICOLA GOV ARNALDO ESTEVAO DE FIGUEIREDO", "Código INEP": 50024507, "UF": "MS", "Município": "Campo Grande", "Localização": "Rural", "Localidade Diferenciada": "A escola não está em área de localização diferenciada", "Categoria Administrativa": "Pública", "Endereço": "RODOVIA MS 451, KM 10, ESTRADA DAS TRES BARRAS, SN ZONA RURAL. 79065-000 Campo Grande - MS.", "Telefone": "(67) 20204169", "Tipo": "Municipal", "Categoria Escola Privada": "Não Informado", "Conveniada Poder Público": "Não", "Regulamentação pelo Conselho de Educação": "Sim", "Porte da Escola": "Entre 201 e 500 matrículas de escolarização", "Etapas e Modalidade de Ensino Oferecidas": "Ensino Fundamental, Ensino Médio, Educação Profissional", "Outras Ofertas Educacionais": "Atendimento Educacional Especializado", "Latitude": "-2.062.646.333", "Longitude": "-5.453.151.667", "Lat tratada": -20.62646333, "Long tratada": -54.53151667, "field_22": null, "field_23": null, "field_24": null, "field_25": null }, "geometry": { "type": "Point", "coordinates": [ -54.53151667, -20.62646333 ] } },
{ "type": "Feature", "properties": { "Restrição de Atendimento": "ESCOLA EM FUNCIONAMENTO E SEM RESTRIÇÃO DE ATENDIMENTO", "Nome": "EM RAFAELA ABRAO", "Código INEP": 50024523, "UF": "MS", "Município": "Campo Grande", "Localização": "Urbana", "Localidade Diferenciada": "A escola não está em área de localização diferenciada", "Categoria Administrativa": "Pública", "Endereço": "RUA URUBUPUNGA, 25 GUANANDI. 79086-320 Campo Grande - MS.", "Telefone": "(67) 20204160", "Tipo": "Municipal", "Categoria Escola Privada": "Não Informado", "Conveniada Poder Público": "Não", "Regulamentação pelo Conselho de Educação": "Sim", "Porte da Escola": "Entre 501 e 1000 matrículas de escolarização", "Etapas e Modalidade de Ensino Oferecidas": "Educação Infantil, Ensino Fundamental", "Outras Ofertas Educacionais": "Atendimento Educacional Especializado, Atividade Complementar", "Latitude": "-205.097.261", "Longitude": "-546.530.412", "Lat tratada": -20.5097261, "Long tratada": -54.6530412, "field_22": null, "field_23": null, "field_24": null, "field_25": null }, "geometry": { "type": "Point", "coordinates": [ -54.6530412, -20.5097261 ] } },
{ "type": "Feature", "properties": { "Restrição de Atendimento": "ESCOLA EM FUNCIONAMENTO E SEM RESTRIÇÃO DE ATENDIMENTO", "Nome": "EM PE TOMAZ GHIRARDELLI", "Código INEP": 50024809, "UF": "MS", "Município": "Campo Grande", "Localização": "Urbana", "Localidade Diferenciada": "A escola não está em área de localização diferenciada", "Categoria Administrativa": "Pública", "Endereço": "RUA LUCIA DOS SANTOS, 506 DOM ANTONIO BARBOSA. 79075-210 Campo Grande - MS.", "Telefone": "(67) 20204076", "Tipo": "Municipal", "Categoria Escola Privada": "Não Informado", "Conveniada Poder Público": "Não", "Regulamentação pelo Conselho de Educação": "Sim", "Porte da Escola": "Mais de 1000 matrículas de escolarização", "Etapas e Modalidade de Ensino Oferecidas": "Ensino Fundamental, Educação de Jovens Adultos", "Outras Ofertas Educacionais": "Atendimento Educacional Especializado, Atividade Complementar", "Latitude": "-20.551.811", "Longitude": "-546.488.143", "Lat tratada": -20.551811, "Long tratada": -54.6488143, "field_22": null, "field_23": null, "field_24": null, "field_25": null }, "geometry": { "type": "Point", "coordinates": [ -54.6488143, -20.551811 ] } },
{ "type": "Feature", "properties": { "Restrição de Atendimento": "ESCOLA EM FUNCIONAMENTO E SEM RESTRIÇÃO DE ATENDIMENTO", "Nome": "EM PROFª ONEIDA RAMOS", "Código INEP": 50024817, "UF": "MS", "Município": "Campo Grande", "Localização": "Urbana", "Localidade Diferenciada": "A escola não está em área de localização diferenciada", "Categoria Administrativa": "Pública", "Endereço": "RUA PROFESSORA ODETE TRINDADE BENITES, 733 JARDIM CAMPINA VERDE. 79062-200 Campo Grande - MS.", "Telefone": "(67) 20204159", "Tipo": "Municipal", "Categoria Escola Privada": "Não Informado", "Conveniada Poder Público": "Não", "Regulamentação pelo Conselho de Educação": "Sim", "Porte da Escola": "Entre 501 e 1000 matrículas de escolarização", "Etapas e Modalidade de Ensino Oferecidas": "Educação Infantil, Ensino Fundamental", "Outras Ofertas Educacionais": "Atendimento Educacional Especializado, Atividade Complementar", "Latitude": "-2.051.894.431", "Longitude": "-5.457.691.823", "Lat tratada": -20.51894431, "Long tratada": -54.57691823, "field_22": null, "field_23": null, "field_24": null, "field_25": null }, "geometry": { "type": "Point", "coordinates": [ -54.57691823, -20.51894431 ] } },
{ "type": "Feature", "properties": { "Restrição de Atendimento": "ESCOLA EM FUNCIONAMENTO E SEM RESTRIÇÃO DE ATENDIMENTO", "Nome": "EM ELPIDIO REIS", "Código INEP": 50024825, "UF": "MS", "Município": "Campo Grande", "Localização": "Urbana", "Localidade Diferenciada": "A escola não está em área de localização diferenciada", "Categoria Administrativa": "Pública", "Endereço": "RUA TERTULIANA GHERSEL CATTANEO, 66 MATA DO JACINTO. 79033-490 Campo Grande - MS.", "Telefone": "(67) 20204029", "Tipo": "Municipal", "Categoria Escola Privada": "Não Informado", "Conveniada Poder Público": "Não", "Regulamentação pelo Conselho de Educação": "Sim", "Porte da Escola": "Mais de 1000 matrículas de escolarização", "Etapas e Modalidade de Ensino Oferecidas": "Educação Infantil, Ensino Fundamental", "Outras Ofertas Educacionais": "Atendimento Educacional Especializado, Atividade Complementar", "Latitude": "-20.427.427", "Longitude": "-545.712.805", "Lat tratada": -20.427427, "Long tratada": -54.5712805, "field_22": null, "field_23": null, "field_24": null, "field_25": null }, "geometry": { "type": "Point", "coordinates": [ -54.5712805, -20.427427 ] } },
{ "type": "Feature", "properties": { "Restrição de Atendimento": "ESCOLA EM FUNCIONAMENTO E SEM RESTRIÇÃO DE ATENDIMENTO", "Nome": "EM DES CARLOS GARCIA DE QUEIROZ", "Código INEP": 50024833, "UF": "MS", "Município": "Campo Grande", "Localização": "Urbana", "Localidade Diferenciada": "A escola não está em área de localização diferenciada", "Categoria Administrativa": "Pública", "Endereço": "RUA ITAPORANGA, S/N JARDIM ZE PEREIRA. 79107-400 Campo Grande - MS.", "Telefone": "(67) 20204016", "Tipo": "Municipal", "Categoria Escola Privada": "Não Informado", "Conveniada Poder Público": "Não", "Regulamentação pelo Conselho de Educação": "Sim", "Porte da Escola": "Mais de 1000 matrículas de escolarização", "Etapas e Modalidade de Ensino Oferecidas": "Educação Infantil, Ensino Fundamental", "Outras Ofertas Educacionais": "Atendimento Educacional Especializado, Atividade Complementar", "Latitude": "-2.043.298.341", "Longitude": "-5.467.341.263", "Lat tratada": -20.43298341, "Long tratada": -54.67341263, "field_22": null, "field_23": null, "field_24": null, "field_25": null }, "geometry": { "type": "Point", "coordinates": [ -54.67341263, -20.43298341 ] } },
{ "type": "Feature", "properties": { "Restrição de Atendimento": "ESCOLA EM FUNCIONAMENTO E SEM RESTRIÇÃO DE ATENDIMENTO", "Nome": "COLEGIO SUCESSO", "Código INEP": 50025139, "UF": "MS", "Município": "Campo Grande", "Localização": "Urbana", "Localidade Diferenciada": "A escola não está em área de localização diferenciada", "Categoria Administrativa": "Privada", "Endereço": "RUA ALEGRETE, 1301/1327 CORONEL ANTONINO. 79010-800 Campo Grande - MS.", "Telefone": "(67) 30155973", "Tipo": "Privada", "Categoria Escola Privada": "Particular", "Conveniada Poder Público": "Não", "Regulamentação pelo Conselho de Educação": "Sim", "Porte da Escola": "Entre 51 e 200 matrículas de escolarização", "Etapas e Modalidade de Ensino Oferecidas": "Educação Infantil, Ensino Fundamental", "Outras Ofertas Educacionais": null, "Latitude": "-2.043.911", "Longitude": "-5.460.055", "Lat tratada": -20.43911, "Long tratada": -54.60055, "field_22": null, "field_23": null, "field_24": null, "field_25": null }, "geometry": { "type": "Point", "coordinates": [ -54.60055, -20.43911 ] } },
{ "type": "Feature", "properties": { "Restrição de Atendimento": "ESCOLA EM FUNCIONAMENTO E SEM RESTRIÇÃO DE ATENDIMENTO", "Nome": "ESCOLA TECNICA DO SUS PROFª ENA DE ARAUJO GALVAO", "Código INEP": 50025180, "UF": "MS", "Município": "Campo Grande", "Localização": "Urbana", "Localidade Diferenciada": "A escola não está em área de localização diferenciada", "Categoria Administrativa": "Pública", "Endereço": "AVENIDA SENADOR FILINTO MULLER, 1480 VILA IPIRANGA. 79074-460 Campo Grande - MS.", "Telefone": "(67) 33458000", "Tipo": "Estadual", "Categoria Escola Privada": "Não Informado", "Conveniada Poder Público": "Não", "Regulamentação pelo Conselho de Educação": "Sim", "Porte da Escola": "Até 50 matrículas de escolarização", "Etapas e Modalidade de Ensino Oferecidas": "Educação Profissional", "Outras Ofertas Educacionais": null, "Latitude": "-205.061.178", "Longitude": "-546.206.962", "Lat tratada": -20.5061178, "Long tratada": -54.6206962, "field_22": null, "field_23": null, "field_24": null, "field_25": null }, "geometry": { "type": "Point", "coordinates": [ -54.6206962, -20.5061178 ] } },
{ "type": "Feature", "properties": { "Restrição de Atendimento": "ESCOLA EM FUNCIONAMENTO E SEM RESTRIÇÃO DE ATENDIMENTO", "Nome": "EM SULIVAN SILVESTRE OLIVEIRA - TUMUNE KALIVONO - CRIANCA DO FUTURO", "Código INEP": 50025708, "UF": "MS", "Município": "Campo Grande", "Localização": "Urbana", "Localidade Diferenciada": "A escola não está em área de localização diferenciada", "Categoria Administrativa": "Pública", "Endereço": "RUA TERENA, 88 LOT. INDIGENA. TIRADENTES. 79041-014 Campo Grande - MS.", "Telefone": "(67) 20204166", "Tipo": "Municipal", "Categoria Escola Privada": "Não Informado", "Conveniada Poder Público": "Não", "Regulamentação pelo Conselho de Educação": "Sim", "Porte da Escola": "Entre 201 e 500 matrículas de escolarização", "Etapas e Modalidade de Ensino Oferecidas": "Educação Infantil, Ensino Fundamental", "Outras Ofertas Educacionais": "Atividade Complementar", "Latitude": "-2.046.848.486", "Longitude": "-5.457.014.521", "Lat tratada": -20.46848486, "Long tratada": -54.57014521, "field_22": null, "field_23": null, "field_24": null, "field_25": null }, "geometry": { "type": "Point", "coordinates": [ -54.57014521, -20.46848486 ] } },
{ "type": "Feature", "properties": { "Restrição de Atendimento": "ESCOLA EM FUNCIONAMENTO E SEM RESTRIÇÃO DE ATENDIMENTO", "Nome": "EM PROF FAUZE SCAFF GATTASS FILHO", "Código INEP": 50025724, "UF": "MS", "Município": "Campo Grande", "Localização": "Urbana", "Localidade Diferenciada": "A escola não está em área de localização diferenciada", "Categoria Administrativa": "Pública", "Endereço": "AVENIDA 2, 21 VILA NOVA CAMPO GRANDE. 79104-660 Campo Grande - MS.", "Telefone": "(67) 20204093", "Tipo": "Municipal", "Categoria Escola Privada": "Não Informado", "Conveniada Poder Público": "Não", "Regulamentação pelo Conselho de Educação": "Sim", "Porte da Escola": "Mais de 1000 matrículas de escolarização", "Etapas e Modalidade de Ensino Oferecidas": "Educação Infantil, Ensino Fundamental", "Outras Ofertas Educacionais": "Atendimento Educacional Especializado, Atividade Complementar", "Latitude": "-204.673.205", "Longitude": "-546.955.167", "Lat tratada": -20.4673205, "Long tratada": -54.6955167, "field_22": null, "field_23": null, "field_24": null, "field_25": null }, "geometry": { "type": "Point", "coordinates": [ -54.6955167, -20.4673205 ] } },
{ "type": "Feature", "properties": { "Restrição de Atendimento": "ESCOLA EM FUNCIONAMENTO E SEM RESTRIÇÃO DE ATENDIMENTO", "Nome": "EMEI IRMA JUDITH BANDERA", "Código INEP": 50025813, "UF": "MS", "Município": "Campo Grande", "Localização": "Urbana", "Localidade Diferenciada": "A escola não está em área de localização diferenciada", "Categoria Administrativa": "Pública", "Endereço": "RUA MAJOR JUAREZ LUCAS DE JESUS, 1000 SAO CONRADO. 79091-220 Campo Grande - MS.", "Telefone": "(67) 20204229", "Tipo": "Municipal", "Categoria Escola Privada": "Não Informado", "Conveniada Poder Público": "Não", "Regulamentação pelo Conselho de Educação": "Sim", "Porte da Escola": "Entre 51 e 200 matrículas de escolarização", "Etapas e Modalidade de Ensino Oferecidas": "Educação Infantil", "Outras Ofertas Educacionais": null, "Latitude": "-2.048.890.869", "Longitude": "-5.467.885.016", "Lat tratada": -20.48890869, "Long tratada": -54.67885016, "field_22": null, "field_23": null, "field_24": null, "field_25": null }, "geometry": { "type": "Point", "coordinates": [ -54.67885016, -20.48890869 ] } },
{ "type": "Feature", "properties": { "Restrição de Atendimento": "ESCOLA EM FUNCIONAMENTO E SEM RESTRIÇÃO DE ATENDIMENTO", "Nome": "EMEI SERRADINHO", "Código INEP": 50025821, "UF": "MS", "Município": "Campo Grande", "Localização": "Urbana", "Localidade Diferenciada": "A escola não está em área de localização diferenciada", "Categoria Administrativa": "Pública", "Endereço": "RUA ANTONIO VIEIRA DE MELLO, 41 VILA SERRADINHO. 79104-100 Campo Grande - MS.", "Telefone": "(67) 20204291", "Tipo": "Municipal", "Categoria Escola Privada": "Não Informado", "Conveniada Poder Público": "Não", "Regulamentação pelo Conselho de Educação": "Sim", "Porte da Escola": "Entre 51 e 200 matrículas de escolarização", "Etapas e Modalidade de Ensino Oferecidas": "Educação Infantil", "Outras Ofertas Educacionais": null, "Latitude": "-204.611.756", "Longitude": "-546.825.501", "Lat tratada": -20.4611756, "Long tratada": -54.6825501, "field_22": null, "field_23": null, "field_24": null, "field_25": null }, "geometry": { "type": "Point", "coordinates": [ -54.6825501, -20.4611756 ] } },
{ "type": "Feature", "properties": { "Restrição de Atendimento": "ESCOLA EM FUNCIONAMENTO E SEM RESTRIÇÃO DE ATENDIMENTO", "Nome": "EMEI PAULINO ROMEIRO PARE", "Código INEP": 50025830, "UF": "MS", "Município": "Campo Grande", "Localização": "Urbana", "Localidade Diferenciada": "A escola não está em área de localização diferenciada", "Categoria Administrativa": "Pública", "Endereço": "RUA TABAUNA, 48 NOVO MINAS GERAIS. 79034-341 Campo Grande - MS.", "Telefone": "(67) 20204268", "Tipo": "Municipal", "Categoria Escola Privada": "Não Informado", "Conveniada Poder Público": "Não", "Regulamentação pelo Conselho de Educação": "Sim", "Porte da Escola": "Entre 51 e 200 matrículas de escolarização", "Etapas e Modalidade de Ensino Oferecidas": "Educação Infantil", "Outras Ofertas Educacionais": null, "Latitude": "-204.229.789", "Longitude": "-545.639.089", "Lat tratada": -20.4229789, "Long tratada": -54.5639089, "field_22": null, "field_23": null, "field_24": null, "field_25": null }, "geometry": { "type": "Point", "coordinates": [ -54.5639089, -20.4229789 ] } },
{ "type": "Feature", "properties": { "Restrição de Atendimento": "ESCOLA EM FUNCIONAMENTO E SEM RESTRIÇÃO DE ATENDIMENTO", "Nome": "EMEI ALOINA DE OLIVEIRA SOARES", "Código INEP": 50025848, "UF": "MS", "Município": "Campo Grande", "Localização": "Urbana", "Localidade Diferenciada": "A escola não está em área de localização diferenciada", "Categoria Administrativa": "Pública", "Endereço": "RUA BARAO DE MAUA, 477 SANTO ANTONIO. 79100-630 Campo Grande - MS.", "Telefone": "(67) 20204202", "Tipo": "Municipal", "Categoria Escola Privada": "Não Informado", "Conveniada Poder Público": "Não", "Regulamentação pelo Conselho de Educação": "Sim", "Porte da Escola": "Entre 51 e 200 matrículas de escolarização", "Etapas e Modalidade de Ensino Oferecidas": "Educação Infantil", "Outras Ofertas Educacionais": null, "Latitude": "-2.045.185.749", "Longitude": "-5.465.159.842", "Lat tratada": -20.45185749, "Long tratada": -54.65159842, "field_22": null, "field_23": null, "field_24": null, "field_25": null }, "geometry": { "type": "Point", "coordinates": [ -54.65159842, -20.45185749 ] } },
{ "type": "Feature", "properties": { "Restrição de Atendimento": "ESCOLA EM FUNCIONAMENTO E SEM RESTRIÇÃO DE ATENDIMENTO", "Nome": "EMEI FLORIA BRITEZ DE EUGENIO", "Código INEP": 50025856, "UF": "MS", "Município": "Campo Grande", "Localização": "Urbana", "Localidade Diferenciada": "A escola não está em área de localização diferenciada", "Categoria Administrativa": "Pública", "Endereço": "RUA BARUERI, 330 VILA MORENINHA II. 79065-190 Campo Grande - MS.", "Telefone": "(67) 20204224", "Tipo": "Municipal", "Categoria Escola Privada": "Não Informado", "Conveniada Poder Público": "Não", "Regulamentação pelo Conselho de Educação": "Sim", "Porte da Escola": "Entre 201 e 500 matrículas de escolarização", "Etapas e Modalidade de Ensino Oferecidas": "Educação Infantil", "Outras Ofertas Educacionais": null, "Latitude": "-2.055.694.484", "Longitude": "-545.786.734", "Lat tratada": -20.55694484, "Long tratada": -54.5786734, "field_22": null, "field_23": null, "field_24": null, "field_25": null }, "geometry": { "type": "Point", "coordinates": [ -54.5786734, -20.55694484 ] } },
{ "type": "Feature", "properties": { "Restrição de Atendimento": "ESCOLA EM FUNCIONAMENTO E SEM RESTRIÇÃO DE ATENDIMENTO", "Nome": "EMEI MARIA DE LOURDES VIEIRA CASTOLDI", "Código INEP": 50025864, "UF": "MS", "Município": "Campo Grande", "Localização": "Urbana", "Localidade Diferenciada": "A escola não está em área de localização diferenciada", "Categoria Administrativa": "Pública", "Endereço": "RUA JOSE PALHANO, 48 JARDIM SAYONARA. 79103-370 Campo Grande - MS.", "Telefone": "(67) 20204249", "Tipo": "Municipal", "Categoria Escola Privada": "Não Informado", "Conveniada Poder Público": "Não", "Regulamentação pelo Conselho de Educação": "Sim", "Porte da Escola": "Entre 51 e 200 matrículas de escolarização", "Etapas e Modalidade de Ensino Oferecidas": "Educação Infantil", "Outras Ofertas Educacionais": null, "Latitude": "-2.045.214.269", "Longitude": "-5.468.266.299", "Lat tratada": -20.45214269, "Long tratada": -54.68266299, "field_22": null, "field_23": null, "field_24": null, "field_25": null }, "geometry": { "type": "Point", "coordinates": [ -54.68266299, -20.45214269 ] } },
{ "type": "Feature", "properties": { "Restrição de Atendimento": "ESCOLA EM FUNCIONAMENTO E SEM RESTRIÇÃO DE ATENDIMENTO", "Nome": "EMEI OLINDA TOSHIMI NISHIO NASSU", "Código INEP": 50025872, "UF": "MS", "Município": "Campo Grande", "Localização": "Urbana", "Localidade Diferenciada": "A escola não está em área de localização diferenciada", "Categoria Administrativa": "Pública", "Endereço": "RUA LOURENCO DA VEIGA, 482 JARDIM CAMPO BELO. 79017-111 Campo Grande - MS.", "Telefone": "(67) 20204265", "Tipo": "Municipal", "Categoria Escola Privada": "Não Informado", "Conveniada Poder Público": "Não", "Regulamentação pelo Conselho de Educação": "Sim", "Porte da Escola": "Entre 51 e 200 matrículas de escolarização", "Etapas e Modalidade de Ensino Oferecidas": "Educação Infantil", "Outras Ofertas Educacionais": null, "Latitude": "-20.399.553", "Longitude": "-545.793.119", "Lat tratada": -20.399553, "Long tratada": -54.5793119, "field_22": null, "field_23": null, "field_24": null, "field_25": null }, "geometry": { "type": "Point", "coordinates": [ -54.5793119, -20.399553 ] } },
{ "type": "Feature", "properties": { "Restrição de Atendimento": "ESCOLA EM FUNCIONAMENTO E SEM RESTRIÇÃO DE ATENDIMENTO", "Nome": "EMEI LUCIA ANGELA DE CASTRO COSTA", "Código INEP": 50025880, "UF": "MS", "Município": "Campo Grande", "Localização": "Urbana", "Localidade Diferenciada": "A escola não está em área de localização diferenciada", "Categoria Administrativa": "Pública", "Endereço": "RUA QUATORZE DE JULHO, 5140 MONTE CASTELO. 79011-470 Campo Grande - MS.", "Telefone": "(67) 20204243", "Tipo": "Municipal", "Categoria Escola Privada": "Não Informado", "Conveniada Poder Público": "Não", "Regulamentação pelo Conselho de Educação": "Sim", "Porte da Escola": "Entre 201 e 500 matrículas de escolarização", "Etapas e Modalidade de Ensino Oferecidas": "Educação Infantil", "Outras Ofertas Educacionais": null, "Latitude": "-2.043.448.733", "Longitude": "-5.461.666.379", "Lat tratada": -20.43448733, "Long tratada": -54.61666379, "field_22": null, "field_23": null, "field_24": null, "field_25": null }, "geometry": { "type": "Point", "coordinates": [ -54.61666379, -20.43448733 ] } },
{ "type": "Feature", "properties": { "Restrição de Atendimento": "ESCOLA EM FUNCIONAMENTO E SEM RESTRIÇÃO DE ATENDIMENTO", "Nome": "EMEI LUIZ CARLOS SOBRAL PETTENGILL", "Código INEP": 50025902, "UF": "MS", "Município": "Campo Grande", "Localização": "Urbana", "Localidade Diferenciada": "A escola não está em área de localização diferenciada", "Categoria Administrativa": "Pública", "Endereço": "RUA MANOEL DIAS PIMENTEL JUNIOR, S/N JARDIM CAMPINA VERDE. 79062-215 Campo Grande - MS.", "Telefone": "(67) 20204244", "Tipo": "Municipal", "Categoria Escola Privada": "Não Informado", "Conveniada Poder Público": "Não", "Regulamentação pelo Conselho de Educação": "Sim", "Porte da Escola": "Entre 201 e 500 matrículas de escolarização", "Etapas e Modalidade de Ensino Oferecidas": "Educação Infantil", "Outras Ofertas Educacionais": null, "Latitude": "-205.182.113", "Longitude": "-545.780.033", "Lat tratada": -20.5182113, "Long tratada": -54.5780033, "field_22": null, "field_23": null, "field_24": null, "field_25": null }, "geometry": { "type": "Point", "coordinates": [ -54.5780033, -20.5182113 ] } },
{ "type": "Feature", "properties": { "Restrição de Atendimento": "ESCOLA EM FUNCIONAMENTO E SEM RESTRIÇÃO DE ATENDIMENTO", "Nome": "EMEI ANTONIO RUSTIANO FERNANDES", "Código INEP": 50025910, "UF": "MS", "Município": "Campo Grande", "Localização": "Urbana", "Localidade Diferenciada": "A escola não está em área de localização diferenciada", "Categoria Administrativa": "Pública", "Endereço": "RUA DOS ANDES, 92 JARDIM NHANHA. 79080-500 Campo Grande - MS.", "Telefone": "(67) 20204204", "Tipo": "Municipal", "Categoria Escola Privada": "Não Informado", "Conveniada Poder Público": "Não", "Regulamentação pelo Conselho de Educação": "Sim", "Porte da Escola": "Entre 51 e 200 matrículas de escolarização", "Etapas e Modalidade de Ensino Oferecidas": "Educação Infantil", "Outras Ofertas Educacionais": null, "Latitude": "-204.960.517", "Longitude": "-546.386.091", "Lat tratada": -20.4960517, "Long tratada": -54.6386091, "field_22": null, "field_23": null, "field_24": null, "field_25": null }, "geometry": { "type": "Point", "coordinates": [ -54.6386091, -20.4960517 ] } },
{ "type": "Feature", "properties": { "Restrição de Atendimento": "ESCOLA EM FUNCIONAMENTO E SEM RESTRIÇÃO DE ATENDIMENTO", "Nome": "EMEI IVONE CALARGE ZAHRAN", "Código INEP": 50025929, "UF": "MS", "Município": "Campo Grande", "Localização": "Urbana", "Localidade Diferenciada": "A escola não está em área de localização diferenciada", "Categoria Administrativa": "Pública", "Endereço": "RUA LAUCIDIO COELHO, 23 JARDIM DAS MENINAS. 79073-780 Campo Grande - MS.", "Telefone": "(67) 20204230", "Tipo": "Municipal", "Categoria Escola Privada": "Não Informado", "Conveniada Poder Público": "Não", "Regulamentação pelo Conselho de Educação": "Sim", "Porte da Escola": "Entre 201 e 500 matrículas de escolarização", "Etapas e Modalidade de Ensino Oferecidas": "Educação Infantil", "Outras Ofertas Educacionais": null, "Latitude": "-205.543.209", "Longitude": "-546.202.256", "Lat tratada": -20.5543209, "Long tratada": -54.6202256, "field_22": null, "field_23": null, "field_24": null, "field_25": null }, "geometry": { "type": "Point", "coordinates": [ -54.6202256, -20.5543209 ] } },
{ "type": "Feature", "properties": { "Restrição de Atendimento": "ESCOLA EM FUNCIONAMENTO E SEM RESTRIÇÃO DE ATENDIMENTO", "Nome": "EMEI LAGEADO", "Código INEP": 50025937, "UF": "MS", "Município": "Campo Grande", "Localização": "Urbana", "Localidade Diferenciada": "A escola não está em área de localização diferenciada", "Categoria Administrativa": "Pública", "Endereço": "RUA LEOPOLDINA DE QUEIROZ MAIA, 439 PARQUE DO LAGEADO. 79075-032 Campo Grande - MS.", "Telefone": "(67) 20204240", "Tipo": "Municipal", "Categoria Escola Privada": "Não Informado", "Conveniada Poder Público": "Não", "Regulamentação pelo Conselho de Educação": "Sim", "Porte da Escola": "Entre 51 e 200 matrículas de escolarização", "Etapas e Modalidade de Ensino Oferecidas": "Educação Infantil", "Outras Ofertas Educacionais": null, "Latitude": "-205.475.578", "Longitude": "-546.449.788", "Lat tratada": -20.5475578, "Long tratada": -54.6449788, "field_22": null, "field_23": null, "field_24": null, "field_25": null }, "geometry": { "type": "Point", "coordinates": [ -54.6449788, -20.5475578 ] } },
{ "type": "Feature", "properties": { "Restrição de Atendimento": "ESCOLA EM FUNCIONAMENTO E SEM RESTRIÇÃO DE ATENDIMENTO", "Nome": "EMEI VERA ALBA CONGRO BASTOS", "Código INEP": 50025945, "UF": "MS", "Município": "Campo Grande", "Localização": "Urbana", "Localidade Diferenciada": "A escola não está em área de localização diferenciada", "Categoria Administrativa": "Pública", "Endereço": "TRAVESSA MAR MEDITERRANEO, 823 JARDIM UIRAPURU. 79073-270 Campo Grande - MS.", "Telefone": "(67) 20204297", "Tipo": "Municipal", "Categoria Escola Privada": "Não Informado", "Conveniada Poder Público": "Não", "Regulamentação pelo Conselho de Educação": "Sim", "Porte da Escola": "Entre 201 e 500 matrículas de escolarização", "Etapas e Modalidade de Ensino Oferecidas": "Educação Infantil", "Outras Ofertas Educacionais": null, "Latitude": "-205.607.045", "Longitude": "-546.248.492", "Lat tratada": -20.5607045, "Long tratada": -54.6248492, "field_22": null, "field_23": null, "field_24": null, "field_25": null }, "geometry": { "type": "Point", "coordinates": [ -54.6248492, -20.5607045 ] } },
{ "type": "Feature", "properties": { "Restrição de Atendimento": "ESCOLA EM FUNCIONAMENTO E SEM RESTRIÇÃO DE ATENDIMENTO", "Nome": "EMEI FATIMA DE JESUS DINIZ SILVEIRA", "Código INEP": 50025953, "UF": "MS", "Município": "Campo Grande", "Localização": "Urbana", "Localidade Diferenciada": "A escola não está em área de localização diferenciada", "Categoria Administrativa": "Pública", "Endereço": "RUA JANUARIO BARBOSA, 366 VILA SANTA LUZIA. 79116-481 Campo Grande - MS.", "Telefone": "(67) 20204298", "Tipo": "Municipal", "Categoria Escola Privada": "Não Informado", "Conveniada Poder Público": "Não", "Regulamentação pelo Conselho de Educação": "Sim", "Porte da Escola": "Entre 201 e 500 matrículas de escolarização", "Etapas e Modalidade de Ensino Oferecidas": "Educação Infantil", "Outras Ofertas Educacionais": null, "Latitude": "-204.141.939", "Longitude": "-546.356.988", "Lat tratada": -20.4141939, "Long tratada": -54.6356988, "field_22": null, "field_23": null, "field_24": null, "field_25": null }, "geometry": { "type": "Point", "coordinates": [ -54.6356988, -20.4141939 ] } },
{ "type": "Feature", "properties": { "Restrição de Atendimento": "ESCOLA EM FUNCIONAMENTO E SEM RESTRIÇÃO DE ATENDIMENTO", "Nome": "EMEI CLEOMAR BAPTISTA DOS SANTOS", "Código INEP": 50025961, "UF": "MS", "Município": "Campo Grande", "Localização": "Urbana", "Localidade Diferenciada": "A escola não está em área de localização diferenciada", "Categoria Administrativa": "Pública", "Endereço": "RUA NERISCA, 39 EMEI. PARQUE DO TRABALHADOR. 79071-550 Campo Grande - MS.", "Telefone": "(67) 20204213", "Tipo": "Municipal", "Categoria Escola Privada": "Não Informado", "Conveniada Poder Público": "Não", "Regulamentação pelo Conselho de Educação": "Sim", "Porte da Escola": "Entre 51 e 200 matrículas de escolarização", "Etapas e Modalidade de Ensino Oferecidas": "Educação Infantil", "Outras Ofertas Educacionais": null, "Latitude": "-2.053.092.579", "Longitude": "-5.460.537.033", "Lat tratada": -20.53092579, "Long tratada": -54.60537033, "field_22": null, "field_23": null, "field_24": null, "field_25": null }, "geometry": { "type": "Point", "coordinates": [ -54.60537033, -20.53092579 ] } },
{ "type": "Feature", "properties": { "Restrição de Atendimento": "ESCOLA EM FUNCIONAMENTO E SEM RESTRIÇÃO DE ATENDIMENTO", "Nome": "EMEI PAULO SIUFI", "Código INEP": 50025970, "UF": "MS", "Município": "Campo Grande", "Localização": "Urbana", "Localidade Diferenciada": "A escola não está em área de localização diferenciada", "Categoria Administrativa": "Pública", "Endereço": "RUA GENEBRA, 230 VILA MARGARIDA. 79023-380 Campo Grande - MS.", "Telefone": "(67) 20204269", "Tipo": "Municipal", "Categoria Escola Privada": "Não Informado", "Conveniada Poder Público": "Não", "Regulamentação pelo Conselho de Educação": "Sim", "Porte da Escola": "Entre 201 e 500 matrículas de escolarização", "Etapas e Modalidade de Ensino Oferecidas": "Educação Infantil", "Outras Ofertas Educacionais": null, "Latitude": "-2.043.643.079", "Longitude": "-5.458.450.879", "Lat tratada": -20.43643079, "Long tratada": -54.58450879, "field_22": null, "field_23": null, "field_24": null, "field_25": null }, "geometry": { "type": "Point", "coordinates": [ -54.58450879, -20.43643079 ] } },
{ "type": "Feature", "properties": { "Restrição de Atendimento": "ESCOLA EM FUNCIONAMENTO E SEM RESTRIÇÃO DE ATENDIMENTO", "Nome": "EMEI IPIRANGA", "Código INEP": 50025988, "UF": "MS", "Município": "Campo Grande", "Localização": "Urbana", "Localidade Diferenciada": "A escola não está em área de localização diferenciada", "Categoria Administrativa": "Pública", "Endereço": "RUA NOVE DE JULHO, 2060 VILA IPIRANGA. 79081-050 Campo Grande - MS.", "Telefone": "(67) 20204228", "Tipo": "Municipal", "Categoria Escola Privada": "Não Informado", "Conveniada Poder Público": "Não", "Regulamentação pelo Conselho de Educação": "Sim", "Porte da Escola": "Entre 51 e 200 matrículas de escolarização", "Etapas e Modalidade de Ensino Oferecidas": "Educação Infantil", "Outras Ofertas Educacionais": null, "Latitude": "-2.049.745.391", "Longitude": "-5.461.648.107", "Lat tratada": -20.49745391, "Long tratada": -54.61648107, "field_22": null, "field_23": null, "field_24": null, "field_25": null }, "geometry": { "type": "Point", "coordinates": [ -54.61648107, -20.49745391 ] } },
{ "type": "Feature", "properties": { "Restrição de Atendimento": "ESCOLA EM FUNCIONAMENTO E SEM RESTRIÇÃO DE ATENDIMENTO", "Nome": "EMEI MARIA EDWIGES DE ALBUQUERQUE BORGES", "Código INEP": 50025996, "UF": "MS", "Município": "Campo Grande", "Localização": "Urbana", "Localidade Diferenciada": "A escola não está em área de localização diferenciada", "Categoria Administrativa": "Pública", "Endereço": "RUA JAIME COSTA, 904 NUCLEO HABITACIONAL BURITI. 79091-110 Campo Grande - MS.", "Telefone": "(67) 20204251", "Tipo": "Municipal", "Categoria Escola Privada": "Não Informado", "Conveniada Poder Público": "Não", "Regulamentação pelo Conselho de Educação": "Sim", "Porte da Escola": "Entre 201 e 500 matrículas de escolarização", "Etapas e Modalidade de Ensino Oferecidas": "Educação Infantil", "Outras Ofertas Educacionais": null, "Latitude": "-20.490.194", "Longitude": "-546.712.713", "Lat tratada": -20.490194, "Long tratada": -54.6712713, "field_22": null, "field_23": null, "field_24": null, "field_25": null }, "geometry": { "type": "Point", "coordinates": [ -54.6712713, -20.490194 ] } },
{ "type": "Feature", "properties": { "Restrição de Atendimento": "ESCOLA EM FUNCIONAMENTO E SEM RESTRIÇÃO DE ATENDIMENTO", "Nome": "EMEI ATHENAS SA CARVALHO", "Código INEP": 50026011, "UF": "MS", "Município": "Campo Grande", "Localização": "Urbana", "Localidade Diferenciada": "A escola não está em área de localização diferenciada", "Categoria Administrativa": "Pública", "Endereço": "RUA SANTA CATARINA, 1163 JARDIM IMPERIAL. 79011-260 Campo Grande - MS.", "Telefone": "(67) 20204205", "Tipo": "Municipal", "Categoria Escola Privada": "Não Informado", "Conveniada Poder Público": "Não", "Regulamentação pelo Conselho de Educação": "Sim", "Porte da Escola": "Entre 51 e 200 matrículas de escolarização", "Etapas e Modalidade de Ensino Oferecidas": "Educação Infantil", "Outras Ofertas Educacionais": null, "Latitude": "-2.042.554.667", "Longitude": "-545.912", "Lat tratada": -20.42554667, "Long tratada": -54.5912, "field_22": null, "field_23": null, "field_24": null, "field_25": null }, "geometry": { "type": "Point", "coordinates": [ -54.5912, -20.42554667 ] } },
{ "type": "Feature", "properties": { "Restrição de Atendimento": "ESCOLA EM FUNCIONAMENTO E SEM RESTRIÇÃO DE ATENDIMENTO", "Nome": "EMEI NEIDA GORDIN FREIRE", "Código INEP": 50026020, "UF": "MS", "Município": "Campo Grande", "Localização": "Urbana", "Localidade Diferenciada": "A escola não está em área de localização diferenciada", "Categoria Administrativa": "Pública", "Endereço": "RUA MANDACARU, 140 MORENINHA III. 79065-300 Campo Grande - MS.", "Telefone": "(67) 20204258", "Tipo": "Municipal", "Categoria Escola Privada": "Não Informado", "Conveniada Poder Público": "Não", "Regulamentação pelo Conselho de Educação": "Sim", "Porte da Escola": "Entre 51 e 200 matrículas de escolarização", "Etapas e Modalidade de Ensino Oferecidas": "Educação Infantil", "Outras Ofertas Educacionais": null, "Latitude": "-205.541.017", "Longitude": "-545.709.733", "Lat tratada": -20.5541017, "Long tratada": -54.5709733, "field_22": null, "field_23": null, "field_24": null, "field_25": null }, "geometry": { "type": "Point", "coordinates": [ -54.5709733, -20.5541017 ] } },
{ "type": "Feature", "properties": { "Restrição de Atendimento": "ESCOLA EM FUNCIONAMENTO E SEM RESTRIÇÃO DE ATENDIMENTO", "Nome": "EMEI JOAO GARCIA DE CARVALHO FILHO", "Código INEP": 50026038, "UF": "MS", "Município": "Campo Grande", "Localização": "Urbana", "Localidade Diferenciada": "A escola não está em área de localização diferenciada", "Categoria Administrativa": "Pública", "Endereço": "RUA FLORAO, 971 JARDIM TARUMA. 79097-220 Campo Grande - MS.", "Telefone": "(67) 20204234", "Tipo": "Municipal", "Categoria Escola Privada": "Não Informado", "Conveniada Poder Público": "Não", "Regulamentação pelo Conselho de Educação": "Sim", "Porte da Escola": "Entre 201 e 500 matrículas de escolarização", "Etapas e Modalidade de Ensino Oferecidas": "Educação Infantil", "Outras Ofertas Educacionais": null, "Latitude": "-2.054.115.223", "Longitude": "-5.467.396.801", "Lat tratada": -20.54115223, "Long tratada": -54.67396801, "field_22": null, "field_23": null, "field_24": null, "field_25": null }, "geometry": { "type": "Point", "coordinates": [ -54.67396801, -20.54115223 ] } },
{ "type": "Feature", "properties": { "Restrição de Atendimento": "ESCOLA EM FUNCIONAMENTO E SEM RESTRIÇÃO DE ATENDIMENTO", "Nome": "EMEI PROF OSVALDO MACIEL DE OLIVEIRA", "Código INEP": 50026046, "UF": "MS", "Município": "Campo Grande", "Localização": "Urbana", "Localidade Diferenciada": "A escola não está em área de localização diferenciada", "Categoria Administrativa": "Pública", "Endereço": "RUA DRACENA, S/N VILA TAQUARUSSU. 79006-130 Campo Grande - MS.", "Telefone": "(67) 20204274", "Tipo": "Municipal", "Categoria Escola Privada": "Não Informado", "Conveniada Poder Público": "Não", "Regulamentação pelo Conselho de Educação": "Sim", "Porte da Escola": "Entre 51 e 200 matrículas de escolarização", "Etapas e Modalidade de Ensino Oferecidas": "Educação Infantil", "Outras Ofertas Educacionais": null, "Latitude": "-2.048.175.049", "Longitude": "-5.462.997.903", "Lat tratada": -20.48175049, "Long tratada": -54.62997903, "field_22": null, "field_23": null, "field_24": null, "field_25": null }, "geometry": { "type": "Point", "coordinates": [ -54.62997903, -20.48175049 ] } },
{ "type": "Feature", "properties": { "Restrição de Atendimento": "ESCOLA EM FUNCIONAMENTO E SEM RESTRIÇÃO DE ATENDIMENTO", "Nome": "EMEI PIRATININGA", "Código INEP": 50026054, "UF": "MS", "Município": "Campo Grande", "Localização": "Urbana", "Localidade Diferenciada": "A escola não está em área de localização diferenciada", "Categoria Administrativa": "Pública", "Endereço": "RUA COROADOS, 276 VILA PIRATININGA. 79081-000 Campo Grande - MS.", "Telefone": "(67) 20204271", "Tipo": "Municipal", "Categoria Escola Privada": "Não Informado", "Conveniada Poder Público": "Não", "Regulamentação pelo Conselho de Educação": "Sim", "Porte da Escola": "Entre 51 e 200 matrículas de escolarização", "Etapas e Modalidade de Ensino Oferecidas": "Educação Infantil", "Outras Ofertas Educacionais": null, "Latitude": "-204.935.973", "Longitude": "-546.276.229", "Lat tratada": -20.4935973, "Long tratada": -54.6276229, "field_22": null, "field_23": null, "field_24": null, "field_25": null }, "geometry": { "type": "Point", "coordinates": [ -54.6276229, -20.4935973 ] } },
{ "type": "Feature", "properties": { "Restrição de Atendimento": "ESCOLA EM FUNCIONAMENTO E SEM RESTRIÇÃO DE ATENDIMENTO", "Nome": "EMEI MARIA CRISTINA OCARIZ DE BARROS", "Código INEP": 50026062, "UF": "MS", "Município": "Campo Grande", "Localização": "Urbana", "Localidade Diferenciada": "A escola não está em área de localização diferenciada", "Categoria Administrativa": "Pública", "Endereço": "RUA PIASSANGUABA, 1115 JARDIM TIJUCA. 79094-160 Campo Grande - MS.", "Telefone": "(67) 20204248", "Tipo": "Municipal", "Categoria Escola Privada": "Não Informado", "Conveniada Poder Público": "Não", "Regulamentação pelo Conselho de Educação": "Sim", "Porte da Escola": "Entre 201 e 500 matrículas de escolarização", "Etapas e Modalidade de Ensino Oferecidas": "Educação Infantil", "Outras Ofertas Educacionais": null, "Latitude": "-20.517.941", "Longitude": "-54.668.834", "Lat tratada": -20.517941, "Long tratada": -54.668834, "field_22": null, "field_23": null, "field_24": null, "field_25": null }, "geometry": { "type": "Point", "coordinates": [ -54.668834, -20.517941 ] } },
{ "type": "Feature", "properties": { "Restrição de Atendimento": "ESCOLA EM FUNCIONAMENTO E SEM RESTRIÇÃO DE ATENDIMENTO", "Nome": "EMEI PROFª MARIOLINA PEREIRA MENDES", "Código INEP": 50026070, "UF": "MS", "Município": "Campo Grande", "Localização": "Urbana", "Localidade Diferenciada": "A escola não está em área de localização diferenciada", "Categoria Administrativa": "Pública", "Endereço": "RUA ELVIS PRESLEY, 550 JARDIM MORENAO. 79070-100 Campo Grande - MS.", "Telefone": "(67) 20204208", "Tipo": "Municipal", "Categoria Escola Privada": "Não Informado", "Conveniada Poder Público": "Não", "Regulamentação pelo Conselho de Educação": "Sim", "Porte da Escola": "Entre 51 e 200 matrículas de escolarização", "Etapas e Modalidade de Ensino Oferecidas": "Educação Infantil", "Outras Ofertas Educacionais": null, "Latitude": "-2.052.652.839", "Longitude": "-546.246.142", "Lat tratada": -20.52652839, "Long tratada": -54.6246142, "field_22": null, "field_23": null, "field_24": null, "field_25": null }, "geometry": { "type": "Point", "coordinates": [ -54.6246142, -20.52652839 ] } },
{ "type": "Feature", "properties": { "Restrição de Atendimento": "ESCOLA EM FUNCIONAMENTO E SEM RESTRIÇÃO DE ATENDIMENTO", "Nome": "EMEI PROFª MARIA JOSEFINA BEZERRA XAVIER", "Código INEP": 50026100, "UF": "MS", "Município": "Campo Grande", "Localização": "Urbana", "Localidade Diferenciada": "A escola não está em área de localização diferenciada", "Categoria Administrativa": "Pública", "Endereço": "RUA HOTEL, 2080 VILA BASE AEREA. TAVEIROPOLIS. 79090-370 Campo Grande - MS.", "Telefone": "(67) 20204206", "Tipo": "Municipal", "Categoria Escola Privada": "Não Informado", "Conveniada Poder Público": "Não", "Regulamentação pelo Conselho de Educação": "Sim", "Porte da Escola": "Entre 51 e 200 matrículas de escolarização", "Etapas e Modalidade de Ensino Oferecidas": "Educação Infantil", "Outras Ofertas Educacionais": null, "Latitude": "-2.047.157.667", "Longitude": "-5.465.355.167", "Lat tratada": -20.47157667, "Long tratada": -54.65355167, "field_22": null, "field_23": null, "field_24": null, "field_25": null }, "geometry": { "type": "Point", "coordinates": [ -54.65355167, -20.47157667 ] } },
{ "type": "Feature", "properties": { "Restrição de Atendimento": "ESCOLA EM FUNCIONAMENTO E SEM RESTRIÇÃO DE ATENDIMENTO", "Nome": "EMEI MARCOS ROBERTO", "Código INEP": 50026119, "UF": "MS", "Município": "Campo Grande", "Localização": "Urbana", "Localidade Diferenciada": "A escola não está em área de localização diferenciada", "Categoria Administrativa": "Pública", "Endereço": "RUA DO EBANO, 508 JARDIM MARCOS ROBERTO. 79080-530 Campo Grande - MS.", "Telefone": "(67) 20204246", "Tipo": "Municipal", "Categoria Escola Privada": "Não Informado", "Conveniada Poder Público": "Não", "Regulamentação pelo Conselho de Educação": "Sim", "Porte da Escola": "Entre 51 e 200 matrículas de escolarização", "Etapas e Modalidade de Ensino Oferecidas": "Educação Infantil", "Outras Ofertas Educacionais": null, "Latitude": "-2.048.875.568", "Longitude": "-5.462.957.575", "Lat tratada": -20.48875568, "Long tratada": -54.62957575, "field_22": null, "field_23": null, "field_24": null, "field_25": null }, "geometry": { "type": "Point", "coordinates": [ -54.62957575, -20.48875568 ] } },
{ "type": "Feature", "properties": { "Restrição de Atendimento": "ESCOLA EM FUNCIONAMENTO E SEM RESTRIÇÃO DE ATENDIMENTO", "Nome": "EMEI PROFª MARIA ILDONEI DE LIMA PEDRA", "Código INEP": 50026127, "UF": "MS", "Município": "Campo Grande", "Localização": "Urbana", "Localidade Diferenciada": "A escola não está em área de localização diferenciada", "Categoria Administrativa": "Pública", "Endereço": "RUA FIDELO MARIANO DE ALMEIDA, 162 RESIDENCIAL OLIVEIRA II. 79091-662 Campo Grande - MS.", "Telefone": "(67) 20204215", "Tipo": "Municipal", "Categoria Escola Privada": "Não Informado", "Conveniada Poder Público": "Não", "Regulamentação pelo Conselho de Educação": "Sim", "Porte da Escola": "Entre 51 e 200 matrículas de escolarização", "Etapas e Modalidade de Ensino Oferecidas": "Educação Infantil", "Outras Ofertas Educacionais": null, "Latitude": "-204.747.834", "Longitude": "-546.593.073", "Lat tratada": -20.4747834, "Long tratada": -54.6593073, "field_22": null, "field_23": null, "field_24": null, "field_25": null }, "geometry": { "type": "Point", "coordinates": [ -54.6593073, -20.4747834 ] } },
{ "type": "Feature", "properties": { "Restrição de Atendimento": "ESCOLA EM FUNCIONAMENTO E SEM RESTRIÇÃO DE ATENDIMENTO", "Nome": "EMEI IBER GOMES DE SA", "Código INEP": 50026143, "UF": "MS", "Município": "Campo Grande", "Localização": "Urbana", "Localidade Diferenciada": "A escola não está em área de localização diferenciada", "Categoria Administrativa": "Pública", "Endereço": "RUA PEDRO DE TOLEDO, 886 VILA PIRATININGA. 79081-030 Campo Grande - MS.", "Telefone": "(67) 20204226", "Tipo": "Municipal", "Categoria Escola Privada": "Não Informado", "Conveniada Poder Público": "Não", "Regulamentação pelo Conselho de Educação": "Sim", "Porte da Escola": "Entre 51 e 200 matrículas de escolarização", "Etapas e Modalidade de Ensino Oferecidas": "Educação Infantil", "Outras Ofertas Educacionais": null, "Latitude": "-2.049.600.812", "Longitude": "-5.462.456.284", "Lat tratada": -20.49600812, "Long tratada": -54.62456284, "field_22": null, "field_23": null, "field_24": null, "field_25": null }, "geometry": { "type": "Point", "coordinates": [ -54.62456284, -20.49600812 ] } },
{ "type": "Feature", "properties": { "Restrição de Atendimento": "ESCOLA EM FUNCIONAMENTO E SEM RESTRIÇÃO DE ATENDIMENTO", "Nome": "EMEI ALBA LUCIA SPENGLER DOS SANTOS PEREIRA", "Código INEP": 50026151, "UF": "MS", "Município": "Campo Grande", "Localização": "Urbana", "Localidade Diferenciada": "A escola não está em área de localização diferenciada", "Categoria Administrativa": "Pública", "Endereço": "AVENIDA GENERAL ALBERTO CARLOS MENDONCA LIMA, 2827 JARDIM SANTA EMILIA. 79093-290 Campo Grande - MS.", "Telefone": "(67) 20204201", "Tipo": "Municipal", "Categoria Escola Privada": "Não Informado", "Conveniada Poder Público": "Não", "Regulamentação pelo Conselho de Educação": "Sim", "Porte da Escola": "Entre 201 e 500 matrículas de escolarização", "Etapas e Modalidade de Ensino Oferecidas": "Educação Infantil", "Outras Ofertas Educacionais": null, "Latitude": "-2.049.924.856", "Longitude": "-5.468.004.858", "Lat tratada": -20.49924856, "Long tratada": -54.68004858, "field_22": null, "field_23": null, "field_24": null, "field_25": null }, "geometry": { "type": "Point", "coordinates": [ -54.68004858, -20.49924856 ] } },
{ "type": "Feature", "properties": { "Restrição de Atendimento": "ESCOLA EM FUNCIONAMENTO E SEM RESTRIÇÃO DE ATENDIMENTO", "Nome": "EMEI CLAUDIO MARCOS MANCINI", "Código INEP": 50026160, "UF": "MS", "Município": "Campo Grande", "Localização": "Urbana", "Localidade Diferenciada": "A escola não está em área de localização diferenciada", "Categoria Administrativa": "Pública", "Endereço": "RUA TUPI, 624 VILA JUSSARA. 79092-490 Campo Grande - MS.", "Telefone": "(67) 20204211", "Tipo": "Municipal", "Categoria Escola Privada": "Não Informado", "Conveniada Poder Público": "Não", "Regulamentação pelo Conselho de Educação": "Sim", "Porte da Escola": "Entre 51 e 200 matrículas de escolarização", "Etapas e Modalidade de Ensino Oferecidas": "Educação Infantil", "Outras Ofertas Educacionais": null, "Latitude": "-204.967.594", "Longitude": "-54.658.983", "Lat tratada": -20.4967594, "Long tratada": -54.658983, "field_22": null, "field_23": null, "field_24": null, "field_25": null }, "geometry": { "type": "Point", "coordinates": [ -54.658983, -20.4967594 ] } },
{ "type": "Feature", "properties": { "Restrição de Atendimento": "ESCOLA EM FUNCIONAMENTO E SEM RESTRIÇÃO DE ATENDIMENTO", "Nome": "EMEI CAMPO VERDE", "Código INEP": 50026178, "UF": "MS", "Município": "Campo Grande", "Localização": "Urbana", "Localidade Diferenciada": "A escola não está em área de localização diferenciada", "Categoria Administrativa": "Pública", "Endereço": "RUA SEBASTIAO PEREIRA BORGES, 100 JARDIM CAMPO VERDE. 79016-400 Campo Grande - MS.", "Telefone": "(67) 20204209", "Tipo": "Municipal", "Categoria Escola Privada": "Não Informado", "Conveniada Poder Público": "Não", "Regulamentação pelo Conselho de Educação": "Sim", "Porte da Escola": "Entre 51 e 200 matrículas de escolarização", "Etapas e Modalidade de Ensino Oferecidas": "Educação Infantil", "Outras Ofertas Educacionais": null, "Latitude": "-2.040.830.411", "Longitude": "-5.457.487.497", "Lat tratada": -20.40830411, "Long tratada": -54.57487497, "field_22": null, "field_23": null, "field_24": null, "field_25": null }, "geometry": { "type": "Point", "coordinates": [ -54.57487497, -20.40830411 ] } },
{ "type": "Feature", "properties": { "Restrição de Atendimento": "ESCOLA EM FUNCIONAMENTO E SEM RESTRIÇÃO DE ATENDIMENTO", "Nome": "EMEI CLEBE BRAZIL FERREIRA", "Código INEP": 50026186, "UF": "MS", "Município": "Campo Grande", "Localização": "Urbana", "Localidade Diferenciada": "A escola não está em área de localização diferenciada", "Categoria Administrativa": "Pública", "Endereço": "RUA PADRE MUSSA TUMA, 805 JARDIM ITAMARACA. 79062-130 Campo Grande - MS.", "Telefone": "(67) 20204212", "Tipo": "Municipal", "Categoria Escola Privada": "Não Informado", "Conveniada Poder Público": "Não", "Regulamentação pelo Conselho de Educação": "Sim", "Porte da Escola": "Entre 201 e 500 matrículas de escolarização", "Etapas e Modalidade de Ensino Oferecidas": "Educação Infantil", "Outras Ofertas Educacionais": null, "Latitude": "-205.092.626", "Longitude": "-545.673.556", "Lat tratada": -20.5092626, "Long tratada": -54.5673556, "field_22": null, "field_23": null, "field_24": null, "field_25": null }, "geometry": { "type": "Point", "coordinates": [ -54.5673556, -20.5092626 ] } },
{ "type": "Feature", "properties": { "Restrição de Atendimento": "ESCOLA EM FUNCIONAMENTO E SEM RESTRIÇÃO DE ATENDIMENTO", "Nome": "EMEI PROFª THEREZINHA MANDETTA TRAD", "Código INEP": 50026194, "UF": "MS", "Município": "Campo Grande", "Localização": "Urbana", "Localidade Diferenciada": "A escola não está em área de localização diferenciada", "Categoria Administrativa": "Pública", "Endereço": "AVENIDA EZEQUIEL FERREIRA LIMA, 42 CONJUNTO AERO RANCHO. 79084-010 Campo Grande - MS.", "Telefone": "(67) 20204200", "Tipo": "Municipal", "Categoria Escola Privada": "Não Informado", "Conveniada Poder Público": "Não", "Regulamentação pelo Conselho de Educação": "Sim", "Porte da Escola": "Entre 51 e 200 matrículas de escolarização", "Etapas e Modalidade de Ensino Oferecidas": "Educação Infantil", "Outras Ofertas Educacionais": null, "Latitude": "-2.050.956.906", "Longitude": "-5.465.383.103", "Lat tratada": -20.50956906, "Long tratada": -54.65383103, "field_22": null, "field_23": null, "field_24": null, "field_25": null }, "geometry": { "type": "Point", "coordinates": [ -54.65383103, -20.50956906 ] } },
{ "type": "Feature", "properties": { "Restrição de Atendimento": "ESCOLA EM FUNCIONAMENTO E SEM RESTRIÇÃO DE ATENDIMENTO", "Nome": "EMEI ODETE TRINDADE BENITES", "Código INEP": 50026208, "UF": "MS", "Município": "Campo Grande", "Localização": "Urbana", "Localidade Diferenciada": "A escola não está em área de localização diferenciada", "Categoria Administrativa": "Pública", "Endereço": "RUA ITAPORANGA, 107 ZE PEREIRA. 79107-400 Campo Grande - MS.", "Telefone": "(67) 20204264", "Tipo": "Municipal", "Categoria Escola Privada": "Não Informado", "Conveniada Poder Público": "Não", "Regulamentação pelo Conselho de Educação": "Sim", "Porte da Escola": "Entre 51 e 200 matrículas de escolarização", "Etapas e Modalidade de Ensino Oferecidas": "Educação Infantil", "Outras Ofertas Educacionais": null, "Latitude": "-2.043.331.143", "Longitude": "-5.467.415.242", "Lat tratada": -20.43331143, "Long tratada": -54.67415242, "field_22": null, "field_23": null, "field_24": null, "field_25": null }, "geometry": { "type": "Point", "coordinates": [ -54.67415242, -20.43331143 ] } },
{ "type": "Feature", "properties": { "Restrição de Atendimento": "ESCOLA EM FUNCIONAMENTO E SEM RESTRIÇÃO DE ATENDIMENTO", "Nome": "EMEI VO FINA", "Código INEP": 50026216, "UF": "MS", "Município": "Campo Grande", "Localização": "Urbana", "Localidade Diferenciada": "A escola não está em área de localização diferenciada", "Categoria Administrativa": "Pública", "Endereço": "RUA PARAISOPOLIS, 445 VILA SANTO EUGENIO. 79060-550 Campo Grande - MS.", "Telefone": "(67) 20204299", "Tipo": "Municipal", "Categoria Escola Privada": "Não Informado", "Conveniada Poder Público": "Não", "Regulamentação pelo Conselho de Educação": "Sim", "Porte da Escola": "Entre 51 e 200 matrículas de escolarização", "Etapas e Modalidade de Ensino Oferecidas": "Educação Infantil", "Outras Ofertas Educacionais": null, "Latitude": "-2.051.372.739", "Longitude": "-5.459.285.933", "Lat tratada": -20.51372739, "Long tratada": -54.59285933, "field_22": null, "field_23": null, "field_24": null, "field_25": null }, "geometry": { "type": "Point", "coordinates": [ -54.59285933, -20.51372739 ] } },
{ "type": "Feature", "properties": { "Restrição de Atendimento": "ESCOLA EM FUNCIONAMENTO E SEM RESTRIÇÃO DE ATENDIMENTO", "Nome": "EMEI ZACARIAS VIEIRA DE ANDRADE", "Código INEP": 50026224, "UF": "MS", "Município": "Campo Grande", "Localização": "Urbana", "Localidade Diferenciada": "A escola não está em área de localização diferenciada", "Categoria Administrativa": "Pública", "Endereço": "RUA OLINDA ALVES, 743 RITA VIEIRA III. 79052-440 Campo Grande - MS.", "Telefone": "(67) 20204400", "Tipo": "Municipal", "Categoria Escola Privada": "Não Informado", "Conveniada Poder Público": "Não", "Regulamentação pelo Conselho de Educação": "Sim", "Porte da Escola": "Entre 51 e 200 matrículas de escolarização", "Etapas e Modalidade de Ensino Oferecidas": "Educação Infantil", "Outras Ofertas Educacionais": null, "Latitude": "-2.050.158.903", "Longitude": "-5.457.748.949", "Lat tratada": -20.50158903, "Long tratada": -54.57748949, "field_22": null, "field_23": null, "field_24": null, "field_25": null }, "geometry": { "type": "Point", "coordinates": [ -54.57748949, -20.50158903 ] } },
{ "type": "Feature", "properties": { "Restrição de Atendimento": "ESCOLA EM FUNCIONAMENTO E SEM RESTRIÇÃO DE ATENDIMENTO", "Nome": "CORI-CENTRO DE EDUCACAO INFANTIL E ENSINO FUNDAMENTAL", "Código INEP": 50026330, "UF": "MS", "Município": "Campo Grande", "Localização": "Urbana", "Localidade Diferenciada": "A escola não está em área de localização diferenciada", "Categoria Administrativa": "Privada", "Endereço": "RUA JOSE GONCALVES SOBRINHO, 177 TERREO. VILA SOBRINHO. 79110-020 Campo Grande - MS.", "Telefone": "(67) 33259142", "Tipo": "Privada", "Categoria Escola Privada": "Particular", "Conveniada Poder Público": "Não", "Regulamentação pelo Conselho de Educação": "Sim", "Porte da Escola": "Até 50 matrículas de escolarização", "Etapas e Modalidade de Ensino Oferecidas": "Educação Infantil, Ensino Fundamental", "Outras Ofertas Educacionais": null, "Latitude": "-204.578.832", "Longitude": "-546.363.075", "Lat tratada": -20.4578832, "Long tratada": -54.6363075, "field_22": null, "field_23": null, "field_24": null, "field_25": null }, "geometry": { "type": "Point", "coordinates": [ -54.6363075, -20.4578832 ] } },
{ "type": "Feature", "properties": { "Restrição de Atendimento": "ESCOLA EM FUNCIONAMENTO E SEM RESTRIÇÃO DE ATENDIMENTO", "Nome": "SOLETRANDO ESCOLA DE ED INFANTIL E ENSINO FUNDAMENTAL", "Código INEP": 50026364, "UF": "MS", "Município": "Campo Grande", "Localização": "Urbana", "Localidade Diferenciada": "A escola não está em área de localização diferenciada", "Categoria Administrativa": "Privada", "Endereço": "RUA CORONEL CACILDO ARANTES, 440 CHACARA CACHOEIRA. 79040-452 Campo Grande - MS.", "Telefone": null, "Tipo": "Privada", "Categoria Escola Privada": "Particular", "Conveniada Poder Público": "Não", "Regulamentação pelo Conselho de Educação": "Sim", "Porte da Escola": "Entre 51 e 200 matrículas de escolarização", "Etapas e Modalidade de Ensino Oferecidas": "Educação Infantil, Ensino Fundamental", "Outras Ofertas Educacionais": null, "Latitude": "-2.046.224.371", "Longitude": "-5.457.998.509", "Lat tratada": -20.46224371, "Long tratada": -54.57998509, "field_22": null, "field_23": null, "field_24": null, "field_25": null }, "geometry": { "type": "Point", "coordinates": [ -54.57998509, -20.46224371 ] } },
{ "type": "Feature", "properties": { "Restrição de Atendimento": "ESCOLA EM FUNCIONAMENTO E SEM RESTRIÇÃO DE ATENDIMENTO", "Nome": "CENTRO EDUCACIONAL CONSTRUINDO O SABER", "Código INEP": 50026402, "UF": "MS", "Município": "Campo Grande", "Localização": "Urbana", "Localidade Diferenciada": "A escola não está em área de localização diferenciada", "Categoria Administrativa": "Privada", "Endereço": "RUA BARAO DE LIMEIRA, 2068 UNIVERSITARIO. 79070-150 Campo Grande - MS.", "Telefone": "(67) 33873716", "Tipo": "Privada", "Categoria Escola Privada": "Particular", "Conveniada Poder Público": "Não", "Regulamentação pelo Conselho de Educação": "Sim", "Porte da Escola": "Entre 201 e 500 matrículas de escolarização", "Etapas e Modalidade de Ensino Oferecidas": "Educação Infantil, Ensino Fundamental", "Outras Ofertas Educacionais": null, "Latitude": "-2.052.074", "Longitude": "-5.462.152", "Lat tratada": -20.52074, "Long tratada": -54.62152, "field_22": null, "field_23": null, "field_24": null, "field_25": null }, "geometry": { "type": "Point", "coordinates": [ -54.62152, -20.52074 ] } },
{ "type": "Feature", "properties": { "Restrição de Atendimento": "ESCOLA EM FUNCIONAMENTO E SEM RESTRIÇÃO DE ATENDIMENTO", "Nome": "ESCOLA DO SESI CAMPO GRANDE", "Código INEP": 50026429, "UF": "MS", "Município": "Campo Grande", "Localização": "Urbana", "Localidade Diferenciada": "A escola não está em área de localização diferenciada", "Categoria Administrativa": "Privada", "Endereço": "AFONSO PENA, 1114 AMAMBAI. 79005-901 Campo Grande - MS.", "Telefone": "(67) 33657861", "Tipo": "Privada", "Categoria Escola Privada": "Particular", "Conveniada Poder Público": "Não", "Regulamentação pelo Conselho de Educação": "Sim", "Porte da Escola": "Entre 501 e 1000 matrículas de escolarização", "Etapas e Modalidade de Ensino Oferecidas": "Ensino Fundamental, Ensino Médio", "Outras Ofertas Educacionais": null, "Latitude": "-2.046.654.335", "Longitude": "-5.462.517.133", "Lat tratada": -20.46654335, "Long tratada": -54.62517133, "field_22": null, "field_23": null, "field_24": null, "field_25": null }, "geometry": { "type": "Point", "coordinates": [ -54.62517133, -20.46654335 ] } },
{ "type": "Feature", "properties": { "Restrição de Atendimento": "ESCOLA EM FUNCIONAMENTO E SEM RESTRIÇÃO DE ATENDIMENTO", "Nome": "COLEGIO SAO FRANCISCO EIEFM", "Código INEP": 50026631, "UF": "MS", "Município": "Campo Grande", "Localização": "Urbana", "Localidade Diferenciada": "A escola não está em área de localização diferenciada", "Categoria Administrativa": "Privada", "Endereço": "RUA TREZE DE MAIO, 4059 CENTRO. 79002-352 Campo Grande - MS.", "Telefone": "(67) 30262336", "Tipo": "Privada", "Categoria Escola Privada": "Particular", "Conveniada Poder Público": "Não", "Regulamentação pelo Conselho de Educação": "Sim", "Porte da Escola": "Entre 201 e 500 matrículas de escolarização", "Etapas e Modalidade de Ensino Oferecidas": "Educação Infantil, Ensino Fundamental", "Outras Ofertas Educacionais": null, "Latitude": "-2.044.919", "Longitude": "-5.461.864", "Lat tratada": -20.44919, "Long tratada": -54.61864, "field_22": null, "field_23": null, "field_24": null, "field_25": null }, "geometry": { "type": "Point", "coordinates": [ -54.61864, -20.44919 ] } },
{ "type": "Feature", "properties": { "Restrição de Atendimento": "ESCOLA EM FUNCIONAMENTO E SEM RESTRIÇÃO DE ATENDIMENTO", "Nome": "CRECHE IRMA IRMA ZORZI", "Código INEP": 50026658, "UF": "MS", "Município": "Campo Grande", "Localização": "Urbana", "Localidade Diferenciada": "A escola não está em área de localização diferenciada", "Categoria Administrativa": "Pública", "Endereço": "RUA URUGUAIANA, 563 PRESIDIO FEMININO. CORONEL ANTONINO. 79011-330 Campo Grande - MS.", "Telefone": "(67) 992806656", "Tipo": "Estadual", "Categoria Escola Privada": "Não Informado", "Conveniada Poder Público": "Não", "Regulamentação pelo Conselho de Educação": "Sim", "Porte da Escola": "Até 50 matrículas de escolarização", "Etapas e Modalidade de Ensino Oferecidas": "Educação Infantil", "Outras Ofertas Educacionais": null, "Latitude": "-2.043.241", "Longitude": "-5.459.993", "Lat tratada": -20.43241, "Long tratada": -54.59993, "field_22": null, "field_23": null, "field_24": null, "field_25": null }, "geometry": { "type": "Point", "coordinates": [ -54.59993, -20.43241 ] } },
{ "type": "Feature", "properties": { "Restrição de Atendimento": "ESCOLA EM FUNCIONAMENTO E SEM RESTRIÇÃO DE ATENDIMENTO", "Nome": "ESCOLA CRIATIBRINCANDO DE EIEF LTDA", "Código INEP": 50026720, "UF": "MS", "Município": "Campo Grande", "Localização": "Urbana", "Localidade Diferenciada": "A escola não está em área de localização diferenciada", "Categoria Administrativa": "Privada", "Endereço": "RUA OSVALDO CRUZ, 55 JARDIM DOS ESTADOS. 79002-501 Campo Grande - MS.", "Telefone": "(67) 33846842", "Tipo": "Privada", "Categoria Escola Privada": "Particular", "Conveniada Poder Público": "Não", "Regulamentação pelo Conselho de Educação": "Sim", "Porte da Escola": "Entre 51 e 200 matrículas de escolarização", "Etapas e Modalidade de Ensino Oferecidas": "Educação Infantil, Ensino Fundamental", "Outras Ofertas Educacionais": null, "Latitude": "-204.587.502", "Longitude": "-546.040.778", "Lat tratada": -20.4587502, "Long tratada": -54.6040778, "field_22": null, "field_23": null, "field_24": null, "field_25": null }, "geometry": { "type": "Point", "coordinates": [ -54.6040778, -20.4587502 ] } },
{ "type": "Feature", "properties": { "Restrição de Atendimento": "ESCOLA EM FUNCIONAMENTO E SEM RESTRIÇÃO DE ATENDIMENTO", "Nome": "LAR NOSSA SENHORA APARECIDA", "Código INEP": 50026739, "UF": "MS", "Município": "Campo Grande", "Localização": "Urbana", "Localidade Diferenciada": "A escola não está em área de localização diferenciada", "Categoria Administrativa": "Privada", "Endereço": "AVENIDA RODOLFO JOSE PINHO, 1436 JARDIM SAO BENTO. 79004-690 Campo Grande - MS.", "Telefone": "(67) 33414094", "Tipo": "Privada", "Categoria Escola Privada": "Filantrópica", "Conveniada Poder Público": "Sim", "Regulamentação pelo Conselho de Educação": "Sim", "Porte da Escola": "Entre 51 e 200 matrículas de escolarização", "Etapas e Modalidade de Ensino Oferecidas": "Educação Infantil", "Outras Ofertas Educacionais": null, "Latitude": "-204.765.282", "Longitude": "-54.595.993", "Lat tratada": -20.4765282, "Long tratada": -54.595993, "field_22": null, "field_23": null, "field_24": null, "field_25": null }, "geometry": { "type": "Point", "coordinates": [ -54.595993, -20.4765282 ] } },
{ "type": "Feature", "properties": { "Restrição de Atendimento": "ESCOLA EM FUNCIONAMENTO E SEM RESTRIÇÃO DE ATENDIMENTO", "Nome": "NOTA 10 - UNIDADE FELIZ IDADE", "Código INEP": 50026771, "UF": "MS", "Município": "Campo Grande", "Localização": "Urbana", "Localidade Diferenciada": "A escola não está em área de localização diferenciada", "Categoria Administrativa": "Privada", "Endereço": "RUA ALAGOAS, 268 JARDIM DOS ESTADOS. 79020-120 Campo Grande - MS.", "Telefone": "(67) 33045133", "Tipo": "Privada", "Categoria Escola Privada": "Particular", "Conveniada Poder Público": "Não", "Regulamentação pelo Conselho de Educação": "Sim", "Porte da Escola": "Entre 201 e 500 matrículas de escolarização", "Etapas e Modalidade de Ensino Oferecidas": "Educação Infantil, Ensino Fundamental", "Outras Ofertas Educacionais": null, "Latitude": "-204.574.879", "Longitude": "-545.949.675", "Lat tratada": -20.4574879, "Long tratada": -54.5949675, "field_22": null, "field_23": null, "field_24": null, "field_25": null }, "geometry": { "type": "Point", "coordinates": [ -54.5949675, -20.4574879 ] } },
{ "type": "Feature", "properties": { "Restrição de Atendimento": "ESCOLA EM FUNCIONAMENTO E SEM RESTRIÇÃO DE ATENDIMENTO", "Nome": "EM NAGEN JORGE SAAD", "Código INEP": 50026887, "UF": "MS", "Município": "Campo Grande", "Localização": "Urbana", "Localidade Diferenciada": "A escola não está em área de localização diferenciada", "Categoria Administrativa": "Pública", "Endereço": "RUA PANAMBI VERA, 199 SAO PEDRO. 79092-340 Campo Grande - MS.", "Telefone": "(67) 20204064", "Tipo": "Municipal", "Categoria Escola Privada": "Não Informado", "Conveniada Poder Público": "Não", "Regulamentação pelo Conselho de Educação": "Sim", "Porte da Escola": "Mais de 1000 matrículas de escolarização", "Etapas e Modalidade de Ensino Oferecidas": "Educação Infantil, Ensino Fundamental", "Outras Ofertas Educacionais": "Atendimento Educacional Especializado, Atividade Complementar", "Latitude": "-2.050.718.684", "Longitude": "-5.465.577.133", "Lat tratada": -20.50718684, "Long tratada": -54.65577133, "field_22": null, "field_23": null, "field_24": null, "field_25": null }, "geometry": { "type": "Point", "coordinates": [ -54.65577133, -20.50718684 ] } },
{ "type": "Feature", "properties": { "Restrição de Atendimento": "ESCOLA EM FUNCIONAMENTO E SEM RESTRIÇÃO DE ATENDIMENTO", "Nome": "ESCOLA MUNDO MAGICO E INSTITUTO MACHADO DE ASSIS", "Código INEP": 50027166, "UF": "MS", "Município": "Campo Grande", "Localização": "Urbana", "Localidade Diferenciada": "A escola não está em área de localização diferenciada", "Categoria Administrativa": "Privada", "Endereço": "RUA CASTANHEIRAS, 247 COOPHATRABALHO. 79115-090 Campo Grande - MS.", "Telefone": "(67) 30285626", "Tipo": "Privada", "Categoria Escola Privada": "Particular", "Conveniada Poder Público": "Não", "Regulamentação pelo Conselho de Educação": "Sim", "Porte da Escola": "Entre 51 e 200 matrículas de escolarização", "Etapas e Modalidade de Ensino Oferecidas": "Educação Infantil, Ensino Fundamental", "Outras Ofertas Educacionais": null, "Latitude": "-2.043.346", "Longitude": "-5.465.023", "Lat tratada": -20.43346, "Long tratada": -54.65023, "field_22": null, "field_23": null, "field_24": null, "field_25": null }, "geometry": { "type": "Point", "coordinates": [ -54.65023, -20.43346 ] } },
{ "type": "Feature", "properties": { "Restrição de Atendimento": "ESCOLA EM FUNCIONAMENTO E SEM RESTRIÇÃO DE ATENDIMENTO", "Nome": "ESCOLA DESPERTAR DE ENSINO FUNDAMENTAL", "Código INEP": 50027182, "UF": "MS", "Município": "Campo Grande", "Localização": "Urbana", "Localidade Diferenciada": "A escola não está em área de localização diferenciada", "Categoria Administrativa": "Privada", "Endereço": "RUA AMAZONAS, 1355 MONTE CASTELO. 79010-905 Campo Grande - MS.", "Telefone": "(67) 30262623", "Tipo": "Privada", "Categoria Escola Privada": "Particular", "Conveniada Poder Público": "Não", "Regulamentação pelo Conselho de Educação": "Sim", "Porte da Escola": "Entre 51 e 200 matrículas de escolarização", "Etapas e Modalidade de Ensino Oferecidas": "Ensino Fundamental", "Outras Ofertas Educacionais": null, "Latitude": "-204.459.977", "Longitude": "-546.016.434", "Lat tratada": -20.4459977, "Long tratada": -54.6016434, "field_22": null, "field_23": null, "field_24": null, "field_25": null }, "geometry": { "type": "Point", "coordinates": [ -54.6016434, -20.4459977 ] } },
{ "type": "Feature", "properties": { "Restrição de Atendimento": "ESCOLA EM FUNCIONAMENTO E SEM RESTRIÇÃO DE ATENDIMENTO", "Nome": "CENTRO EDUCACIONAL PAULO DE TARSO", "Código INEP": 50027190, "UF": "MS", "Município": "Campo Grande", "Localização": "Urbana", "Localidade Diferenciada": "A escola não está em área de localização diferenciada", "Categoria Administrativa": "Privada", "Endereço": "TRAVESSA KELEN, 66 COOPHAVILA II. 79097-013 Campo Grande - MS.", "Telefone": "(67) 33819737", "Tipo": "Privada", "Categoria Escola Privada": "Particular", "Conveniada Poder Público": "Não", "Regulamentação pelo Conselho de Educação": "Sim", "Porte da Escola": "Entre 501 e 1000 matrículas de escolarização", "Etapas e Modalidade de Ensino Oferecidas": "Educação Infantil, Ensino Fundamental, Ensino Médio", "Outras Ofertas Educacionais": null, "Latitude": "-205.316.165", "Longitude": "-546.722.583", "Lat tratada": -20.5316165, "Long tratada": -54.6722583, "field_22": null, "field_23": null, "field_24": null, "field_25": null }, "geometry": { "type": "Point", "coordinates": [ -54.6722583, -20.5316165 ] } },
{ "type": "Feature", "properties": { "Restrição de Atendimento": "ESCOLA EM FUNCIONAMENTO E SEM RESTRIÇÃO DE ATENDIMENTO", "Nome": "CENTRO EDUCACIONAL SUPERACAO", "Código INEP": 50027204, "UF": "MS", "Município": "Campo Grande", "Localização": "Urbana", "Localidade Diferenciada": "A escola não está em área de localização diferenciada", "Categoria Administrativa": "Privada", "Endereço": "RUA DOS RECIFES, 976 COOPHAVILA II. 79097-050 Campo Grande - MS.", "Telefone": "(67) 33736444", "Tipo": "Privada", "Categoria Escola Privada": "Particular", "Conveniada Poder Público": "Não", "Regulamentação pelo Conselho de Educação": "Sim", "Porte da Escola": "Entre 51 e 200 matrículas de escolarização", "Etapas e Modalidade de Ensino Oferecidas": "Educação Infantil, Ensino Fundamental", "Outras Ofertas Educacionais": null, "Latitude": "-2.053.473", "Longitude": "-5.467.155", "Lat tratada": -20.53473, "Long tratada": -54.67155, "field_22": null, "field_23": null, "field_24": null, "field_25": null }, "geometry": { "type": "Point", "coordinates": [ -54.67155, -20.53473 ] } },
{ "type": "Feature", "properties": { "Restrição de Atendimento": "ESCOLA EM FUNCIONAMENTO E SEM RESTRIÇÃO DE ATENDIMENTO", "Nome": "INSTITUTO JOAO BATISTA DE ENSINO", "Código INEP": 50027239, "UF": "MS", "Município": "Campo Grande", "Localização": "Urbana", "Localidade Diferenciada": "A escola não está em área de localização diferenciada", "Categoria Administrativa": "Privada", "Endereço": "RUA DA DIVISAO, 608 JARDIM PARATI. 79081-650 Campo Grande - MS.", "Telefone": "(67) 33461198", "Tipo": "Privada", "Categoria Escola Privada": "Particular", "Conveniada Poder Público": "Não", "Regulamentação pelo Conselho de Educação": "Sim", "Porte da Escola": "Entre 201 e 500 matrículas de escolarização", "Etapas e Modalidade de Ensino Oferecidas": "Educação Infantil, Ensino Fundamental", "Outras Ofertas Educacionais": null, "Latitude": "-2.051.057", "Longitude": "-5.463.458", "Lat tratada": -20.51057, "Long tratada": -54.63458, "field_22": null, "field_23": null, "field_24": null, "field_25": null }, "geometry": { "type": "Point", "coordinates": [ -54.63458, -20.51057 ] } },
{ "type": "Feature", "properties": { "Restrição de Atendimento": "ESCOLA EM FUNCIONAMENTO E SEM RESTRIÇÃO DE ATENDIMENTO", "Nome": "EEIEF PARADIGMA", "Código INEP": 50027352, "UF": "MS", "Município": "Campo Grande", "Localização": "Urbana", "Localidade Diferenciada": "A escola não está em área de localização diferenciada", "Categoria Administrativa": "Privada", "Endereço": "RUA OURO NEGRO, 682 VILA MARCOS ROBERTO. 79080-270 Campo Grande - MS.", "Telefone": "(67) 33463116", "Tipo": "Privada", "Categoria Escola Privada": "Particular", "Conveniada Poder Público": "Não", "Regulamentação pelo Conselho de Educação": "Sim", "Porte da Escola": "Entre 51 e 200 matrículas de escolarização", "Etapas e Modalidade de Ensino Oferecidas": "Educação Infantil, Ensino Fundamental", "Outras Ofertas Educacionais": null, "Latitude": "-2.048.884", "Longitude": "-5.462.609", "Lat tratada": -20.48884, "Long tratada": -54.62609, "field_22": null, "field_23": null, "field_24": null, "field_25": null }, "geometry": { "type": "Point", "coordinates": [ -54.62609, -20.48884 ] } },
{ "type": "Feature", "properties": { "Restrição de Atendimento": "ESCOLA EM FUNCIONAMENTO E SEM RESTRIÇÃO DE ATENDIMENTO", "Nome": "OBRAS SOCIAIS E COMUNITARIA DO AERO RANCHO", "Código INEP": 50027360, "UF": "MS", "Município": "Campo Grande", "Localização": "Urbana", "Localidade Diferenciada": "A escola não está em área de localização diferenciada", "Categoria Administrativa": "Privada", "Endereço": "RUA CHARLOTE, 382 NUCLEO HAB. AERO RANCHO. 79083-610 Campo Grande - MS.", "Telefone": "(67) 30283063", "Tipo": "Privada", "Categoria Escola Privada": "Filantrópica", "Conveniada Poder Público": "Sim", "Regulamentação pelo Conselho de Educação": "Sim", "Porte da Escola": "Entre 51 e 200 matrículas de escolarização", "Etapas e Modalidade de Ensino Oferecidas": "Educação Infantil", "Outras Ofertas Educacionais": null, "Latitude": "-205.196.887", "Longitude": "-546.530.611", "Lat tratada": -20.5196887, "Long tratada": -54.6530611, "field_22": null, "field_23": null, "field_24": null, "field_25": null }, "geometry": { "type": "Point", "coordinates": [ -54.6530611, -20.5196887 ] } },
{ "type": "Feature", "properties": { "Restrição de Atendimento": "ESCOLA EM FUNCIONAMENTO E SEM RESTRIÇÃO DE ATENDIMENTO", "Nome": "EM DR PLINIO BARBOSA MARTINS", "Código INEP": 50027409, "UF": "MS", "Município": "Campo Grande", "Localização": "Urbana", "Localidade Diferenciada": "A escola não está em área de localização diferenciada", "Categoria Administrativa": "Pública", "Endereço": "RUA SAO PIO DE PIETRELCINA, 430 JARDIM DAS MACAUBAS. 79073-090 Campo Grande - MS.", "Telefone": "(67) 20204022", "Tipo": "Municipal", "Categoria Escola Privada": "Não Informado", "Conveniada Poder Público": "Não", "Regulamentação pelo Conselho de Educação": "Sim", "Porte da Escola": "Mais de 1000 matrículas de escolarização", "Etapas e Modalidade de Ensino Oferecidas": "Educação Infantil, Ensino Fundamental", "Outras Ofertas Educacionais": "Atendimento Educacional Especializado, Atividade Complementar", "Latitude": "-205.494.733", "Longitude": "-546.192.412", "Lat tratada": -20.5494733, "Long tratada": -54.6192412, "field_22": null, "field_23": null, "field_24": null, "field_25": null }, "geometry": { "type": "Point", "coordinates": [ -54.6192412, -20.5494733 ] } },
{ "type": "Feature", "properties": { "Restrição de Atendimento": "ESCOLA EM FUNCIONAMENTO E SEM RESTRIÇÃO DE ATENDIMENTO", "Nome": "EM CONSULESA MARGARIDA MAKSOUD TRAD", "Código INEP": 50027417, "UF": "MS", "Município": "Campo Grande", "Localização": "Urbana", "Localidade Diferenciada": "A escola não está em área de localização diferenciada", "Categoria Administrativa": "Pública", "Endereço": "RUA DO LEAO, S/N CONJUNTO HABITACIONAL ESTRELA DALVA I. 79034-605 Campo Grande - MS.", "Telefone": "(67) 20204015", "Tipo": "Municipal", "Categoria Escola Privada": "Não Informado", "Conveniada Poder Público": "Não", "Regulamentação pelo Conselho de Educação": "Sim", "Porte da Escola": "Mais de 1000 matrículas de escolarização", "Etapas e Modalidade de Ensino Oferecidas": "Educação Infantil, Ensino Fundamental, Educação de Jovens Adultos", "Outras Ofertas Educacionais": "Atendimento Educacional Especializado, Atividade Complementar", "Latitude": "-2.042.891.014", "Longitude": "-5.456.080.989", "Lat tratada": -20.42891014, "Long tratada": -54.56080989, "field_22": null, "field_23": null, "field_24": null, "field_25": null }, "geometry": { "type": "Point", "coordinates": [ -54.56080989, -20.42891014 ] } },
{ "type": "Feature", "properties": { "Restrição de Atendimento": "ESCOLA EM FUNCIONAMENTO E SEM RESTRIÇÃO DE ATENDIMENTO", "Nome": "EMEI MARCO ANTONIO SANTULLO", "Código INEP": 50027549, "UF": "MS", "Município": "Campo Grande", "Localização": "Urbana", "Localidade Diferenciada": "A escola não está em área de localização diferenciada", "Categoria Administrativa": "Pública", "Endereço": "RUA SUDAO, 241 JARDIM BATISTAO. 79094-290 Campo Grande - MS.", "Telefone": "(67) 20204245", "Tipo": "Municipal", "Categoria Escola Privada": "Não Informado", "Conveniada Poder Público": "Não", "Regulamentação pelo Conselho de Educação": "Sim", "Porte da Escola": "Entre 201 e 500 matrículas de escolarização", "Etapas e Modalidade de Ensino Oferecidas": "Educação Infantil", "Outras Ofertas Educacionais": null, "Latitude": "-205.194.184", "Longitude": "-546.731.228", "Lat tratada": -20.5194184, "Long tratada": -54.6731228, "field_22": null, "field_23": null, "field_24": null, "field_25": null }, "geometry": { "type": "Point", "coordinates": [ -54.6731228, -20.5194184 ] } },
{ "type": "Feature", "properties": { "Restrição de Atendimento": "ESCOLA EM FUNCIONAMENTO E SEM RESTRIÇÃO DE ATENDIMENTO", "Nome": "ESCOLA CARROSSEL EDUCAMP", "Código INEP": 50027891, "UF": "MS", "Município": "Campo Grande", "Localização": "Urbana", "Localidade Diferenciada": "A escola não está em área de localização diferenciada", "Categoria Administrativa": "Privada", "Endereço": "RUA BERNARDO FRANCO BAIS, 196 VILA CARVALHO. 79005-210 Campo Grande - MS.", "Telefone": "(67) 33835577", "Tipo": "Privada", "Categoria Escola Privada": "Particular", "Conveniada Poder Público": "Não", "Regulamentação pelo Conselho de Educação": "Sim", "Porte da Escola": "Entre 201 e 500 matrículas de escolarização", "Etapas e Modalidade de Ensino Oferecidas": "Educação Infantil, Ensino Fundamental", "Outras Ofertas Educacionais": null, "Latitude": "-204.754.467", "Longitude": "-546.213.212", "Lat tratada": -20.4754467, "Long tratada": -54.6213212, "field_22": null, "field_23": null, "field_24": null, "field_25": null }, "geometry": { "type": "Point", "coordinates": [ -54.6213212, -20.4754467 ] } },
{ "type": "Feature", "properties": { "Restrição de Atendimento": "ESCOLA EM FUNCIONAMENTO E SEM RESTRIÇÃO DE ATENDIMENTO", "Nome": "CENTRO DE EDUCACAO INFANTIL VO INEZ", "Código INEP": 50027905, "UF": "MS", "Município": "Campo Grande", "Localização": "Urbana", "Localidade Diferenciada": "A escola não está em área de localização diferenciada", "Categoria Administrativa": "Privada", "Endereço": "RUA CARLOS DRUMMOND DE ANDRADE, 694 CONJUNTO AERO RANCHO. 79085-110 Campo Grande - MS.", "Telefone": "(67) 30293738", "Tipo": "Privada", "Categoria Escola Privada": "Comunitária", "Conveniada Poder Público": "Sim", "Regulamentação pelo Conselho de Educação": "Sim", "Porte da Escola": "Entre 51 e 200 matrículas de escolarização", "Etapas e Modalidade de Ensino Oferecidas": "Educação Infantil", "Outras Ofertas Educacionais": null, "Latitude": "-2.052.732.833", "Longitude": "-5.465.738.667", "Lat tratada": -20.52732833, "Long tratada": -54.65738667, "field_22": null, "field_23": null, "field_24": null, "field_25": null }, "geometry": { "type": "Point", "coordinates": [ -54.65738667, -20.52732833 ] } },
{ "type": "Feature", "properties": { "Restrição de Atendimento": "ESCOLA EM FUNCIONAMENTO E SEM RESTRIÇÃO DE ATENDIMENTO", "Nome": "SOCIEDADE EUNICE WEAVER DE CAMPO GRANDE", "Código INEP": 50027948, "UF": "MS", "Município": "Campo Grande", "Localização": "Urbana", "Localidade Diferenciada": "A escola não está em área de localização diferenciada", "Categoria Administrativa": "Privada", "Endereço": "AVENIDA CORONEL ANTONINO, 1.200 CORONEL ANTONINO. 79022-000 Campo Grande - MS.", "Telefone": "(67) 33516172", "Tipo": "Privada", "Categoria Escola Privada": "Filantrópica", "Conveniada Poder Público": "Sim", "Regulamentação pelo Conselho de Educação": "Sim", "Porte da Escola": "Entre 51 e 200 matrículas de escolarização", "Etapas e Modalidade de Ensino Oferecidas": "Educação Infantil", "Outras Ofertas Educacionais": null, "Latitude": "-20.438.321", "Longitude": "-545.967.055", "Lat tratada": -20.438321, "Long tratada": -54.5967055, "field_22": null, "field_23": null, "field_24": null, "field_25": null }, "geometry": { "type": "Point", "coordinates": [ -54.5967055, -20.438321 ] } },
{ "type": "Feature", "properties": { "Restrição de Atendimento": "ESCOLA EM FUNCIONAMENTO E SEM RESTRIÇÃO DE ATENDIMENTO", "Nome": "COLEGIO HARMONIA - UNIDADE I", "Código INEP": 50027956, "UF": "MS", "Município": "Campo Grande", "Localização": "Urbana", "Localidade Diferenciada": "A escola não está em área de localização diferenciada", "Categoria Administrativa": "Privada", "Endereço": "RUA GOIAS, 930 JARDIM DOS ESTADOS. 79020-101 Campo Grande - MS.", "Telefone": "(67) 30430201", "Tipo": "Privada", "Categoria Escola Privada": "Particular", "Conveniada Poder Público": "Não", "Regulamentação pelo Conselho de Educação": "Sim", "Porte da Escola": "Entre 201 e 500 matrículas de escolarização", "Etapas e Modalidade de Ensino Oferecidas": "Ensino Fundamental, Ensino Médio", "Outras Ofertas Educacionais": null, "Latitude": "-204.555.518", "Longitude": "-54.596.607", "Lat tratada": -20.4555518, "Long tratada": -54.596607, "field_22": null, "field_23": null, "field_24": null, "field_25": null }, "geometry": { "type": "Point", "coordinates": [ -54.596607, -20.4555518 ] } },
{ "type": "Feature", "properties": { "Restrição de Atendimento": "ESCOLA EM FUNCIONAMENTO E SEM RESTRIÇÃO DE ATENDIMENTO", "Nome": "COLEGIO NOVO SECULO", "Código INEP": 50027972, "UF": "MS", "Município": "Campo Grande", "Localização": "Urbana", "Localidade Diferenciada": "A escola não está em área de localização diferenciada", "Categoria Administrativa": "Privada", "Endereço": "AVENIDA BANDEIRANTES, 2909 AMAMBAI. 79005-671 Campo Grande - MS.", "Telefone": "(67) 32229992", "Tipo": "Privada", "Categoria Escola Privada": "Particular", "Conveniada Poder Público": "Não", "Regulamentação pelo Conselho de Educação": "Sim", "Porte da Escola": "Entre 201 e 500 matrículas de escolarização", "Etapas e Modalidade de Ensino Oferecidas": "Educação Infantil, Ensino Fundamental", "Outras Ofertas Educacionais": null, "Latitude": "-204.872.624", "Longitude": "-546.428.733", "Lat tratada": -20.4872624, "Long tratada": -54.6428733, "field_22": null, "field_23": null, "field_24": null, "field_25": null }, "geometry": { "type": "Point", "coordinates": [ -54.6428733, -20.4872624 ] } },
{ "type": "Feature", "properties": { "Restrição de Atendimento": "ESCOLA EM FUNCIONAMENTO E SEM RESTRIÇÃO DE ATENDIMENTO", "Nome": "ASSOC ESP DE APOIO A CRIANCA E AO ADOLESCENTE", "Código INEP": 50028022, "UF": "MS", "Município": "Campo Grande", "Localização": "Urbana", "Localidade Diferenciada": "A escola não está em área de localização diferenciada", "Categoria Administrativa": "Privada", "Endereço": "RUA SIMPLICIO MASCARENHAS, 918 GUANANDI. 79086-150 Campo Grande - MS.", "Telefone": "(67) 30277056", "Tipo": "Privada", "Categoria Escola Privada": "Filantrópica", "Conveniada Poder Público": "Sim", "Regulamentação pelo Conselho de Educação": "Sim", "Porte da Escola": "Entre 201 e 500 matrículas de escolarização", "Etapas e Modalidade de Ensino Oferecidas": "Educação Infantil", "Outras Ofertas Educacionais": null, "Latitude": "-204.976.046", "Longitude": "-546.498.636", "Lat tratada": -20.4976046, "Long tratada": -54.6498636, "field_22": null, "field_23": null, "field_24": null, "field_25": null }, "geometry": { "type": "Point", "coordinates": [ -54.6498636, -20.4976046 ] } },
{ "type": "Feature", "properties": { "Restrição de Atendimento": "ESCOLA EM FUNCIONAMENTO E SEM RESTRIÇÃO DE ATENDIMENTO", "Nome": "EMEI PROFESSORA ELENIR ZANQUETA MOLINA", "Código INEP": 50028057, "UF": "MS", "Município": "Campo Grande", "Localização": "Urbana", "Localidade Diferenciada": "A escola não está em área de localização diferenciada", "Categoria Administrativa": "Pública", "Endereço": "RUA NEBRASCA, 385 JARDIM NASCENTE DO SEGREDO. 79014-020 Campo Grande - MS.", "Telefone": "(67) 20204279", "Tipo": "Municipal", "Categoria Escola Privada": "Não Informado", "Conveniada Poder Público": "Não", "Regulamentação pelo Conselho de Educação": "Sim", "Porte da Escola": "Entre 201 e 500 matrículas de escolarização", "Etapas e Modalidade de Ensino Oferecidas": "Educação Infantil", "Outras Ofertas Educacionais": null, "Latitude": "-2.041.025.726", "Longitude": "-54.591.882", "Lat tratada": -20.41025726, "Long tratada": -54.591882, "field_22": null, "field_23": null, "field_24": null, "field_25": null }, "geometry": { "type": "Point", "coordinates": [ -54.591882, -20.41025726 ] } },
{ "type": "Feature", "properties": { "Restrição de Atendimento": "ESCOLA EM FUNCIONAMENTO E SEM RESTRIÇÃO DE ATENDIMENTO", "Nome": "SESC ADMINISTRACAO REGIONAL NO ESTADO DO MATO GROSSO DO SUL", "Código INEP": 50028154, "UF": "MS", "Município": "Campo Grande", "Localização": "Urbana", "Localidade Diferenciada": "A escola não está em área de localização diferenciada", "Categoria Administrativa": "Privada", "Endereço": "RUA ANHANDUI, 200 CENTRO. 79002-010 Campo Grande - MS.", "Telefone": "(67) 33114300", "Tipo": "Privada", "Categoria Escola Privada": "Particular", "Conveniada Poder Público": "Não", "Regulamentação pelo Conselho de Educação": "Sim", "Porte da Escola": "Mais de 1000 matrículas de escolarização", "Etapas e Modalidade de Ensino Oferecidas": "Educação Infantil, Ensino Fundamental, Ensino Médio", "Outras Ofertas Educacionais": null, "Latitude": "-204.697.313", "Longitude": "-54.622.167", "Lat tratada": -20.4697313, "Long tratada": -54.622167, "field_22": null, "field_23": null, "field_24": null, "field_25": null }, "geometry": { "type": "Point", "coordinates": [ -54.622167, -20.4697313 ] } },
{ "type": "Feature", "properties": { "Restrição de Atendimento": "ESCOLA EM FUNCIONAMENTO E SEM RESTRIÇÃO DE ATENDIMENTO", "Nome": "COLEGIO VIP", "Código INEP": 50028227, "UF": "MS", "Município": "Campo Grande", "Localização": "Urbana", "Localidade Diferenciada": "A escola não está em área de localização diferenciada", "Categoria Administrativa": "Privada", "Endereço": "RUA ENGENHEIRO ANTONIO GOES, 281 PANAMA. 79112-245 Campo Grande - MS.", "Telefone": "(67) 33619186", "Tipo": "Privada", "Categoria Escola Privada": "Particular", "Conveniada Poder Público": "Não", "Regulamentação pelo Conselho de Educação": "Sim", "Porte da Escola": "Entre 51 e 200 matrículas de escolarização", "Etapas e Modalidade de Ensino Oferecidas": "Educação Infantil, Ensino Fundamental", "Outras Ofertas Educacionais": null, "Latitude": "-2.044.168", "Longitude": "-5.465.966", "Lat tratada": -20.44168, "Long tratada": -54.65966, "field_22": null, "field_23": null, "field_24": null, "field_25": null }, "geometry": { "type": "Point", "coordinates": [ -54.65966, -20.44168 ] } },
{ "type": "Feature", "properties": { "Restrição de Atendimento": "ESCOLA EM FUNCIONAMENTO E SEM RESTRIÇÃO DE ATENDIMENTO", "Nome": "EM ELIZIO RAMIREZ VIEIRA", "Código INEP": 50028332, "UF": "MS", "Município": "Campo Grande", "Localização": "Urbana", "Localidade Diferenciada": "A escola não está em área de localização diferenciada", "Categoria Administrativa": "Pública", "Endereço": "RUA ANTONIO MOISES DE FARIAS, 378 JARDIM PENFICO. 79077-014 Campo Grande - MS.", "Telefone": "(67) 20204027", "Tipo": "Municipal", "Categoria Escola Privada": "Não Informado", "Conveniada Poder Público": "Não", "Regulamentação pelo Conselho de Educação": "Sim", "Porte da Escola": "Mais de 1000 matrículas de escolarização", "Etapas e Modalidade de Ensino Oferecidas": "Educação Infantil, Ensino Fundamental", "Outras Ofertas Educacionais": "Atendimento Educacional Especializado, Atividade Complementar", "Latitude": "-205.521.888", "Longitude": "-546.619.441", "Lat tratada": -20.5521888, "Long tratada": -54.6619441, "field_22": null, "field_23": null, "field_24": null, "field_25": null }, "geometry": { "type": "Point", "coordinates": [ -54.6619441, -20.5521888 ] } },
{ "type": "Feature", "properties": { "Restrição de Atendimento": "ESCOLA EM FUNCIONAMENTO E SEM RESTRIÇÃO DE ATENDIMENTO", "Nome": "EM IRENE SZUKALA", "Código INEP": 50028340, "UF": "MS", "Município": "Campo Grande", "Localização": "Urbana", "Localidade Diferenciada": "A escola não está em área de localização diferenciada", "Categoria Administrativa": "Pública", "Endereço": "RUA IEMANJA, 1025 JARDIM DAS HORTENCIAS. 79083-530 Campo Grande - MS.", "Telefone": "(67) 20204040", "Tipo": "Municipal", "Categoria Escola Privada": "Não Informado", "Conveniada Poder Público": "Não", "Regulamentação pelo Conselho de Educação": "Sim", "Porte da Escola": "Mais de 1000 matrículas de escolarização", "Etapas e Modalidade de Ensino Oferecidas": "Educação Infantil, Ensino Fundamental", "Outras Ofertas Educacionais": "Atendimento Educacional Especializado, Atividade Complementar", "Latitude": "-205.216.053", "Longitude": "-546.454.601", "Lat tratada": -20.5216053, "Long tratada": -54.6454601, "field_22": null, "field_23": null, "field_24": null, "field_25": null }, "geometry": { "type": "Point", "coordinates": [ -54.6454601, -20.5216053 ] } },
{ "type": "Feature", "properties": { "Restrição de Atendimento": "ESCOLA EM FUNCIONAMENTO E SEM RESTRIÇÃO DE ATENDIMENTO", "Nome": "ASSOCIACAO CLUBE DE MAES CANTINHO DA AMIZADE", "Código INEP": 50028499, "UF": "MS", "Município": "Campo Grande", "Localização": "Urbana", "Localidade Diferenciada": "A escola não está em área de localização diferenciada", "Categoria Administrativa": "Privada", "Endereço": "AVENIDA AGRIPINO GRIECO, 567 NUCLEO HABITACIONAL UNIVERSITARIAS. 79071-330 Campo Grande - MS.", "Telefone": "(67) 30255746", "Tipo": "Privada", "Categoria Escola Privada": "Comunitária", "Conveniada Poder Público": "Sim", "Regulamentação pelo Conselho de Educação": "Sim", "Porte da Escola": "Entre 51 e 200 matrículas de escolarização", "Etapas e Modalidade de Ensino Oferecidas": "Educação Infantil", "Outras Ofertas Educacionais": null, "Latitude": "-205.362.245", "Longitude": "-54.620.307", "Lat tratada": -20.5362245, "Long tratada": -54.620307, "field_22": null, "field_23": null, "field_24": null, "field_25": null }, "geometry": { "type": "Point", "coordinates": [ -54.620307, -20.5362245 ] } },
{ "type": "Feature", "properties": { "Restrição de Atendimento": "ESCOLA EM FUNCIONAMENTO E SEM RESTRIÇÃO DE ATENDIMENTO", "Nome": "COLEGIO RUI BARBOSA", "Código INEP": 50028510, "UF": "MS", "Município": "Campo Grande", "Localização": "Urbana", "Localidade Diferenciada": "A escola não está em área de localização diferenciada", "Categoria Administrativa": "Privada", "Endereço": "RUA GUARATUBA, 375 SOBRINHO. 79110-220 Campo Grande - MS.", "Telefone": "(67) 33822393", "Tipo": "Privada", "Categoria Escola Privada": "Particular", "Conveniada Poder Público": "Não", "Regulamentação pelo Conselho de Educação": "Sim", "Porte da Escola": "Entre 51 e 200 matrículas de escolarização", "Etapas e Modalidade de Ensino Oferecidas": "Educação de Jovens Adultos", "Outras Ofertas Educacionais": null, "Latitude": "-2.046.644", "Longitude": "-5.461.867", "Lat tratada": -20.46644, "Long tratada": -54.61867, "field_22": null, "field_23": null, "field_24": null, "field_25": null }, "geometry": { "type": "Point", "coordinates": [ -54.61867, -20.46644 ] } },
{ "type": "Feature", "properties": { "Restrição de Atendimento": "ESCOLA EM FUNCIONAMENTO E SEM RESTRIÇÃO DE ATENDIMENTO", "Nome": "CENTRO DE EDUCACAO PROFISSIONAL - SENAC CAMPO GRANDE", "Código INEP": 50028537, "UF": "MS", "Município": "Campo Grande", "Localização": "Urbana", "Localidade Diferenciada": "A escola não está em área de localização diferenciada", "Categoria Administrativa": "Privada", "Endereço": "RUA FRANCISCO CANDIDO XAVIER, 75 AMAMBAI. 79002-052 Campo Grande - MS.", "Telefone": "(67) 33126249", "Tipo": "Privada", "Categoria Escola Privada": "Particular", "Conveniada Poder Público": "Não", "Regulamentação pelo Conselho de Educação": "Não", "Porte da Escola": "Entre 501 e 1000 matrículas de escolarização", "Etapas e Modalidade de Ensino Oferecidas": "Educação Profissional", "Outras Ofertas Educacionais": null, "Latitude": "-204.681.462", "Longitude": "-546.218.294", "Lat tratada": -20.4681462, "Long tratada": -54.6218294, "field_22": null, "field_23": null, "field_24": null, "field_25": null }, "geometry": { "type": "Point", "coordinates": [ -54.6218294, -20.4681462 ] } },
{ "type": "Feature", "properties": { "Restrição de Atendimento": "ESCOLA EM FUNCIONAMENTO E SEM RESTRIÇÃO DE ATENDIMENTO", "Nome": "COLEGIO GERACAO RESULTADOS", "Código INEP": 50028758, "UF": "MS", "Município": "Campo Grande", "Localização": "Urbana", "Localidade Diferenciada": "A escola não está em área de localização diferenciada", "Categoria Administrativa": "Privada", "Endereço": "RUA JOSE BARNABE DE MESQUITA, 258 VILA DUQUE DE CAXIAS. 79100-200 Campo Grande - MS.", "Telefone": "(67) 33622134", "Tipo": "Privada", "Categoria Escola Privada": "Particular", "Conveniada Poder Público": "Não", "Regulamentação pelo Conselho de Educação": "Sim", "Porte da Escola": "Entre 201 e 500 matrículas de escolarização", "Etapas e Modalidade de Ensino Oferecidas": "Educação Infantil, Ensino Fundamental", "Outras Ofertas Educacionais": null, "Latitude": "-204.611.082", "Longitude": "-546.458.971", "Lat tratada": -20.4611082, "Long tratada": -54.6458971, "field_22": null, "field_23": null, "field_24": null, "field_25": null }, "geometry": { "type": "Point", "coordinates": [ -54.6458971, -20.4611082 ] } },
{ "type": "Feature", "properties": { "Restrição de Atendimento": "ESCOLA EM FUNCIONAMENTO E SEM RESTRIÇÃO DE ATENDIMENTO", "Nome": "FACULDADE DE TECNOLOGIA SENAI CAMPO GRANDE", "Código INEP": 50028782, "UF": "MS", "Município": "Campo Grande", "Localização": "Urbana", "Localidade Diferenciada": "A escola não está em área de localização diferenciada", "Categoria Administrativa": "Privada", "Endereço": "RUA ENGENHEIRO ROBERTO MANGE, 194 AMAMBAI. 79005-420 Campo Grande - MS.", "Telefone": "(67) 33129400", "Tipo": "Privada", "Categoria Escola Privada": "Particular", "Conveniada Poder Público": "Não", "Regulamentação pelo Conselho de Educação": "Sim", "Porte da Escola": "Entre 501 e 1000 matrículas de escolarização", "Etapas e Modalidade de Ensino Oferecidas": "Educação Profissional", "Outras Ofertas Educacionais": null, "Latitude": "-2.046.632.017", "Longitude": "-5.462.540.273", "Lat tratada": -20.46632017, "Long tratada": -54.62540273, "field_22": null, "field_23": null, "field_24": null, "field_25": null }, "geometry": { "type": "Point", "coordinates": [ -54.62540273, -20.46632017 ] } },
{ "type": "Feature", "properties": { "Restrição de Atendimento": "ESCOLA EM FUNCIONAMENTO E SEM RESTRIÇÃO DE ATENDIMENTO", "Nome": "COLEGIO LICEU - UNID II", "Código INEP": 50028820, "UF": "MS", "Município": "Campo Grande", "Localização": "Urbana", "Localidade Diferenciada": "A escola não está em área de localização diferenciada", "Categoria Administrativa": "Privada", "Endereço": "RUA BARAO DE LADARIO, 279 PREDIO. VILA SOBRINHO. 79110-040 Campo Grande - MS.", "Telefone": "(67) 33619120", "Tipo": "Privada", "Categoria Escola Privada": "Particular", "Conveniada Poder Público": "Não", "Regulamentação pelo Conselho de Educação": "Sim", "Porte da Escola": "Entre 51 e 200 matrículas de escolarização", "Etapas e Modalidade de Ensino Oferecidas": "Ensino Fundamental, Ensino Médio", "Outras Ofertas Educacionais": null, "Latitude": "-204.561.166", "Longitude": "-546.382.494", "Lat tratada": -20.4561166, "Long tratada": -54.6382494, "field_22": null, "field_23": null, "field_24": null, "field_25": null }, "geometry": { "type": "Point", "coordinates": [ -54.6382494, -20.4561166 ] } },
{ "type": "Feature", "properties": { "Restrição de Atendimento": "ESCOLA EM FUNCIONAMENTO E SEM RESTRIÇÃO DE ATENDIMENTO", "Nome": "CENTRO DE EDUCACAO INTEGRADA EIRELI", "Código INEP": 50028847, "UF": "MS", "Município": "Campo Grande", "Localização": "Urbana", "Localidade Diferenciada": "A escola não está em área de localização diferenciada", "Categoria Administrativa": "Privada", "Endereço": "RUA DOUTOR MICHEL SCAFF, 114 CHACARA CACHOEIRA. 79040-860 Campo Grande - MS.", "Telefone": "(67) 33268031", "Tipo": "Privada", "Categoria Escola Privada": "Particular", "Conveniada Poder Público": "Não", "Regulamentação pelo Conselho de Educação": "Sim", "Porte da Escola": "Entre 201 e 500 matrículas de escolarização", "Etapas e Modalidade de Ensino Oferecidas": "Educação Infantil, Ensino Fundamental", "Outras Ofertas Educacionais": null, "Latitude": "-204.611", "Longitude": "-5.458.361", "Lat tratada": -20.4611, "Long tratada": -54.58361, "field_22": null, "field_23": null, "field_24": null, "field_25": null }, "geometry": { "type": "Point", "coordinates": [ -54.58361, -20.4611 ] } },
{ "type": "Feature", "properties": { "Restrição de Atendimento": "ESCOLA ATENDE EXCLUSIVAMENTE ALUNOS COM DEFICIÊNCIA", "Nome": "ESCOLA INTEGRADA HORIZONTE", "Código INEP": 50028855, "UF": "MS", "Município": "Campo Grande", "Localização": "Urbana", "Localidade Diferenciada": "A escola não está em área de localização diferenciada", "Categoria Administrativa": "Privada", "Endereço": "TRAVESSA FILOMENA ALEXANDRE GONCALVES, 177 LAR DO TRABALHADOR. SOBRINHO. 79110-510 Campo Grande - MS.", "Telefone": "(67) 991329920", "Tipo": "Privada", "Categoria Escola Privada": "Filantrópica", "Conveniada Poder Público": "Sim", "Regulamentação pelo Conselho de Educação": "Sim", "Porte da Escola": "Até 50 matrículas de escolarização", "Etapas e Modalidade de Ensino Oferecidas": "Ensino Fundamental, Educação de Jovens Adultos", "Outras Ofertas Educacionais": "Atividade Complementar", "Latitude": "-204.505.431", "Longitude": "-546.467.904", "Lat tratada": -20.4505431, "Long tratada": -54.6467904, "field_22": null, "field_23": null, "field_24": null, "field_25": null }, "geometry": { "type": "Point", "coordinates": [ -54.6467904, -20.4505431 ] } },
{ "type": "Feature", "properties": { "Restrição de Atendimento": "ESCOLA EM FUNCIONAMENTO E SEM RESTRIÇÃO DE ATENDIMENTO", "Nome": "ESCOLA DE EDUCACAO INFANTIL SOSSEGO DA MAMAE", "Código INEP": 50028871, "UF": "MS", "Município": "Campo Grande", "Localização": "Urbana", "Localidade Diferenciada": "A escola não está em área de localização diferenciada", "Categoria Administrativa": "Privada", "Endereço": "RUA ABRAO JULIO RAHE, 545 CENTRO. 79010-010 Campo Grande - MS.", "Telefone": "(67) 33847909", "Tipo": "Privada", "Categoria Escola Privada": "Particular", "Conveniada Poder Público": "Não", "Regulamentação pelo Conselho de Educação": "Sim", "Porte da Escola": "Entre 51 e 200 matrículas de escolarização", "Etapas e Modalidade de Ensino Oferecidas": "Educação Infantil", "Outras Ofertas Educacionais": null, "Latitude": "-204.531.029", "Longitude": "-546.087.398", "Lat tratada": -20.4531029, "Long tratada": -54.6087398, "field_22": null, "field_23": null, "field_24": null, "field_25": null }, "geometry": { "type": "Point", "coordinates": [ -54.6087398, -20.4531029 ] } },
{ "type": "Feature", "properties": { "Restrição de Atendimento": "ESCOLA EM FUNCIONAMENTO E SEM RESTRIÇÃO DE ATENDIMENTO", "Nome": "EE PROFª CLARINDA MENDES DE AQUINO", "Código INEP": 50028880, "UF": "MS", "Município": "Campo Grande", "Localização": "Urbana", "Localidade Diferenciada": "A escola não está em área de localização diferenciada", "Categoria Administrativa": "Pública", "Endereço": "AVENIDA MURILO ROLIM JUNIOR, 200 JARDIM PETROPOLIS. 79102-100 Campo Grande - MS.", "Telefone": "(67) 33638499", "Tipo": "Estadual", "Categoria Escola Privada": "Não Informado", "Conveniada Poder Público": "Não", "Regulamentação pelo Conselho de Educação": "Sim", "Porte da Escola": "Entre 201 e 500 matrículas de escolarização", "Etapas e Modalidade de Ensino Oferecidas": "Ensino Fundamental, Ensino Médio", "Outras Ofertas Educacionais": "Atendimento Educacional Especializado, Atividade Complementar", "Latitude": "-204.547.955", "Longitude": "-546.691.496", "Lat tratada": -20.4547955, "Long tratada": -54.6691496, "field_22": null, "field_23": null, "field_24": null, "field_25": null }, "geometry": { "type": "Point", "coordinates": [ -54.6691496, -20.4547955 ] } },
{ "type": "Feature", "properties": { "Restrição de Atendimento": "ESCOLA EM FUNCIONAMENTO E SEM RESTRIÇÃO DE ATENDIMENTO", "Nome": "COLEGIO NOVA DIMENSAO SS LTDA", "Código INEP": 50028987, "UF": "MS", "Município": "Campo Grande", "Localização": "Urbana", "Localidade Diferenciada": "A escola não está em área de localização diferenciada", "Categoria Administrativa": "Privada", "Endereço": "RUA ANA LUIZA DE SOUZA, 1390 PIONEIROS. 79070-140 Campo Grande - MS.", "Telefone": "(67) 33137068", "Tipo": "Privada", "Categoria Escola Privada": "Particular", "Conveniada Poder Público": "Não", "Regulamentação pelo Conselho de Educação": "Sim", "Porte da Escola": "Entre 201 e 500 matrículas de escolarização", "Etapas e Modalidade de Ensino Oferecidas": "Ensino Fundamental", "Outras Ofertas Educacionais": null, "Latitude": "-205.188.143", "Longitude": "-54.617.027", "Lat tratada": -20.5188143, "Long tratada": -54.617027, "field_22": null, "field_23": null, "field_24": null, "field_25": null }, "geometry": { "type": "Point", "coordinates": [ -54.617027, -20.5188143 ] } },
{ "type": "Feature", "properties": { "Restrição de Atendimento": "ESCOLA EM FUNCIONAMENTO E SEM RESTRIÇÃO DE ATENDIMENTO", "Nome": "EMEI PASCOALA VERA RIOS", "Código INEP": 50029061, "UF": "MS", "Município": "Campo Grande", "Localização": "Urbana", "Localidade Diferenciada": "A escola não está em área de localização diferenciada", "Categoria Administrativa": "Pública", "Endereço": "RUA ANTONIO DE CASTILHO, 253 IRACY COELHO NETTO. 79074-310 Campo Grande - MS.", "Telefone": "(67) 20204267", "Tipo": "Municipal", "Categoria Escola Privada": "Não Informado", "Conveniada Poder Público": "Não", "Regulamentação pelo Conselho de Educação": "Sim", "Porte da Escola": "Entre 201 e 500 matrículas de escolarização", "Etapas e Modalidade de Ensino Oferecidas": "Educação Infantil", "Outras Ofertas Educacionais": null, "Latitude": "-2.053.451.818", "Longitude": "-5.464.506.587", "Lat tratada": -20.53451818, "Long tratada": -54.64506587, "field_22": null, "field_23": null, "field_24": null, "field_25": null }, "geometry": { "type": "Point", "coordinates": [ -54.64506587, -20.53451818 ] } },
{ "type": "Feature", "properties": { "Restrição de Atendimento": "ESCOLA EM FUNCIONAMENTO E SEM RESTRIÇÃO DE ATENDIMENTO", "Nome": "EMEI JOANA MENDES DOS SANTOS", "Código INEP": 50029088, "UF": "MS", "Município": "Campo Grande", "Localização": "Urbana", "Localidade Diferenciada": "A escola não está em área de localização diferenciada", "Categoria Administrativa": "Pública", "Endereço": "RUA DARIO ANHAIA FILHO, PARQUE DO SOL. 79075-060 Campo Grande - MS.", "Telefone": "(67) 20204233", "Tipo": "Municipal", "Categoria Escola Privada": "Não Informado", "Conveniada Poder Público": "Não", "Regulamentação pelo Conselho de Educação": "Sim", "Porte da Escola": "Entre 201 e 500 matrículas de escolarização", "Etapas e Modalidade de Ensino Oferecidas": "Educação Infantil", "Outras Ofertas Educacionais": null, "Latitude": "-2.055.038.303", "Longitude": "-5.465.259.399", "Lat tratada": -20.55038303, "Long tratada": -54.65259399, "field_22": null, "field_23": null, "field_24": null, "field_25": null }, "geometry": { "type": "Point", "coordinates": [ -54.65259399, -20.55038303 ] } },
{ "type": "Feature", "properties": { "Restrição de Atendimento": "ESCOLA EM FUNCIONAMENTO E SEM RESTRIÇÃO DE ATENDIMENTO", "Nome": "EMEI JARDIM CARIOCA", "Código INEP": 50029096, "UF": "MS", "Município": "Campo Grande", "Localização": "Urbana", "Localidade Diferenciada": "A escola não está em área de localização diferenciada", "Categoria Administrativa": "Pública", "Endereço": "AVENIDA 7, 1546 JARDIM CARIOCA. 79104-710 Campo Grande - MS.", "Telefone": "(67) 20204231", "Tipo": "Municipal", "Categoria Escola Privada": "Não Informado", "Conveniada Poder Público": "Não", "Regulamentação pelo Conselho de Educação": "Sim", "Porte da Escola": "Entre 201 e 500 matrículas de escolarização", "Etapas e Modalidade de Ensino Oferecidas": "Educação Infantil", "Outras Ofertas Educacionais": null, "Latitude": "-204.687.547", "Longitude": "-547.065.915", "Lat tratada": -20.4687547, "Long tratada": -54.7065915, "field_22": null, "field_23": null, "field_24": null, "field_25": null }, "geometry": { "type": "Point", "coordinates": [ -54.7065915, -20.4687547 ] } },
{ "type": "Feature", "properties": { "Restrição de Atendimento": "ESCOLA EM FUNCIONAMENTO E SEM RESTRIÇÃO DE ATENDIMENTO", "Nome": "EMEI ENGENHEIRO VALDEMIR CORREA DE RESENDE", "Código INEP": 50029100, "UF": "MS", "Município": "Campo Grande", "Localização": "Urbana", "Localidade Diferenciada": "A escola não está em área de localização diferenciada", "Categoria Administrativa": "Pública", "Endereço": "RUA CATIGUA, 620 JARDIM CANGURU. 79072-269 Campo Grande - MS.", "Telefone": "(67) 20204222", "Tipo": "Municipal", "Categoria Escola Privada": "Não Informado", "Conveniada Poder Público": "Não", "Regulamentação pelo Conselho de Educação": "Sim", "Porte da Escola": "Entre 201 e 500 matrículas de escolarização", "Etapas e Modalidade de Ensino Oferecidas": "Educação Infantil", "Outras Ofertas Educacionais": null, "Latitude": "-2.054.027.959", "Longitude": "-5.460.801.744", "Lat tratada": -20.54027959, "Long tratada": -54.60801744, "field_22": null, "field_23": null, "field_24": null, "field_25": null }, "geometry": { "type": "Point", "coordinates": [ -54.60801744, -20.54027959 ] } },
{ "type": "Feature", "properties": { "Restrição de Atendimento": "ESCOLA EM FUNCIONAMENTO E SEM RESTRIÇÃO DE ATENDIMENTO", "Nome": "EM PROFª ARLENE MARQUES ALMEIDA", "Código INEP": 50029118, "UF": "MS", "Município": "Campo Grande", "Localização": "Urbana", "Localidade Diferenciada": "A escola não está em área de localização diferenciada", "Categoria Administrativa": "Pública", "Endereço": "RUA CATIGUA, 694 JARDIM CANGURU. 79072-269 Campo Grande - MS.", "Telefone": "(67) 20204125", "Tipo": "Municipal", "Categoria Escola Privada": "Não Informado", "Conveniada Poder Público": "Não", "Regulamentação pelo Conselho de Educação": "Sim", "Porte da Escola": "Mais de 1000 matrículas de escolarização", "Etapas e Modalidade de Ensino Oferecidas": "Educação Infantil, Ensino Fundamental", "Outras Ofertas Educacionais": "Atendimento Educacional Especializado, Atividade Complementar", "Latitude": "-205.413.168", "Longitude": "-546.083.403", "Lat tratada": -20.5413168, "Long tratada": -54.6083403, "field_22": null, "field_23": null, "field_24": null, "field_25": null }, "geometry": { "type": "Point", "coordinates": [ -54.6083403, -20.5413168 ] } },
{ "type": "Feature", "properties": { "Restrição de Atendimento": "ESCOLA EM FUNCIONAMENTO E SEM RESTRIÇÃO DE ATENDIMENTO", "Nome": "CENTRO DE ENSINO IMPACTO SS LTDA - ME", "Código INEP": 50029258, "UF": "MS", "Município": "Campo Grande", "Localização": "Urbana", "Localidade Diferenciada": "A escola não está em área de localização diferenciada", "Categoria Administrativa": "Privada", "Endereço": "RUA DAS GARCAS, 1776 VILA SUICA. 79020-180 Campo Grande - MS.", "Telefone": "(67) 30255585", "Tipo": "Privada", "Categoria Escola Privada": "Particular", "Conveniada Poder Público": "Não", "Regulamentação pelo Conselho de Educação": "Sim", "Porte da Escola": "Entre 51 e 200 matrículas de escolarização", "Etapas e Modalidade de Ensino Oferecidas": "Ensino Médio", "Outras Ofertas Educacionais": null, "Latitude": "-2.045.009", "Longitude": "-5.459.645", "Lat tratada": -20.45009, "Long tratada": -54.59645, "field_22": null, "field_23": null, "field_24": null, "field_25": null }, "geometry": { "type": "Point", "coordinates": [ -54.59645, -20.45009 ] } },
{ "type": "Feature", "properties": { "Restrição de Atendimento": "ESCOLA EM FUNCIONAMENTO E SEM RESTRIÇÃO DE ATENDIMENTO", "Nome": "COLEGIO CBA ABC", "Código INEP": 50029266, "UF": "MS", "Município": "Campo Grande", "Localização": "Urbana", "Localidade Diferenciada": "A escola não está em área de localização diferenciada", "Categoria Administrativa": "Privada", "Endereço": "RUA ANTONIO CORREA, JARDIM PAULISTA. 79050-210 Campo Grande - MS.", "Telefone": "(67) 30423802", "Tipo": "Privada", "Categoria Escola Privada": "Particular", "Conveniada Poder Público": "Não", "Regulamentação pelo Conselho de Educação": "Sim", "Porte da Escola": "Entre 201 e 500 matrículas de escolarização", "Etapas e Modalidade de Ensino Oferecidas": "Ensino Fundamental, Ensino Médio", "Outras Ofertas Educacionais": null, "Latitude": "-2.048.652", "Longitude": "-5.460.794", "Lat tratada": -20.48652, "Long tratada": -54.60794, "field_22": null, "field_23": null, "field_24": null, "field_25": null }, "geometry": { "type": "Point", "coordinates": [ -54.60794, -20.48652 ] } },
{ "type": "Feature", "properties": { "Restrição de Atendimento": "ESCOLA EM FUNCIONAMENTO E SEM RESTRIÇÃO DE ATENDIMENTO", "Nome": "EE POLO PROFª REGINA LUCIA ANFFE NUNES BETINE", "Código INEP": 50029371, "UF": "MS", "Município": "Campo Grande", "Localização": "Urbana", "Localidade Diferenciada": "A escola não está em área de localização diferenciada", "Categoria Administrativa": "Pública", "Endereço": "RUA TREZE DE MAIO, 1090 4º ANDAR. CENTRO. 79004-420 Campo Grande - MS.", "Telefone": "(67) 33572300", "Tipo": "Estadual", "Categoria Escola Privada": "Não Informado", "Conveniada Poder Público": "Não", "Regulamentação pelo Conselho de Educação": "Sim", "Porte da Escola": "Entre 501 e 1000 matrículas de escolarização", "Etapas e Modalidade de Ensino Oferecidas": "Educação de Jovens Adultos", "Outras Ofertas Educacionais": "Atividade Complementar", "Latitude": "-204.754.208", "Longitude": "-546.133.036", "Lat tratada": -20.4754208, "Long tratada": -54.6133036, "field_22": null, "field_23": null, "field_24": null, "field_25": null }, "geometry": { "type": "Point", "coordinates": [ -54.6133036, -20.4754208 ] } },
{ "type": "Feature", "properties": { "Restrição de Atendimento": "ESCOLA EM FUNCIONAMENTO E SEM RESTRIÇÃO DE ATENDIMENTO", "Nome": "EMEI PROF VALDOMIRO ALVES GONCALVES", "Código INEP": 50029380, "UF": "MS", "Município": "Campo Grande", "Localização": "Urbana", "Localidade Diferenciada": "A escola não está em área de localização diferenciada", "Categoria Administrativa": "Pública", "Endereço": "RUA MOCAMBIQUE, 373 QUADRA 29 A. JARDIM CENTENARIO. 79076-020 Campo Grande - MS.", "Telefone": "(67) 20204275", "Tipo": "Municipal", "Categoria Escola Privada": "Não Informado", "Conveniada Poder Público": "Não", "Regulamentação pelo Conselho de Educação": "Sim", "Porte da Escola": "Entre 201 e 500 matrículas de escolarização", "Etapas e Modalidade de Ensino Oferecidas": "Educação Infantil", "Outras Ofertas Educacionais": null, "Latitude": "-205.362.824", "Longitude": "-5.465.128.792", "Lat tratada": -20.5362824, "Long tratada": -54.65128792, "field_22": null, "field_23": null, "field_24": null, "field_25": null }, "geometry": { "type": "Point", "coordinates": [ -54.65128792, -20.5362824 ] } },
{ "type": "Feature", "properties": { "Restrição de Atendimento": "ESCOLA EM FUNCIONAMENTO E SEM RESTRIÇÃO DE ATENDIMENTO", "Nome": "EMEI CLOTILDE CHAIA", "Código INEP": 50029398, "UF": "MS", "Município": "Campo Grande", "Localização": "Urbana", "Localidade Diferenciada": "A escola não está em área de localização diferenciada", "Categoria Administrativa": "Pública", "Endereço": "RUA ARACAJU, 754 JARDIM IMA. 79102-030 Campo Grande - MS.", "Telefone": "(67) 20204214", "Tipo": "Municipal", "Categoria Escola Privada": "Não Informado", "Conveniada Poder Público": "Não", "Regulamentação pelo Conselho de Educação": "Sim", "Porte da Escola": "Entre 51 e 200 matrículas de escolarização", "Etapas e Modalidade de Ensino Oferecidas": "Educação Infantil", "Outras Ofertas Educacionais": null, "Latitude": "-2.045.019.837", "Longitude": "-5.465.983.837", "Lat tratada": -20.45019837, "Long tratada": -54.65983837, "field_22": null, "field_23": null, "field_24": null, "field_25": null }, "geometry": { "type": "Point", "coordinates": [ -54.65983837, -20.45019837 ] } },
{ "type": "Feature", "properties": { "Restrição de Atendimento": "ESCOLA EM FUNCIONAMENTO E SEM RESTRIÇÃO DE ATENDIMENTO", "Nome": "EMEI TIA EVA", "Código INEP": 50029584, "UF": "MS", "Município": "Campo Grande", "Localização": "Urbana", "Localidade Diferenciada": "Área remanescente de quilombos", "Categoria Administrativa": "Pública", "Endereço": "RUA CIRO NANTES DA SILVEIRA, 228 JARDIM SEMINARIO. 79118-400 Campo Grande - MS.", "Telefone": "(67) 20204293", "Tipo": "Municipal", "Categoria Escola Privada": "Não Informado", "Conveniada Poder Público": "Não", "Regulamentação pelo Conselho de Educação": "Sim", "Porte da Escola": "Entre 51 e 200 matrículas de escolarização", "Etapas e Modalidade de Ensino Oferecidas": "Educação Infantil", "Outras Ofertas Educacionais": null, "Latitude": "-204.251.872", "Longitude": "-546.157.538", "Lat tratada": -20.4251872, "Long tratada": -54.6157538, "field_22": null, "field_23": null, "field_24": null, "field_25": null }, "geometry": { "type": "Point", "coordinates": [ -54.6157538, -20.4251872 ] } },
{ "type": "Feature", "properties": { "Restrição de Atendimento": "ESCOLA EM FUNCIONAMENTO E SEM RESTRIÇÃO DE ATENDIMENTO", "Nome": "COLEGIO VIDA FELIZ", "Código INEP": 50029657, "UF": "MS", "Município": "Campo Grande", "Localização": "Urbana", "Localidade Diferenciada": "A escola não está em área de localização diferenciada", "Categoria Administrativa": "Privada", "Endereço": "RUA RONALD DE CARVALHO, 275 NUCLEO HABITACIONAL UNIVERSITARIAS. 79071-375 Campo Grande - MS.", "Telefone": "(67) 33881801", "Tipo": "Privada", "Categoria Escola Privada": "Particular", "Conveniada Poder Público": "Não", "Regulamentação pelo Conselho de Educação": "Sim", "Porte da Escola": "Entre 201 e 500 matrículas de escolarização", "Etapas e Modalidade de Ensino Oferecidas": "Educação Infantil, Ensino Fundamental", "Outras Ofertas Educacionais": null, "Latitude": "-205.338.522", "Longitude": "-546.151.935", "Lat tratada": -20.5338522, "Long tratada": -54.6151935, "field_22": null, "field_23": null, "field_24": null, "field_25": null }, "geometry": { "type": "Point", "coordinates": [ -54.6151935, -20.5338522 ] } },
{ "type": "Feature", "properties": { "Restrição de Atendimento": "ESCOLA EM FUNCIONAMENTO E SEM RESTRIÇÃO DE ATENDIMENTO", "Nome": "COLEGIO VIDA E LUZ", "Código INEP": 50029673, "UF": "MS", "Município": "Campo Grande", "Localização": "Urbana", "Localidade Diferenciada": "A escola não está em área de localização diferenciada", "Categoria Administrativa": "Privada", "Endereço": "RUA DA PRAIA, 1366 COOPHAVILA II. 79097-070 Campo Grande - MS.", "Telefone": "(67) 33732370", "Tipo": "Privada", "Categoria Escola Privada": "Particular", "Conveniada Poder Público": "Não", "Regulamentação pelo Conselho de Educação": "Sim", "Porte da Escola": "Entre 51 e 200 matrículas de escolarização", "Etapas e Modalidade de Ensino Oferecidas": "Educação Infantil, Ensino Fundamental", "Outras Ofertas Educacionais": null, "Latitude": "-2.053.983", "Longitude": "-5.466.493", "Lat tratada": -20.53983, "Long tratada": -54.66493, "field_22": null, "field_23": null, "field_24": null, "field_25": null }, "geometry": { "type": "Point", "coordinates": [ -54.66493, -20.53983 ] } },
{ "type": "Feature", "properties": { "Restrição de Atendimento": "ESCOLA EM FUNCIONAMENTO E SEM RESTRIÇÃO DE ATENDIMENTO", "Nome": "ESCOLA BATISTA ERILASIO NOGUEIRA", "Código INEP": 50029940, "UF": "MS", "Município": "Campo Grande", "Localização": "Urbana", "Localidade Diferenciada": "A escola não está em área de localização diferenciada", "Categoria Administrativa": "Privada", "Endereço": "RUA FLORIANOPOLIS, 765 JARDIM IMA. 79102-220 Campo Grande - MS.", "Telefone": "(67) 33634393", "Tipo": "Privada", "Categoria Escola Privada": "Particular", "Conveniada Poder Público": "Não", "Regulamentação pelo Conselho de Educação": "Sim", "Porte da Escola": "Entre 201 e 500 matrículas de escolarização", "Etapas e Modalidade de Ensino Oferecidas": "Educação Infantil, Ensino Fundamental, Ensino Médio", "Outras Ofertas Educacionais": null, "Latitude": "-204.544", "Longitude": "-5.466.598", "Lat tratada": -20.4544, "Long tratada": -54.66598, "field_22": null, "field_23": null, "field_24": null, "field_25": null }, "geometry": { "type": "Point", "coordinates": [ -54.66598, -20.4544 ] } },
{ "type": "Feature", "properties": { "Restrição de Atendimento": "ESCOLA EM FUNCIONAMENTO E SEM RESTRIÇÃO DE ATENDIMENTO", "Nome": "NOTA 10 - UNIDADE GARCAS", "Código INEP": 50030116, "UF": "MS", "Município": "Campo Grande", "Localização": "Urbana", "Localidade Diferenciada": "A escola não está em área de localização diferenciada", "Categoria Administrativa": "Privada", "Endereço": "RUA PADRE JOAO CRIPPA, 2371 MONTE CASTELO. 79010-180 Campo Grande - MS.", "Telefone": "(67) 33045132", "Tipo": "Privada", "Categoria Escola Privada": "Particular", "Conveniada Poder Público": "Não", "Regulamentação pelo Conselho de Educação": "Sim", "Porte da Escola": "Entre 501 e 1000 matrículas de escolarização", "Etapas e Modalidade de Ensino Oferecidas": "Ensino Fundamental, Ensino Médio", "Outras Ofertas Educacionais": null, "Latitude": "-2.045.211.312", "Longitude": "-5.461.144.221", "Lat tratada": -20.45211312, "Long tratada": -54.61144221, "field_22": null, "field_23": null, "field_24": null, "field_25": null }, "geometry": { "type": "Point", "coordinates": [ -54.61144221, -20.45211312 ] } },
{ "type": "Feature", "properties": { "Restrição de Atendimento": "ESCOLA EM FUNCIONAMENTO E SEM RESTRIÇÃO DE ATENDIMENTO", "Nome": "EMEI JOSE RAMAO CANTERO", "Código INEP": 50030221, "UF": "MS", "Município": "Campo Grande", "Localização": "Urbana", "Localidade Diferenciada": "A escola não está em área de localização diferenciada", "Categoria Administrativa": "Pública", "Endereço": "RUA PALMEIRAIS, 102 JARDIM FUTURISTA. 79034-500 Campo Grande - MS.", "Telefone": "(67) 20204237", "Tipo": "Municipal", "Categoria Escola Privada": "Não Informado", "Conveniada Poder Público": "Não", "Regulamentação pelo Conselho de Educação": "Sim", "Porte da Escola": "Entre 51 e 200 matrículas de escolarização", "Etapas e Modalidade de Ensino Oferecidas": "Educação Infantil", "Outras Ofertas Educacionais": null, "Latitude": "-2.043.000.431", "Longitude": "-5.456.058.299", "Lat tratada": -20.43000431, "Long tratada": -54.56058299, "field_22": null, "field_23": null, "field_24": null, "field_25": null }, "geometry": { "type": "Point", "coordinates": [ -54.56058299, -20.43000431 ] } },
{ "type": "Feature", "properties": { "Restrição de Atendimento": "ESCOLA EM FUNCIONAMENTO E SEM RESTRIÇÃO DE ATENDIMENTO", "Nome": "EMEI SONIA HELENA BALDO BERNARDO DOS SANTOS", "Código INEP": 50030230, "UF": "MS", "Município": "Campo Grande", "Localização": "Urbana", "Localidade Diferenciada": "A escola não está em área de localização diferenciada", "Categoria Administrativa": "Pública", "Endereço": "RUA TRES PODERES, S/N JARDIM PANORAMA. 79044-681 Campo Grande - MS.", "Telefone": "(67) 20204292", "Tipo": "Municipal", "Categoria Escola Privada": "Não Informado", "Conveniada Poder Público": "Não", "Regulamentação pelo Conselho de Educação": "Sim", "Porte da Escola": "Entre 201 e 500 matrículas de escolarização", "Etapas e Modalidade de Ensino Oferecidas": "Educação Infantil", "Outras Ofertas Educacionais": null, "Latitude": "-204.716.004", "Longitude": "-545.435.017", "Lat tratada": -20.4716004, "Long tratada": -54.5435017, "field_22": null, "field_23": null, "field_24": null, "field_25": null }, "geometry": { "type": "Point", "coordinates": [ -54.5435017, -20.4716004 ] } },
{ "type": "Feature", "properties": { "Restrição de Atendimento": "ESCOLA EM FUNCIONAMENTO E SEM RESTRIÇÃO DE ATENDIMENTO", "Nome": "EMEI PROF LAURA RODRIGUES DE OLIVEIRA", "Código INEP": 50030248, "UF": "MS", "Município": "Campo Grande", "Localização": "Urbana", "Localidade Diferenciada": "A escola não está em área de localização diferenciada", "Categoria Administrativa": "Pública", "Endereço": "RUA ARACY PEREIRA DE MATOS, 50 JARDIM MOEMA. 79063-280 Campo Grande - MS.", "Telefone": "(67) 20204281", "Tipo": "Municipal", "Categoria Escola Privada": "Não Informado", "Conveniada Poder Público": "Não", "Regulamentação pelo Conselho de Educação": "Sim", "Porte da Escola": "Entre 201 e 500 matrículas de escolarização", "Etapas e Modalidade de Ensino Oferecidas": "Educação Infantil", "Outras Ofertas Educacionais": null, "Latitude": "-2.052.509.723", "Longitude": "-5.458.205.555", "Lat tratada": -20.52509723, "Long tratada": -54.58205555, "field_22": null, "field_23": null, "field_24": null, "field_25": null }, "geometry": { "type": "Point", "coordinates": [ -54.58205555, -20.52509723 ] } },
{ "type": "Feature", "properties": { "Restrição de Atendimento": "ESCOLA EM FUNCIONAMENTO E SEM RESTRIÇÃO DE ATENDIMENTO", "Nome": "CENTRO DE EDUCACAO PROFISSIONAL EZEQUIEL FERREIRA LIMA", "Código INEP": 50030272, "UF": "MS", "Município": "Campo Grande", "Localização": "Urbana", "Localidade Diferenciada": "A escola não está em área de localização diferenciada", "Categoria Administrativa": "Pública", "Endereço": "RUA ANTONIO DA SILVA VENDAS, 115 JARDIM BELA VISTA. 79003-250 Campo Grande - MS.", "Telefone": "(67) 33579000", "Tipo": "Estadual", "Categoria Escola Privada": "Não Informado", "Conveniada Poder Público": "Não", "Regulamentação pelo Conselho de Educação": "Sim", "Porte da Escola": "Entre 501 e 1000 matrículas de escolarização", "Etapas e Modalidade de Ensino Oferecidas": "Ensino Médio, Educação Profissional", "Outras Ofertas Educacionais": null, "Latitude": "-204.734.879", "Longitude": "-545.908.051", "Lat tratada": -20.4734879, "Long tratada": -54.5908051, "field_22": null, "field_23": null, "field_24": null, "field_25": null }, "geometry": { "type": "Point", "coordinates": [ -54.5908051, -20.4734879 ] } },
{ "type": "Feature", "properties": { "Restrição de Atendimento": "ESCOLA EM FUNCIONAMENTO E SEM RESTRIÇÃO DE ATENDIMENTO", "Nome": "ESCOLA SALESIANA SAO DOMINGOS SAVIO", "Código INEP": 50030310, "UF": "MS", "Município": "Campo Grande", "Localização": "Urbana", "Localidade Diferenciada": "A escola não está em área de localização diferenciada", "Categoria Administrativa": "Privada", "Endereço": "RUA MARECHAL CAMARA, 1498, BAIRRO SEMINARIO. 79118-521 Campo Grande - MS.", "Telefone": "(67) 981533926", "Tipo": "Privada", "Categoria Escola Privada": "Filantrópica", "Conveniada Poder Público": "Não", "Regulamentação pelo Conselho de Educação": "Sim", "Porte da Escola": "Entre 51 e 200 matrículas de escolarização", "Etapas e Modalidade de Ensino Oferecidas": "Educação Infantil, Ensino Fundamental", "Outras Ofertas Educacionais": null, "Latitude": "-20.410.323", "Longitude": "-546.165.207", "Lat tratada": -20.410323, "Long tratada": -54.6165207, "field_22": null, "field_23": null, "field_24": null, "field_25": null }, "geometry": { "type": "Point", "coordinates": [ -54.6165207, -20.410323 ] } },
{ "type": "Feature", "properties": { "Restrição de Atendimento": "ESCOLA EM FUNCIONAMENTO E SEM RESTRIÇÃO DE ATENDIMENTO", "Nome": "COLEGIO DE ENSINO MEDIO NOVA GERACAO", "Código INEP": 50030469, "UF": "MS", "Município": "Campo Grande", "Localização": "Urbana", "Localidade Diferenciada": "A escola não está em área de localização diferenciada", "Categoria Administrativa": "Privada", "Endereço": "RUA ALBERT SABIN, 875 VILA TAVEIRPOLIS. 79090-160 Campo Grande - MS.", "Telefone": "(67) 33311591", "Tipo": "Privada", "Categoria Escola Privada": "Particular", "Conveniada Poder Público": "Não", "Regulamentação pelo Conselho de Educação": "Sim", "Porte da Escola": "Entre 201 e 500 matrículas de escolarização", "Etapas e Modalidade de Ensino Oferecidas": "Ensino Médio", "Outras Ofertas Educacionais": null, "Latitude": "-2.047.561", "Longitude": "-5.464.475", "Lat tratada": -20.47561, "Long tratada": -54.64475, "field_22": null, "field_23": null, "field_24": null, "field_25": null }, "geometry": { "type": "Point", "coordinates": [ -54.64475, -20.47561 ] } },
{ "type": "Feature", "properties": { "Restrição de Atendimento": "ESCOLA EM FUNCIONAMENTO E SEM RESTRIÇÃO DE ATENDIMENTO", "Nome": "CEC-COLEGIO EVANGELICO CAMPO-GRANDENSE", "Código INEP": 50030485, "UF": "MS", "Município": "Campo Grande", "Localização": "Urbana", "Localidade Diferenciada": "A escola não está em área de localização diferenciada", "Categoria Administrativa": "Privada", "Endereço": "AVENIDA MATO GROSSO, 1123 CENTRO. 79002-231 Campo Grande - MS.", "Telefone": "(67) 33833961", "Tipo": "Privada", "Categoria Escola Privada": "Particular", "Conveniada Poder Público": "Não", "Regulamentação pelo Conselho de Educação": "Sim", "Porte da Escola": "Entre 201 e 500 matrículas de escolarização", "Etapas e Modalidade de Ensino Oferecidas": "Educação Infantil, Ensino Fundamental", "Outras Ofertas Educacionais": null, "Latitude": "-2.045.448", "Longitude": "-5.460.952", "Lat tratada": -20.45448, "Long tratada": -54.60952, "field_22": null, "field_23": null, "field_24": null, "field_25": null }, "geometry": { "type": "Point", "coordinates": [ -54.60952, -20.45448 ] } },
{ "type": "Feature", "properties": { "Restrição de Atendimento": "ESCOLA EM FUNCIONAMENTO E SEM RESTRIÇÃO DE ATENDIMENTO", "Nome": "COLEGIO BIONATUS", "Código INEP": 50030582, "UF": "MS", "Município": "Campo Grande", "Localização": "Urbana", "Localidade Diferenciada": "A escola não está em área de localização diferenciada", "Categoria Administrativa": "Privada", "Endereço": "RUA RIO GRANDE DO SUL, 1000 JARDIM DOS ESTADOS. 79020-010 Campo Grande - MS.", "Telefone": "(67) 33218196", "Tipo": "Privada", "Categoria Escola Privada": "Particular", "Conveniada Poder Público": "Não", "Regulamentação pelo Conselho de Educação": "Sim", "Porte da Escola": "Entre 201 e 500 matrículas de escolarização", "Etapas e Modalidade de Ensino Oferecidas": "Ensino Fundamental, Ensino Médio", "Outras Ofertas Educacionais": null, "Latitude": "-2.045.529", "Longitude": "-5.460.044", "Lat tratada": -20.45529, "Long tratada": -54.60044, "field_22": null, "field_23": null, "field_24": null, "field_25": null }, "geometry": { "type": "Point", "coordinates": [ -54.60044, -20.45529 ] } },
{ "type": "Feature", "properties": { "Restrição de Atendimento": "ESCOLA EM FUNCIONAMENTO E SEM RESTRIÇÃO DE ATENDIMENTO", "Nome": "LAR CRECHE NOSSA SENHORA DO PERPETUO SOCORRO", "Código INEP": 50030604, "UF": "MS", "Município": "Campo Grande", "Localização": "Urbana", "Localidade Diferenciada": "A escola não está em área de localização diferenciada", "Categoria Administrativa": "Privada", "Endereço": "RUA VILLA LOBOS, 275 CAICARA. 79090-221 Campo Grande - MS.", "Telefone": "(67) 30423591", "Tipo": "Privada", "Categoria Escola Privada": "Filantrópica", "Conveniada Poder Público": "Sim", "Regulamentação pelo Conselho de Educação": "Sim", "Porte da Escola": "Entre 51 e 200 matrículas de escolarização", "Etapas e Modalidade de Ensino Oferecidas": "Educação Infantil", "Outras Ofertas Educacionais": null, "Latitude": "-204.816.136", "Longitude": "-546.524.485", "Lat tratada": -20.4816136, "Long tratada": -54.6524485, "field_22": null, "field_23": null, "field_24": null, "field_25": null }, "geometry": { "type": "Point", "coordinates": [ -54.6524485, -20.4816136 ] } },
{ "type": "Feature", "properties": { "Restrição de Atendimento": "ESCOLA EM FUNCIONAMENTO E SEM RESTRIÇÃO DE ATENDIMENTO", "Nome": "ESCOLA DESPERTAR", "Código INEP": 50030787, "UF": "MS", "Município": "Campo Grande", "Localização": "Urbana", "Localidade Diferenciada": "A escola não está em área de localização diferenciada", "Categoria Administrativa": "Privada", "Endereço": "RUA AMAZONAS, 1355 MONTE CASTELO. 79002-280 Campo Grande - MS.", "Telefone": "(67) 30277300", "Tipo": "Privada", "Categoria Escola Privada": "Particular", "Conveniada Poder Público": "Não", "Regulamentação pelo Conselho de Educação": "Sim", "Porte da Escola": "Entre 51 e 200 matrículas de escolarização", "Etapas e Modalidade de Ensino Oferecidas": "Educação Infantil", "Outras Ofertas Educacionais": null, "Latitude": "-204.468.124", "Longitude": "-546.026.757", "Lat tratada": -20.4468124, "Long tratada": -54.6026757, "field_22": null, "field_23": null, "field_24": null, "field_25": null }, "geometry": { "type": "Point", "coordinates": [ -54.6026757, -20.4468124 ] } },
{ "type": "Feature", "properties": { "Restrição de Atendimento": "ESCOLA EM FUNCIONAMENTO E SEM RESTRIÇÃO DE ATENDIMENTO", "Nome": "EM PROFESSOR JOSE DE SOUZA", "Código INEP": 50031031, "UF": "MS", "Município": "Campo Grande", "Localização": "Urbana", "Localidade Diferenciada": "A escola não está em área de localização diferenciada", "Categoria Administrativa": "Pública", "Endereço": "RUA DAS CAMELIAS, S/N NUCLEO HABITACIONAL BURITI. 79091-020 Campo Grande - MS.", "Telefone": "(67) 20204099", "Tipo": "Municipal", "Categoria Escola Privada": "Não Informado", "Conveniada Poder Público": "Não", "Regulamentação pelo Conselho de Educação": "Sim", "Porte da Escola": "Mais de 1000 matrículas de escolarização", "Etapas e Modalidade de Ensino Oferecidas": "Educação Infantil, Ensino Fundamental", "Outras Ofertas Educacionais": "Atendimento Educacional Especializado, Atividade Complementar", "Latitude": "-204.862.111", "Longitude": "-546.619.633", "Lat tratada": -20.4862111, "Long tratada": -54.6619633, "field_22": null, "field_23": null, "field_24": null, "field_25": null }, "geometry": { "type": "Point", "coordinates": [ -54.6619633, -20.4862111 ] } },
{ "type": "Feature", "properties": { "Restrição de Atendimento": "ESCOLA EM FUNCIONAMENTO E SEM RESTRIÇÃO DE ATENDIMENTO", "Nome": "EM PROFESSOR ARASSUAY GOMES DE CASTRO", "Código INEP": 50031040, "UF": "MS", "Município": "Campo Grande", "Localização": "Urbana", "Localidade Diferenciada": "A escola não está em área de localização diferenciada", "Categoria Administrativa": "Pública", "Endereço": "RUA SAO VICENTE DE PAULA, 654 VILA MIGUEL COUTO. 79040-240 Campo Grande - MS.", "Telefone": "(67) 20204087", "Tipo": "Municipal", "Categoria Escola Privada": "Não Informado", "Conveniada Poder Público": "Não", "Regulamentação pelo Conselho de Educação": "Sim", "Porte da Escola": "Entre 501 e 1000 matrículas de escolarização", "Etapas e Modalidade de Ensino Oferecidas": "Educação Infantil, Ensino Fundamental", "Outras Ofertas Educacionais": "Atendimento Educacional Especializado, Atividade Complementar", "Latitude": "-20.469.528", "Longitude": "-545.864.619", "Lat tratada": -20.469528, "Long tratada": -54.5864619, "field_22": null, "field_23": null, "field_24": null, "field_25": null }, "geometry": { "type": "Point", "coordinates": [ -54.5864619, -20.469528 ] } },
{ "type": "Feature", "properties": { "Restrição de Atendimento": "ESCOLA EM FUNCIONAMENTO E SEM RESTRIÇÃO DE ATENDIMENTO", "Nome": "COLEGIO CLASSE A", "Código INEP": 50031163, "UF": "MS", "Município": "Campo Grande", "Localização": "Urbana", "Localidade Diferenciada": "A escola não está em área de localização diferenciada", "Categoria Administrativa": "Privada", "Endereço": "RUA AMAZONAS, 785 MONTE CASTELO. 79010-060 Campo Grande - MS.", "Telefone": "(67) 33269421", "Tipo": "Privada", "Categoria Escola Privada": "Particular", "Conveniada Poder Público": "Não", "Regulamentação pelo Conselho de Educação": "Sim", "Porte da Escola": "Entre 201 e 500 matrículas de escolarização", "Etapas e Modalidade de Ensino Oferecidas": "Ensino Fundamental, Ensino Médio", "Outras Ofertas Educacionais": null, "Latitude": "-204.475.837", "Longitude": "-546.110.895", "Lat tratada": -20.4475837, "Long tratada": -54.6110895, "field_22": null, "field_23": null, "field_24": null, "field_25": null }, "geometry": { "type": "Point", "coordinates": [ -54.6110895, -20.4475837 ] } },
{ "type": "Feature", "properties": { "Restrição de Atendimento": "ESCOLA EXCLUSIVA DE ATENDIMENTO EDUCACIONAL ESPECIALIZADO", "Nome": "CENTRO DE CAPACITACAO DE PROFISSIONAIS DA EDUCACAO E DE ATENDIMENTO AS PESSOAS COM SURDEZ - CAS", "Código INEP": 50031287, "UF": "MS", "Município": "Campo Grande", "Localização": "Urbana", "Localidade Diferenciada": "A escola não está em área de localização diferenciada", "Categoria Administrativa": "Pública", "Endereço": "RUA ANTONIO DA SILVA VENDAS, 185 JARDIM BELA VISTA. 79003-250 Campo Grande - MS.", "Telefone": "(67) 33141273", "Tipo": "Estadual", "Categoria Escola Privada": "Não Informado", "Conveniada Poder Público": "Não", "Regulamentação pelo Conselho de Educação": "Sim", "Porte da Escola": "Escola sem matrícula de escolarização", "Etapas e Modalidade de Ensino Oferecidas": null, "Outras Ofertas Educacionais": "Atendimento Educacional Especializado", "Latitude": "-204.736.311", "Longitude": "-545.905.512", "Lat tratada": -20.4736311, "Long tratada": -54.5905512, "field_22": null, "field_23": null, "field_24": null, "field_25": null }, "geometry": { "type": "Point", "coordinates": [ -54.5905512, -20.4736311 ] } },
{ "type": "Feature", "properties": { "Restrição de Atendimento": "ESCOLA EXCLUSIVA DE ATENDIMENTO EDUCACIONAL ESPECIALIZADO", "Nome": "CENTRO ESTADUAL DE EDUCACAO ESPECIAL E INCLUSIVA", "Código INEP": 50031295, "UF": "MS", "Município": "Campo Grande", "Localização": "Urbana", "Localidade Diferenciada": "A escola não está em área de localização diferenciada", "Categoria Administrativa": "Pública", "Endereço": "RUA JOAQUIM MURTINHO, 2612 ITANHANGA PARK. 79090-000 Campo Grande - MS.", "Telefone": "(67) 33141267", "Tipo": "Estadual", "Categoria Escola Privada": "Não Informado", "Conveniada Poder Público": "Não", "Regulamentação pelo Conselho de Educação": "Sim", "Porte da Escola": "Escola sem matrícula de escolarização", "Etapas e Modalidade de Ensino Oferecidas": null, "Outras Ofertas Educacionais": "Atendimento Educacional Especializado", "Latitude": "-204.666.806", "Longitude": "-546.374.111", "Lat tratada": -20.4666806, "Long tratada": -54.6374111, "field_22": null, "field_23": null, "field_24": null, "field_25": null }, "geometry": { "type": "Point", "coordinates": [ -54.6374111, -20.4666806 ] } },
{ "type": "Feature", "properties": { "Restrição de Atendimento": "ESCOLA EM FUNCIONAMENTO E SEM RESTRIÇÃO DE ATENDIMENTO", "Nome": "EM CELINA MARTINS JALLAD", "Código INEP": 50031422, "UF": "MS", "Município": "Campo Grande", "Localização": "Urbana", "Localidade Diferenciada": "A escola não está em área de localização diferenciada", "Categoria Administrativa": "Pública", "Endereço": "RUA HELLAINE DE MOURA CASTRO, 314 RESIDENCIAL OITI. 79044-184 Campo Grande - MS.", "Telefone": "(67) 20204008", "Tipo": "Municipal", "Categoria Escola Privada": "Não Informado", "Conveniada Poder Público": "Não", "Regulamentação pelo Conselho de Educação": "Sim", "Porte da Escola": "Entre 501 e 1000 matrículas de escolarização", "Etapas e Modalidade de Ensino Oferecidas": "Ensino Fundamental", "Outras Ofertas Educacionais": "Atendimento Educacional Especializado, Atividade Complementar", "Latitude": "-204.750.921", "Longitude": "-545.433.414", "Lat tratada": -20.4750921, "Long tratada": -54.5433414, "field_22": null, "field_23": null, "field_24": null, "field_25": null }, "geometry": { "type": "Point", "coordinates": [ -54.5433414, -20.4750921 ] } },
{ "type": "Feature", "properties": { "Restrição de Atendimento": "ESCOLA EM FUNCIONAMENTO E SEM RESTRIÇÃO DE ATENDIMENTO", "Nome": "CEIAN- ANANDAMOYI", "Código INEP": 50031465, "UF": "MS", "Município": "Campo Grande", "Localização": "Urbana", "Localidade Diferenciada": "A escola não está em área de localização diferenciada", "Categoria Administrativa": "Privada", "Endereço": "RUA INDIANAPOLIS, 1790 JARDIM NOROESTE. 79045-120 Campo Grande - MS.", "Telefone": "(67) 984719056", "Tipo": "Privada", "Categoria Escola Privada": "Filantrópica", "Conveniada Poder Público": "Sim", "Regulamentação pelo Conselho de Educação": "Sim", "Porte da Escola": "Entre 51 e 200 matrículas de escolarização", "Etapas e Modalidade de Ensino Oferecidas": "Educação Infantil", "Outras Ofertas Educacionais": null, "Latitude": "-2.046.114", "Longitude": "-54.534", "Lat tratada": -20.46114, "Long tratada": -54.534, "field_22": null, "field_23": null, "field_24": null, "field_25": null }, "geometry": { "type": "Point", "coordinates": [ -54.534, -20.46114 ] } },
{ "type": "Feature", "properties": { "Restrição de Atendimento": "ESCOLA EM FUNCIONAMENTO E SEM RESTRIÇÃO DE ATENDIMENTO", "Nome": "EMEI MICHELI REGINA LOCATELLI", "Código INEP": 50031503, "UF": "MS", "Município": "Campo Grande", "Localização": "Urbana", "Localidade Diferenciada": "A escola não está em área de localização diferenciada", "Categoria Administrativa": "Pública", "Endereço": "AVENIDA ENGENHEIRO LUTHERO LOPES, 600 BAIRRO AERO RANCHO. 79084-180 Campo Grande - MS.", "Telefone": "(67) 20204257", "Tipo": "Municipal", "Categoria Escola Privada": "Não Informado", "Conveniada Poder Público": "Não", "Regulamentação pelo Conselho de Educação": "Sim", "Porte da Escola": "Entre 201 e 500 matrículas de escolarização", "Etapas e Modalidade de Ensino Oferecidas": "Educação Infantil", "Outras Ofertas Educacionais": null, "Latitude": "-2.051.514.789", "Longitude": "-546.426.518", "Lat tratada": -20.51514789, "Long tratada": -54.6426518, "field_22": null, "field_23": null, "field_24": null, "field_25": null }, "geometry": { "type": "Point", "coordinates": [ -54.6426518, -20.51514789 ] } },
{ "type": "Feature", "properties": { "Restrição de Atendimento": "ESCOLA EM FUNCIONAMENTO E SEM RESTRIÇÃO DE ATENDIMENTO", "Nome": "NOTA 10 INTERNACIONAL - UNIDADE GENERAL OSORIO", "Código INEP": 50031783, "UF": "MS", "Município": "Campo Grande", "Localização": "Urbana", "Localidade Diferenciada": "A escola não está em área de localização diferenciada", "Categoria Administrativa": "Privada", "Endereço": "RUA SAO PAULO, 1060 VILA ROSA. 79010-050 Campo Grande - MS.", "Telefone": "(67) 30255861", "Tipo": "Privada", "Categoria Escola Privada": "Particular", "Conveniada Poder Público": "Não", "Regulamentação pelo Conselho de Educação": "Sim", "Porte da Escola": "Entre 501 e 1000 matrículas de escolarização", "Etapas e Modalidade de Ensino Oferecidas": "Educação Infantil, Ensino Fundamental, Ensino Médio", "Outras Ofertas Educacionais": null, "Latitude": "-2.044.777", "Longitude": "-5.460.389", "Lat tratada": -20.44777, "Long tratada": -54.60389, "field_22": null, "field_23": null, "field_24": null, "field_25": null }, "geometry": { "type": "Point", "coordinates": [ -54.60389, -20.44777 ] } },
{ "type": "Feature", "properties": { "Restrição de Atendimento": "ESCOLA EM FUNCIONAMENTO E SEM RESTRIÇÃO DE ATENDIMENTO", "Nome": "EMEI FELIPE SAFADI ALVES NOGUEIRA", "Código INEP": 50032011, "UF": "MS", "Município": "Campo Grande", "Localização": "Urbana", "Localidade Diferenciada": "A escola não está em área de localização diferenciada", "Categoria Administrativa": "Pública", "Endereço": "RUA LAGO AZUL, 115 ESQ RIO GALHEIRO. JARDIM AEROPORTO. 79106-160 Campo Grande - MS.", "Telefone": "(67) 20204223", "Tipo": "Municipal", "Categoria Escola Privada": "Não Informado", "Conveniada Poder Público": "Não", "Regulamentação pelo Conselho de Educação": "Sim", "Porte da Escola": "Entre 201 e 500 matrículas de escolarização", "Etapas e Modalidade de Ensino Oferecidas": "Educação Infantil", "Outras Ofertas Educacionais": null, "Latitude": "-204.433.387", "Longitude": "-546.886.564", "Lat tratada": -20.4433387, "Long tratada": -54.6886564, "field_22": null, "field_23": null, "field_24": null, "field_25": null }, "geometry": { "type": "Point", "coordinates": [ -54.6886564, -20.4433387 ] } },
{ "type": "Feature", "properties": { "Restrição de Atendimento": "ESCOLA EM FUNCIONAMENTO E SEM RESTRIÇÃO DE ATENDIMENTO", "Nome": "COLEGIO BIONATUS II", "Código INEP": 50032100, "UF": "MS", "Município": "Campo Grande", "Localização": "Urbana", "Localidade Diferenciada": "A escola não está em área de localização diferenciada", "Categoria Administrativa": "Privada", "Endereço": "RUA MANOEL INACIO DE SOUZA, 196 VILA SANTERIO. 79020-220 Campo Grande - MS.", "Telefone": "(67) 33218196", "Tipo": "Privada", "Categoria Escola Privada": "Particular", "Conveniada Poder Público": "Não", "Regulamentação pelo Conselho de Educação": "Sim", "Porte da Escola": "Até 50 matrículas de escolarização", "Etapas e Modalidade de Ensino Oferecidas": "Ensino Médio", "Outras Ofertas Educacionais": null, "Latitude": "-2.045.458", "Longitude": "-5.460.272", "Lat tratada": -20.45458, "Long tratada": -54.60272, "field_22": null, "field_23": null, "field_24": null, "field_25": null }, "geometry": { "type": "Point", "coordinates": [ -54.60272, -20.45458 ] } },
{ "type": "Feature", "properties": { "Restrição de Atendimento": "ESCOLA EM FUNCIONAMENTO E SEM RESTRIÇÃO DE ATENDIMENTO", "Nome": "ESCOLA DE EDUCACAO INFANTIL E ENSINO FUNDAMENTAL MIL CONTOS", "Código INEP": 50032143, "UF": "MS", "Município": "Campo Grande", "Localização": "Urbana", "Localidade Diferenciada": "A escola não está em área de localização diferenciada", "Categoria Administrativa": "Privada", "Endereço": "RUA JOAQUIM MURTINHO, 545 CENTRO. 79002-100 Campo Grande - MS.", "Telefone": "(67) 33840010", "Tipo": "Privada", "Categoria Escola Privada": "Particular", "Conveniada Poder Público": "Não", "Regulamentação pelo Conselho de Educação": "Sim", "Porte da Escola": "Até 50 matrículas de escolarização", "Etapas e Modalidade de Ensino Oferecidas": "Educação Infantil, Ensino Fundamental", "Outras Ofertas Educacionais": null, "Latitude": "-2.046.106", "Longitude": "-5.460.852", "Lat tratada": -20.46106, "Long tratada": -54.60852, "field_22": null, "field_23": null, "field_24": null, "field_25": null }, "geometry": { "type": "Point", "coordinates": [ -54.60852, -20.46106 ] } },
{ "type": "Feature", "properties": { "Restrição de Atendimento": "ESCOLA EXCLUSIVA DE ATENDIMENTO EDUCACIONAL ESPECIALIZADO", "Nome": "CAEE - CENTRO DE ATENDIMENTO EDUCACIONAL ESPECIALIZADO DA ASSOCIACAO PESTALOZZI DE CAMPO GRANDE MS", "Código INEP": 50032399, "UF": "MS", "Município": "Campo Grande", "Localização": "Urbana", "Localidade Diferenciada": "A escola não está em área de localização diferenciada", "Categoria Administrativa": "Privada", "Endereço": "RUA PERNAMBUCO, 1253 VILA ROSA. 79010-040 Campo Grande - MS.", "Telefone": "(67) 33167600", "Tipo": "Privada", "Categoria Escola Privada": "Filantrópica", "Conveniada Poder Público": "Sim", "Regulamentação pelo Conselho de Educação": "Sim", "Porte da Escola": "Escola sem matrícula de escolarização", "Etapas e Modalidade de Ensino Oferecidas": null, "Outras Ofertas Educacionais": "Atendimento Educacional Especializado", "Latitude": "-204.486.948", "Longitude": "-546.062.641", "Lat tratada": -20.4486948, "Long tratada": -54.6062641, "field_22": null, "field_23": null, "field_24": null, "field_25": null }, "geometry": { "type": "Point", "coordinates": [ -54.6062641, -20.4486948 ] } },
{ "type": "Feature", "properties": { "Restrição de Atendimento": "ESCOLA EXCLUSIVA DE ATENDIMENTO EDUCACIONAL ESPECIALIZADO", "Nome": "CAEE - GIRASSOL", "Código INEP": 50032470, "UF": "MS", "Município": "Campo Grande", "Localização": "Urbana", "Localidade Diferenciada": "A escola não está em área de localização diferenciada", "Categoria Administrativa": "Privada", "Endereço": "AVENIDA JOANA DARC, 1450 UNIVERSITARIO. 79070-901 Campo Grande - MS.", "Telefone": "(67) 40422250", "Tipo": "Privada", "Categoria Escola Privada": "Filantrópica", "Conveniada Poder Público": "Sim", "Regulamentação pelo Conselho de Educação": "Sim", "Porte da Escola": "Escola sem matrícula de escolarização", "Etapas e Modalidade de Ensino Oferecidas": null, "Outras Ofertas Educacionais": "Atendimento Educacional Especializado", "Latitude": "-205.168.784", "Longitude": "-546.175.182", "Lat tratada": -20.5168784, "Long tratada": -54.6175182, "field_22": null, "field_23": null, "field_24": null, "field_25": null }, "geometry": { "type": "Point", "coordinates": [ -54.6175182, -20.5168784 ] } },
{ "type": "Feature", "properties": { "Restrição de Atendimento": "ESCOLA EM FUNCIONAMENTO E SEM RESTRIÇÃO DE ATENDIMENTO", "Nome": "EMEI VARANDAS DO CAMPO", "Código INEP": 50032593, "UF": "MS", "Município": "Campo Grande", "Localização": "Urbana", "Localidade Diferenciada": "A escola não está em área de localização diferenciada", "Categoria Administrativa": "Pública", "Endereço": "RUA JOSE PEDROSSIAN, S/N JARDIM CENTRO OESTE. 79072-618 Campo Grande - MS.", "Telefone": "(67) 20204296", "Tipo": "Municipal", "Categoria Escola Privada": "Não Informado", "Conveniada Poder Público": "Não", "Regulamentação pelo Conselho de Educação": "Sim", "Porte da Escola": "Entre 201 e 500 matrículas de escolarização", "Etapas e Modalidade de Ensino Oferecidas": "Educação Infantil", "Outras Ofertas Educacionais": null, "Latitude": "-2.055.910.398", "Longitude": "-5.460.834.326", "Lat tratada": -20.55910398, "Long tratada": -54.60834326, "field_22": null, "field_23": null, "field_24": null, "field_25": null }, "geometry": { "type": "Point", "coordinates": [ -54.60834326, -20.55910398 ] } },
{ "type": "Feature", "properties": { "Restrição de Atendimento": "ESCOLA EM FUNCIONAMENTO E SEM RESTRIÇÃO DE ATENDIMENTO", "Nome": "EMEI JOSE CARLOS DE LIMA", "Código INEP": 50032615, "UF": "MS", "Município": "Campo Grande", "Localização": "Urbana", "Localidade Diferenciada": "A escola não está em área de localização diferenciada", "Categoria Administrativa": "Pública", "Endereço": "RUA ANTONIO PIRES DE OLIVEIRA, 144 VILA MORENINHA IV. 79065-490 Campo Grande - MS.", "Telefone": "(67) 20204235", "Tipo": "Municipal", "Categoria Escola Privada": "Não Informado", "Conveniada Poder Público": "Não", "Regulamentação pelo Conselho de Educação": "Sim", "Porte da Escola": "Entre 201 e 500 matrículas de escolarização", "Etapas e Modalidade de Ensino Oferecidas": "Educação Infantil", "Outras Ofertas Educacionais": null, "Latitude": "-2.055.992.411", "Longitude": "-5.457.008.512", "Lat tratada": -20.55992411, "Long tratada": -54.57008512, "field_22": null, "field_23": null, "field_24": null, "field_25": null }, "geometry": { "type": "Point", "coordinates": [ -54.57008512, -20.55992411 ] } },
{ "type": "Feature", "properties": { "Restrição de Atendimento": "ESCOLA EM FUNCIONAMENTO E SEM RESTRIÇÃO DE ATENDIMENTO", "Nome": "EMEI GEORGINA RAMIRES DA SILVA", "Código INEP": 50032623, "UF": "MS", "Município": "Campo Grande", "Localização": "Urbana", "Localidade Diferenciada": "A escola não está em área de localização diferenciada", "Categoria Administrativa": "Pública", "Endereço": "RUA ARAGUACEMA, S/N VILA SANTO EUGENIO. 79060-330 Campo Grande - MS.", "Telefone": "(67) 20204225", "Tipo": "Municipal", "Categoria Escola Privada": "Não Informado", "Conveniada Poder Público": "Não", "Regulamentação pelo Conselho de Educação": "Sim", "Porte da Escola": "Entre 201 e 500 matrículas de escolarização", "Etapas e Modalidade de Ensino Oferecidas": "Educação Infantil", "Outras Ofertas Educacionais": null, "Latitude": "-205.115.073", "Longitude": "-545.979.178", "Lat tratada": -20.5115073, "Long tratada": -54.5979178, "field_22": null, "field_23": null, "field_24": null, "field_25": null }, "geometry": { "type": "Point", "coordinates": [ -54.5979178, -20.5115073 ] } },
{ "type": "Feature", "properties": { "Restrição de Atendimento": "ESCOLA EM FUNCIONAMENTO E SEM RESTRIÇÃO DE ATENDIMENTO", "Nome": "EMEI SANTA EMILIA", "Código INEP": 50032631, "UF": "MS", "Município": "Campo Grande", "Localização": "Urbana", "Localidade Diferenciada": "A escola não está em área de localização diferenciada", "Categoria Administrativa": "Pública", "Endereço": "RUA CARA CARA, ESQUINA COM RUA ENG. EDNO MACHADO, 11 SANTA EMILIA. 79093-350 Campo Grande - MS.", "Telefone": "(67) 20204287", "Tipo": "Municipal", "Categoria Escola Privada": "Não Informado", "Conveniada Poder Público": "Não", "Regulamentação pelo Conselho de Educação": "Sim", "Porte da Escola": "Entre 201 e 500 matrículas de escolarização", "Etapas e Modalidade de Ensino Oferecidas": "Educação Infantil", "Outras Ofertas Educacionais": null, "Latitude": "-205.005.264", "Longitude": "-546.856.168", "Lat tratada": -20.5005264, "Long tratada": -54.6856168, "field_22": null, "field_23": null, "field_24": null, "field_25": null }, "geometry": { "type": "Point", "coordinates": [ -54.6856168, -20.5005264 ] } },
{ "type": "Feature", "properties": { "Restrição de Atendimento": "ESCOLA EXCLUSIVA DE ATENDIMENTO EDUCACIONAL ESPECIALIZADO", "Nome": "ASSOCIACAO TAGARELA", "Código INEP": 50032640, "UF": "MS", "Município": "Campo Grande", "Localização": "Urbana", "Localidade Diferenciada": "A escola não está em área de localização diferenciada", "Categoria Administrativa": "Privada", "Endereço": "RUA AZULAO, 192 JARDIM NHANHA. 79081-350 Campo Grande - MS.", "Telefone": "(67) 30281289", "Tipo": "Privada", "Categoria Escola Privada": "Filantrópica", "Conveniada Poder Público": "Não", "Regulamentação pelo Conselho de Educação": "Sim", "Porte da Escola": "Escola sem matrícula de escolarização", "Etapas e Modalidade de Ensino Oferecidas": null, "Outras Ofertas Educacionais": "Atendimento Educacional Especializado", "Latitude": "-204.999.512", "Longitude": "-546.364.719", "Lat tratada": -20.4999512, "Long tratada": -54.6364719, "field_22": null, "field_23": null, "field_24": null, "field_25": null }, "geometry": { "type": "Point", "coordinates": [ -54.6364719, -20.4999512 ] } },
{ "type": "Feature", "properties": { "Restrição de Atendimento": "ESCOLA EM FUNCIONAMENTO E SEM RESTRIÇÃO DE ATENDIMENTO", "Nome": "EMEI JURACY GALVAO OLIVEIRA", "Código INEP": 50032739, "UF": "MS", "Município": "Campo Grande", "Localização": "Urbana", "Localidade Diferenciada": "A escola não está em área de localização diferenciada", "Categoria Administrativa": "Pública", "Endereço": "AVENIDA MARINES SOUZA GOMES, S/N RESIDENCIAL OITI. 79044-520 Campo Grande - MS.", "Telefone": "(67) 20204238", "Tipo": "Municipal", "Categoria Escola Privada": "Não Informado", "Conveniada Poder Público": "Não", "Regulamentação pelo Conselho de Educação": "Sim", "Porte da Escola": "Entre 201 e 500 matrículas de escolarização", "Etapas e Modalidade de Ensino Oferecidas": "Educação Infantil", "Outras Ofertas Educacionais": null, "Latitude": "-204.759.688", "Longitude": "-54.544.377", "Lat tratada": -20.4759688, "Long tratada": -54.544377, "field_22": null, "field_23": null, "field_24": null, "field_25": null }, "geometry": { "type": "Point", "coordinates": [ -54.544377, -20.4759688 ] } },
{ "type": "Feature", "properties": { "Restrição de Atendimento": "ESCOLA EM FUNCIONAMENTO E SEM RESTRIÇÃO DE ATENDIMENTO", "Nome": "ESCOLA ATITUDE", "Código INEP": 50032755, "UF": "MS", "Município": "Campo Grande", "Localização": "Urbana", "Localidade Diferenciada": "A escola não está em área de localização diferenciada", "Categoria Administrativa": "Privada", "Endereço": "RUA SANTANA, 119 JARDIM TV MORENA. 79051-200 Campo Grande - MS.", "Telefone": "(67) 33415277", "Tipo": "Privada", "Categoria Escola Privada": "Particular", "Conveniada Poder Público": "Não", "Regulamentação pelo Conselho de Educação": "Sim", "Porte da Escola": "Entre 51 e 200 matrículas de escolarização", "Etapas e Modalidade de Ensino Oferecidas": "Educação Infantil, Ensino Fundamental", "Outras Ofertas Educacionais": null, "Latitude": "-2.048.028", "Longitude": "-5.459.847", "Lat tratada": -20.48028, "Long tratada": -54.59847, "field_22": null, "field_23": null, "field_24": null, "field_25": null }, "geometry": { "type": "Point", "coordinates": [ -54.59847, -20.48028 ] } },
{ "type": "Feature", "properties": { "Restrição de Atendimento": "ESCOLA EM FUNCIONAMENTO E SEM RESTRIÇÃO DE ATENDIMENTO", "Nome": "ESCOLA ATIVA", "Código INEP": 50032887, "UF": "MS", "Município": "Campo Grande", "Localização": "Urbana", "Localidade Diferenciada": "A escola não está em área de localização diferenciada", "Categoria Administrativa": "Privada", "Endereço": "AVENIDA SALGADO FILHO, 651 AMAMBAI. 79005-300 Campo Grande - MS.", "Telefone": "(67) 33428131", "Tipo": "Privada", "Categoria Escola Privada": "Particular", "Conveniada Poder Público": "Não", "Regulamentação pelo Conselho de Educação": "Sim", "Porte da Escola": "Entre 51 e 200 matrículas de escolarização", "Etapas e Modalidade de Ensino Oferecidas": "Educação Infantil", "Outras Ofertas Educacionais": null, "Latitude": "-204.900.916", "Longitude": "-546.440.225", "Lat tratada": -20.4900916, "Long tratada": -54.6440225, "field_22": null, "field_23": null, "field_24": null, "field_25": null }, "geometry": { "type": "Point", "coordinates": [ -54.6440225, -20.4900916 ] } },
{ "type": "Feature", "properties": { "Restrição de Atendimento": "ESCOLA EM FUNCIONAMENTO E SEM RESTRIÇÃO DE ATENDIMENTO", "Nome": "ESCOLA MON PETIT", "Código INEP": 50033107, "UF": "MS", "Município": "Campo Grande", "Localização": "Urbana", "Localidade Diferenciada": "A escola não está em área de localização diferenciada", "Categoria Administrativa": "Privada", "Endereço": "RUA NORTELANDIA, 806 SANTA FE. 79021-280 Campo Grande - MS.", "Telefone": "(67) 30440061", "Tipo": "Privada", "Categoria Escola Privada": "Particular", "Conveniada Poder Público": "Não", "Regulamentação pelo Conselho de Educação": "Sim", "Porte da Escola": "Entre 51 e 200 matrículas de escolarização", "Etapas e Modalidade de Ensino Oferecidas": "Educação Infantil", "Outras Ofertas Educacionais": null, "Latitude": "-2.045.176", "Longitude": "-5.458.844", "Lat tratada": -20.45176, "Long tratada": -54.58844, "field_22": null, "field_23": null, "field_24": null, "field_25": null }, "geometry": { "type": "Point", "coordinates": [ -54.58844, -20.45176 ] } },
{ "type": "Feature", "properties": { "Restrição de Atendimento": "ESCOLA EM FUNCIONAMENTO E SEM RESTRIÇÃO DE ATENDIMENTO", "Nome": "COLEGIO CLASSE A UNIDADE II", "Código INEP": 50033239, "UF": "MS", "Município": "Campo Grande", "Localização": "Urbana", "Localidade Diferenciada": "A escola não está em área de localização diferenciada", "Categoria Administrativa": "Privada", "Endereço": "RUA JOSE ANTONIO, 2538 MONTE CASTELO. 79010-190 Campo Grande - MS.", "Telefone": "(67) 33269421", "Tipo": "Privada", "Categoria Escola Privada": "Particular", "Conveniada Poder Público": "Não", "Regulamentação pelo Conselho de Educação": "Sim", "Porte da Escola": "Entre 201 e 500 matrículas de escolarização", "Etapas e Modalidade de Ensino Oferecidas": "Ensino Médio", "Outras Ofertas Educacionais": null, "Latitude": "-204.477.261", "Longitude": "-546.111.069", "Lat tratada": -20.4477261, "Long tratada": -54.6111069, "field_22": null, "field_23": null, "field_24": null, "field_25": null }, "geometry": { "type": "Point", "coordinates": [ -54.6111069, -20.4477261 ] } },
{ "type": "Feature", "properties": { "Restrição de Atendimento": "ESCOLA EXCLUSIVA DE ATENDIMENTO EDUCACIONAL ESPECIALIZADO", "Nome": "CEAMETEA-CENTRO ESTADUAL DE APOIO MULTIDISCIPLINAR EDUCACIONAL", "Código INEP": 50033344, "UF": "MS", "Município": "Campo Grande", "Localização": "Urbana", "Localidade Diferenciada": "A escola não está em área de localização diferenciada", "Categoria Administrativa": "Pública", "Endereço": "AVENIDA TIRADENTES, 20 VILA TAVEIROPOLIS. 79090-000 Campo Grande - MS.", "Telefone": "(67) 33141236", "Tipo": "Estadual", "Categoria Escola Privada": "Não Informado", "Conveniada Poder Público": "Não", "Regulamentação pelo Conselho de Educação": "Sim", "Porte da Escola": "Escola sem matrícula de escolarização", "Etapas e Modalidade de Ensino Oferecidas": null, "Outras Ofertas Educacionais": "Atendimento Educacional Especializado", "Latitude": "-204.666.138", "Longitude": "-546.375.354", "Lat tratada": -20.4666138, "Long tratada": -54.6375354, "field_22": null, "field_23": null, "field_24": null, "field_25": null }, "geometry": { "type": "Point", "coordinates": [ -54.6375354, -20.4666138 ] } },
{ "type": "Feature", "properties": { "Restrição de Atendimento": "ESCOLA EM FUNCIONAMENTO E SEM RESTRIÇÃO DE ATENDIMENTO", "Nome": "ESCOLA PLANETA- UNIDADE CENTRO", "Código INEP": 50033425, "UF": "MS", "Município": "Campo Grande", "Localização": "Urbana", "Localidade Diferenciada": "A escola não está em área de localização diferenciada", "Categoria Administrativa": "Privada", "Endereço": "RUA PERNAMBUCO, 308 CENTRO. 79002-261 Campo Grande - MS.", "Telefone": "(67) 30460069", "Tipo": "Privada", "Categoria Escola Privada": "Particular", "Conveniada Poder Público": "Não", "Regulamentação pelo Conselho de Educação": "Sim", "Porte da Escola": "Entre 201 e 500 matrículas de escolarização", "Etapas e Modalidade de Ensino Oferecidas": "Educação Infantil, Ensino Fundamental", "Outras Ofertas Educacionais": null, "Latitude": "-2.045.094.374", "Longitude": "-5.461.511.803", "Lat tratada": -20.45094374, "Long tratada": -54.61511803, "field_22": null, "field_23": null, "field_24": null, "field_25": null }, "geometry": { "type": "Point", "coordinates": [ -54.61511803, -20.45094374 ] } },
{ "type": "Feature", "properties": { "Restrição de Atendimento": "ESCOLA EXCLUSIVA DE ATENDIMENTO EDUCACIONAL ESPECIALIZADO", "Nome": "CENTRO ESTADUAL DE ATENDIMENTO MULTIDISCIPLINAR PARA ALTAS HABILIDADES SUPERDOTACAO-CEAMAHS", "Código INEP": 50033433, "UF": "MS", "Município": "Campo Grande", "Localização": "Urbana", "Localidade Diferenciada": "A escola não está em área de localização diferenciada", "Categoria Administrativa": "Pública", "Endereço": "AVENIDA TIRADENTES, 20 VILA TAVEIROPOLIS. 79090-000 Campo Grande - MS.", "Telefone": "(67) 33141244", "Tipo": "Estadual", "Categoria Escola Privada": "Não Informado", "Conveniada Poder Público": "Não", "Regulamentação pelo Conselho de Educação": "Sim", "Porte da Escola": "Escola sem matrícula de escolarização", "Etapas e Modalidade de Ensino Oferecidas": null, "Outras Ofertas Educacionais": "Atendimento Educacional Especializado", "Latitude": "-204.666.996", "Longitude": "-546.374.917", "Lat tratada": -20.4666996, "Long tratada": -54.6374917, "field_22": null, "field_23": null, "field_24": null, "field_25": null }, "geometry": { "type": "Point", "coordinates": [ -54.6374917, -20.4666996 ] } },
{ "type": "Feature", "properties": { "Restrição de Atendimento": "ESCOLA EM FUNCIONAMENTO E SEM RESTRIÇÃO DE ATENDIMENTO", "Nome": "COLEGIO BIONATUS-ENSINO FUNDAMENTAL", "Código INEP": 50033450, "UF": "MS", "Município": "Campo Grande", "Localização": "Urbana", "Localidade Diferenciada": "A escola não está em área de localização diferenciada", "Categoria Administrativa": "Privada", "Endereço": "RUA MANOEL SECCO TOME, 381 JARDIM DOS ESTADOS. 79020-020 Campo Grande - MS.", "Telefone": "(67) 33218196", "Tipo": "Privada", "Categoria Escola Privada": "Particular", "Conveniada Poder Público": "Não", "Regulamentação pelo Conselho de Educação": "Sim", "Porte da Escola": "Entre 51 e 200 matrículas de escolarização", "Etapas e Modalidade de Ensino Oferecidas": "Educação Infantil, Ensino Fundamental", "Outras Ofertas Educacionais": null, "Latitude": "-2.045.531.384", "Longitude": "-5.460.104.321", "Lat tratada": -20.45531384, "Long tratada": -54.60104321, "field_22": null, "field_23": null, "field_24": null, "field_25": null }, "geometry": { "type": "Point", "coordinates": [ -54.60104321, -20.45531384 ] } },
{ "type": "Feature", "properties": { "Restrição de Atendimento": "ESCOLA EM FUNCIONAMENTO E SEM RESTRIÇÃO DE ATENDIMENTO", "Nome": "CEMAR - CENTRO EDUCACIONAL MARECHAL RONDON", "Código INEP": 50033492, "UF": "MS", "Município": "Campo Grande", "Localização": "Urbana", "Localidade Diferenciada": "A escola não está em área de localização diferenciada", "Categoria Administrativa": "Privada", "Endereço": "RUA TORDESILHAS, 565 VILA SILVIA REGINA. 79103-491 Campo Grande - MS.", "Telefone": "(67) 33055118", "Tipo": "Privada", "Categoria Escola Privada": "Particular", "Conveniada Poder Público": "Não", "Regulamentação pelo Conselho de Educação": "Sim", "Porte da Escola": "Entre 51 e 200 matrículas de escolarização", "Etapas e Modalidade de Ensino Oferecidas": "Ensino Fundamental", "Outras Ofertas Educacionais": null, "Latitude": "-204.465.222", "Longitude": "-546.679.567", "Lat tratada": -20.4465222, "Long tratada": -54.6679567, "field_22": null, "field_23": null, "field_24": null, "field_25": null }, "geometry": { "type": "Point", "coordinates": [ -54.6679567, -20.4465222 ] } },
{ "type": "Feature", "properties": { "Restrição de Atendimento": "ESCOLA EM FUNCIONAMENTO E SEM RESTRIÇÃO DE ATENDIMENTO", "Nome": "ESCOLA MON PETIT KIDS - AJEL EDUCACIONAL - EPP", "Código INEP": 50033573, "UF": "MS", "Município": "Campo Grande", "Localização": "Urbana", "Localidade Diferenciada": "A escola não está em área de localização diferenciada", "Categoria Administrativa": "Privada", "Endereço": "RUA NORTELANDIA, 658 SANTA FE. 79021-280 Campo Grande - MS.", "Telefone": "(67) 30440061", "Tipo": "Privada", "Categoria Escola Privada": "Particular", "Conveniada Poder Público": "Não", "Regulamentação pelo Conselho de Educação": "Sim", "Porte da Escola": "Entre 51 e 200 matrículas de escolarização", "Etapas e Modalidade de Ensino Oferecidas": "Educação Infantil", "Outras Ofertas Educacionais": null, "Latitude": "-204.527.969", "Longitude": "-545.880.419", "Lat tratada": -20.4527969, "Long tratada": -54.5880419, "field_22": null, "field_23": null, "field_24": null, "field_25": null }, "geometry": { "type": "Point", "coordinates": [ -54.5880419, -20.4527969 ] } },
{ "type": "Feature", "properties": { "Restrição de Atendimento": "ESCOLA EM FUNCIONAMENTO E SEM RESTRIÇÃO DE ATENDIMENTO", "Nome": "COLEGIO REFFERENCIAL", "Código INEP": 50033611, "UF": "MS", "Município": "Campo Grande", "Localização": "Urbana", "Localidade Diferenciada": "A escola não está em área de localização diferenciada", "Categoria Administrativa": "Privada", "Endereço": "RUA DA IMPRENSA, 139 MONTE CASTELO. 79002-290 Campo Grande - MS.", "Telefone": "(67) 30430109", "Tipo": "Privada", "Categoria Escola Privada": "Particular", "Conveniada Poder Público": "Não", "Regulamentação pelo Conselho de Educação": "Sim", "Porte da Escola": "Entre 201 e 500 matrículas de escolarização", "Etapas e Modalidade de Ensino Oferecidas": "Ensino Fundamental, Ensino Médio", "Outras Ofertas Educacionais": null, "Latitude": "-20.447.417", "Longitude": "-546.173.896", "Lat tratada": -20.447417, "Long tratada": -54.6173896, "field_22": null, "field_23": null, "field_24": null, "field_25": null }, "geometry": { "type": "Point", "coordinates": [ -54.6173896, -20.447417 ] } },
{ "type": "Feature", "properties": { "Restrição de Atendimento": "ESCOLA EM FUNCIONAMENTO E SEM RESTRIÇÃO DE ATENDIMENTO", "Nome": "REDE DE ENSINO TECNICO CETEPS", "Código INEP": 50033638, "UF": "MS", "Município": "Campo Grande", "Localização": "Urbana", "Localidade Diferenciada": "A escola não está em área de localização diferenciada", "Categoria Administrativa": "Privada", "Endereço": "RUA PERNAMBUCO, 1332 MONTE CASTELO. 79002-907 Campo Grande - MS.", "Telefone": "(67) 30253901", "Tipo": "Privada", "Categoria Escola Privada": "Particular", "Conveniada Poder Público": "Não", "Regulamentação pelo Conselho de Educação": "Sim", "Porte da Escola": "Mais de 1000 matrículas de escolarização", "Etapas e Modalidade de Ensino Oferecidas": "Educação Profissional", "Outras Ofertas Educacionais": null, "Latitude": "-204.549.292", "Longitude": "-546.057.034", "Lat tratada": -20.4549292, "Long tratada": -54.6057034, "field_22": null, "field_23": null, "field_24": null, "field_25": null }, "geometry": { "type": "Point", "coordinates": [ -54.6057034, -20.4549292 ] } },
{ "type": "Feature", "properties": { "Restrição de Atendimento": "ESCOLA EM FUNCIONAMENTO E SEM RESTRIÇÃO DE ATENDIMENTO", "Nome": "MAPLE BEAR", "Código INEP": 50033743, "UF": "MS", "Município": "Campo Grande", "Localização": "Urbana", "Localidade Diferenciada": "A escola não está em área de localização diferenciada", "Categoria Administrativa": "Privada", "Endereço": "R. RODOLFO JOSE PINHO, 1386 JARDIM SAO BENTO. 79004-690 Campo Grande - MS.", "Telefone": "(67) 992033762", "Tipo": "Privada", "Categoria Escola Privada": "Particular", "Conveniada Poder Público": "Não", "Regulamentação pelo Conselho de Educação": "Sim", "Porte da Escola": "Entre 51 e 200 matrículas de escolarização", "Etapas e Modalidade de Ensino Oferecidas": "Educação Infantil", "Outras Ofertas Educacionais": null, "Latitude": "-2.047.653", "Longitude": "-545.960.421", "Lat tratada": -20.47653, "Long tratada": -54.5960421, "field_22": null, "field_23": null, "field_24": null, "field_25": null }, "geometry": { "type": "Point", "coordinates": [ -54.5960421, -20.47653 ] } },
{ "type": "Feature", "properties": { "Restrição de Atendimento": "ESCOLA EM FUNCIONAMENTO E SEM RESTRIÇÃO DE ATENDIMENTO", "Nome": "LE IRDAK", "Código INEP": 50033875, "UF": "MS", "Município": "Campo Grande", "Localização": "Urbana", "Localidade Diferenciada": "A escola não está em área de localização diferenciada", "Categoria Administrativa": "Privada", "Endereço": "RUA RAUL PIRES BARBOSA, 1583 CHACARA CACHOEIRA. 79040-150 Campo Grande - MS.", "Telefone": "(67) 33410990", "Tipo": "Privada", "Categoria Escola Privada": "Particular", "Conveniada Poder Público": "Não", "Regulamentação pelo Conselho de Educação": "Sim", "Porte da Escola": "Entre 51 e 200 matrículas de escolarização", "Etapas e Modalidade de Ensino Oferecidas": "Educação Infantil, Ensino Fundamental", "Outras Ofertas Educacionais": "Atividade Complementar", "Latitude": "-204.629.268", "Longitude": "-545.765.956", "Lat tratada": -20.4629268, "Long tratada": -54.5765956, "field_22": null, "field_23": null, "field_24": null, "field_25": null }, "geometry": { "type": "Point", "coordinates": [ -54.5765956, -20.4629268 ] } },
{ "type": "Feature", "properties": { "Restrição de Atendimento": "ESCOLA EM FUNCIONAMENTO E SEM RESTRIÇÃO DE ATENDIMENTO", "Nome": "CENTRO EDUCACIONAL JEAN PIAGET", "Código INEP": 50033883, "UF": "MS", "Município": "Campo Grande", "Localização": "Urbana", "Localidade Diferenciada": "A escola não está em área de localização diferenciada", "Categoria Administrativa": "Privada", "Endereço": "RUA MARCILIO DIAS, 74 VILA OLINDA. 79060-240 Campo Grande - MS.", "Telefone": "(67) 30292670", "Tipo": "Privada", "Categoria Escola Privada": "Particular", "Conveniada Poder Público": "Não", "Regulamentação pelo Conselho de Educação": "Sim", "Porte da Escola": "Até 50 matrículas de escolarização", "Etapas e Modalidade de Ensino Oferecidas": "Educação Infantil, Ensino Fundamental", "Outras Ofertas Educacionais": null, "Latitude": "-2.049.546.948", "Longitude": "-546.097.711", "Lat tratada": -20.49546948, "Long tratada": -54.6097711, "field_22": null, "field_23": null, "field_24": null, "field_25": null }, "geometry": { "type": "Point", "coordinates": [ -54.6097711, -20.49546948 ] } },
{ "type": "Feature", "properties": { "Restrição de Atendimento": "ESCOLA EM FUNCIONAMENTO E SEM RESTRIÇÃO DE ATENDIMENTO", "Nome": "INSTITUTO DE EDUCACAO COOPERAR LTDA", "Código INEP": 50033930, "UF": "MS", "Município": "Campo Grande", "Localização": "Urbana", "Localidade Diferenciada": "A escola não está em área de localização diferenciada", "Categoria Administrativa": "Privada", "Endereço": "RUA JOAO DE SOUZA, 146 VILA ALBUQUERQUE. 79070-302 Campo Grande - MS.", "Telefone": "(67) 32534264", "Tipo": "Privada", "Categoria Escola Privada": "Particular", "Conveniada Poder Público": "Não", "Regulamentação pelo Conselho de Educação": "Sim", "Porte da Escola": "Entre 51 e 200 matrículas de escolarização", "Etapas e Modalidade de Ensino Oferecidas": "Educação Infantil, Ensino Fundamental", "Outras Ofertas Educacionais": null, "Latitude": "-20.504.778", "Longitude": "-546.057.938", "Lat tratada": -20.504778, "Long tratada": -54.6057938, "field_22": null, "field_23": null, "field_24": null, "field_25": null }, "geometry": { "type": "Point", "coordinates": [ -54.6057938, -20.504778 ] } },
{ "type": "Feature", "properties": { "Restrição de Atendimento": "ESCOLA EM FUNCIONAMENTO E SEM RESTRIÇÃO DE ATENDIMENTO", "Nome": "EMEI PROF ELOY SOUZA DA COSTA", "Código INEP": 50033964, "UF": "MS", "Município": "Campo Grande", "Localização": "Urbana", "Localidade Diferenciada": "A escola não está em área de localização diferenciada", "Categoria Administrativa": "Pública", "Endereço": "RUA CABO VERDE, 900 JARDIM TIJUCA. 79094-570 Campo Grande - MS.", "Telefone": "(67) 20204273", "Tipo": "Municipal", "Categoria Escola Privada": "Não Informado", "Conveniada Poder Público": "Não", "Regulamentação pelo Conselho de Educação": "Sim", "Porte da Escola": "Entre 201 e 500 matrículas de escolarização", "Etapas e Modalidade de Ensino Oferecidas": "Educação Infantil", "Outras Ofertas Educacionais": null, "Latitude": "-2.051.240.611", "Longitude": "-546.621.174", "Lat tratada": -20.51240611, "Long tratada": -54.6621174, "field_22": null, "field_23": null, "field_24": null, "field_25": null }, "geometry": { "type": "Point", "coordinates": [ -54.6621174, -20.51240611 ] } },
{ "type": "Feature", "properties": { "Restrição de Atendimento": "ESCOLA EXCLUSIVA DE ATENDIMENTO EDUCACIONAL ESPECIALIZADO", "Nome": "CENTRO DE ATENDIMENTO EDUCACIONAL ESPECIALIZADO O CASULO", "Código INEP": 50033972, "UF": "MS", "Município": "Campo Grande", "Localização": "Urbana", "Localidade Diferenciada": "A escola não está em área de localização diferenciada", "Categoria Administrativa": "Privada", "Endereço": "RUA DO PORTO, 658 COOPHAVILA II. 79097-160 Campo Grande - MS.", "Telefone": "(67) 30254547", "Tipo": "Privada", "Categoria Escola Privada": "Filantrópica", "Conveniada Poder Público": "Sim", "Regulamentação pelo Conselho de Educação": "Sim", "Porte da Escola": "Escola sem matrícula de escolarização", "Etapas e Modalidade de Ensino Oferecidas": null, "Outras Ofertas Educacionais": "Atendimento Educacional Especializado", "Latitude": "-205.365.073", "Longitude": "-546.697.949", "Lat tratada": -20.5365073, "Long tratada": -54.6697949, "field_22": null, "field_23": null, "field_24": null, "field_25": null }, "geometry": { "type": "Point", "coordinates": [ -54.6697949, -20.5365073 ] } },
{ "type": "Feature", "properties": { "Restrição de Atendimento": "ESCOLA EM FUNCIONAMENTO E SEM RESTRIÇÃO DE ATENDIMENTO", "Nome": "EM PROFESSORA MARIA REGINA DE VASCONCELOS GALVAO", "Código INEP": 50034030, "UF": "MS", "Município": "Campo Grande", "Localização": "Urbana", "Localidade Diferenciada": "A escola não está em área de localização diferenciada", "Categoria Administrativa": "Pública", "Endereço": "RUA JOSE PEDROSSIAN, 1270 PARQUE NOVO SECULO. 79072-618 Campo Grande - MS.", "Telefone": "(67) 20204152", "Tipo": "Municipal", "Categoria Escola Privada": "Não Informado", "Conveniada Poder Público": "Não", "Regulamentação pelo Conselho de Educação": "Sim", "Porte da Escola": "Mais de 1000 matrículas de escolarização", "Etapas e Modalidade de Ensino Oferecidas": "Educação Infantil, Ensino Fundamental, Educação de Jovens Adultos", "Outras Ofertas Educacionais": "Atendimento Educacional Especializado, Atividade Complementar", "Latitude": "-2.055.737", "Longitude": "-5.460.194.854", "Lat tratada": -20.55737, "Long tratada": -54.60194854, "field_22": null, "field_23": null, "field_24": null, "field_25": null }, "geometry": { "type": "Point", "coordinates": [ -54.60194854, -20.55737 ] } },
{ "type": "Feature", "properties": { "Restrição de Atendimento": "ESCOLA EM FUNCIONAMENTO E SEM RESTRIÇÃO DE ATENDIMENTO", "Nome": "ESCOLA CONQUISTA DE EDUCACAO INFANTIL E ENSINO FUNDAMENTAL EIRELE-ME", "Código INEP": 50034073, "UF": "MS", "Município": "Campo Grande", "Localização": "Urbana", "Localidade Diferenciada": "A escola não está em área de localização diferenciada", "Categoria Administrativa": "Privada", "Endereço": "AVENIDA SEGREDO, 279 CORONEL ANTONINO. 79013-080 Campo Grande - MS.", "Telefone": "(67) 33495202", "Tipo": "Privada", "Categoria Escola Privada": "Particular", "Conveniada Poder Público": "Não", "Regulamentação pelo Conselho de Educação": "Sim", "Porte da Escola": "Entre 51 e 200 matrículas de escolarização", "Etapas e Modalidade de Ensino Oferecidas": "Educação Infantil, Ensino Fundamental", "Outras Ofertas Educacionais": null, "Latitude": "-204.224.523", "Longitude": "-545.927.307", "Lat tratada": -20.4224523, "Long tratada": -54.5927307, "field_22": null, "field_23": null, "field_24": null, "field_25": null }, "geometry": { "type": "Point", "coordinates": [ -54.5927307, -20.4224523 ] } },
{ "type": "Feature", "properties": { "Restrição de Atendimento": "ESCOLA EM FUNCIONAMENTO E SEM RESTRIÇÃO DE ATENDIMENTO", "Nome": "ESCOLA AFETIVA", "Código INEP": 50034120, "UF": "MS", "Município": "Campo Grande", "Localização": "Urbana", "Localidade Diferenciada": "A escola não está em área de localização diferenciada", "Categoria Administrativa": "Privada", "Endereço": "RUA ACROPOLE, 160 LOTEAMENTO BOSQUE DA ESPERANCA. 79036-516 Campo Grande - MS.", "Telefone": "(67) 30290626", "Tipo": "Privada", "Categoria Escola Privada": "Particular", "Conveniada Poder Público": "Não", "Regulamentação pelo Conselho de Educação": "Sim", "Porte da Escola": "Entre 51 e 200 matrículas de escolarização", "Etapas e Modalidade de Ensino Oferecidas": "Educação Infantil, Ensino Fundamental", "Outras Ofertas Educacionais": null, "Latitude": "-20.432.074", "Longitude": "-545.681.753", "Lat tratada": -20.432074, "Long tratada": -54.5681753, "field_22": null, "field_23": null, "field_24": null, "field_25": null }, "geometry": { "type": "Point", "coordinates": [ -54.5681753, -20.432074 ] } },
{ "type": "Feature", "properties": { "Restrição de Atendimento": "ESCOLA EM FUNCIONAMENTO E SEM RESTRIÇÃO DE ATENDIMENTO", "Nome": "COLEGIO MASTER LTDA", "Código INEP": 50034197, "UF": "MS", "Município": "Campo Grande", "Localização": "Urbana", "Localidade Diferenciada": "A escola não está em área de localização diferenciada", "Categoria Administrativa": "Privada", "Endereço": "RUA JERIBA, 653 CHACARA CACHOEIRA. 79040-120 Campo Grande - MS.", "Telefone": "(67) 33455151", "Tipo": "Privada", "Categoria Escola Privada": "Particular", "Conveniada Poder Público": "Não", "Regulamentação pelo Conselho de Educação": "Sim", "Porte da Escola": "Entre 51 e 200 matrículas de escolarização", "Etapas e Modalidade de Ensino Oferecidas": "Ensino Médio", "Outras Ofertas Educacionais": null, "Latitude": "-2.046.432.667", "Longitude": "-5.458.406.667", "Lat tratada": -20.46432667, "Long tratada": -54.58406667, "field_22": null, "field_23": null, "field_24": null, "field_25": null }, "geometry": { "type": "Point", "coordinates": [ -54.58406667, -20.46432667 ] } },
{ "type": "Feature", "properties": { "Restrição de Atendimento": "ESCOLA EM FUNCIONAMENTO E SEM RESTRIÇÃO DE ATENDIMENTO", "Nome": "ESCOLA DE EDUCACAO FUNDAMENTAL ALFA LTDA -ME", "Código INEP": 50034219, "UF": "MS", "Município": "Campo Grande", "Localização": "Urbana", "Localidade Diferenciada": "A escola não está em área de localização diferenciada", "Categoria Administrativa": "Privada", "Endereço": "RUA JERIBA, 653 CHACARA CACHOEIRA. 79040-120 Campo Grande - MS.", "Telefone": "(67) 33455151", "Tipo": "Privada", "Categoria Escola Privada": "Particular", "Conveniada Poder Público": "Não", "Regulamentação pelo Conselho de Educação": "Sim", "Porte da Escola": "Entre 201 e 500 matrículas de escolarização", "Etapas e Modalidade de Ensino Oferecidas": "Ensino Fundamental", "Outras Ofertas Educacionais": null, "Latitude": "-2.046.487.167", "Longitude": "-5.458.398", "Lat tratada": -20.46487167, "Long tratada": -54.58398, "field_22": null, "field_23": null, "field_24": null, "field_25": null }, "geometry": { "type": "Point", "coordinates": [ -54.58398, -20.46487167 ] } },
{ "type": "Feature", "properties": { "Restrição de Atendimento": "ESCOLA EM FUNCIONAMENTO E SEM RESTRIÇÃO DE ATENDIMENTO", "Nome": "ESCOLA DE EDUCACAO FUNDAMENTAL BETA LTDA -ME", "Código INEP": 50034227, "UF": "MS", "Município": "Campo Grande", "Localização": "Urbana", "Localidade Diferenciada": "A escola não está em área de localização diferenciada", "Categoria Administrativa": "Privada", "Endereço": "RUA JERIBA, 653 CHACARA CACHOEIRA. 79040-120 Campo Grande - MS.", "Telefone": "(67) 33455151", "Tipo": "Privada", "Categoria Escola Privada": "Particular", "Conveniada Poder Público": "Não", "Regulamentação pelo Conselho de Educação": "Sim", "Porte da Escola": "Entre 201 e 500 matrículas de escolarização", "Etapas e Modalidade de Ensino Oferecidas": "Ensino Fundamental", "Outras Ofertas Educacionais": null, "Latitude": "-2.046.361.667", "Longitude": "-5.458.522.667", "Lat tratada": -20.46361667, "Long tratada": -54.58522667, "field_22": null, "field_23": null, "field_24": null, "field_25": null }, "geometry": { "type": "Point", "coordinates": [ -54.58522667, -20.46361667 ] } },
{ "type": "Feature", "properties": { "Restrição de Atendimento": "ESCOLA EM FUNCIONAMENTO E SEM RESTRIÇÃO DE ATENDIMENTO", "Nome": "EMEI PROFESSORA EMY ISHIDA NASCIMENTO NOGUEIRA", "Código INEP": 50034448, "UF": "MS", "Município": "Campo Grande", "Localização": "Urbana", "Localidade Diferenciada": "A escola não está em área de localização diferenciada", "Categoria Administrativa": "Pública", "Endereço": "RUA ANTONIO MARIA COELHO, 4.333 SANTA FE. 79021-170 Campo Grande - MS.", "Telefone": "(67) 20204401", "Tipo": "Municipal", "Categoria Escola Privada": "Não Informado", "Conveniada Poder Público": "Não", "Regulamentação pelo Conselho de Educação": "Sim", "Porte da Escola": "Entre 51 e 200 matrículas de escolarização", "Etapas e Modalidade de Ensino Oferecidas": "Educação Infantil", "Outras Ofertas Educacionais": null, "Latitude": "-2.045.233.918", "Longitude": "-5.458.882.637", "Lat tratada": -20.45233918, "Long tratada": -54.58882637, "field_22": null, "field_23": null, "field_24": null, "field_25": null }, "geometry": { "type": "Point", "coordinates": [ -54.58882637, -20.45233918 ] } },
{ "type": "Feature", "properties": { "Restrição de Atendimento": "ESCOLA EM FUNCIONAMENTO E SEM RESTRIÇÃO DE ATENDIMENTO", "Nome": "CASA DE MARIA", "Código INEP": 50034472, "UF": "MS", "Município": "Campo Grande", "Localização": "Urbana", "Localidade Diferenciada": "A escola não está em área de localização diferenciada", "Categoria Administrativa": "Privada", "Endereço": "RUA TENESSE, 160 JARDIM PRESIDENTE. 79014-010 Campo Grande - MS.", "Telefone": "(67) 992980511", "Tipo": "Privada", "Categoria Escola Privada": "Filantrópica", "Conveniada Poder Público": "Sim", "Regulamentação pelo Conselho de Educação": "Sim", "Porte da Escola": "Entre 51 e 200 matrículas de escolarização", "Etapas e Modalidade de Ensino Oferecidas": "Educação Infantil", "Outras Ofertas Educacionais": null, "Latitude": "-20.412.585", "Longitude": "-5.459.182", "Lat tratada": -20.412585, "Long tratada": -54.59182, "field_22": null, "field_23": null, "field_24": null, "field_25": null }, "geometry": { "type": "Point", "coordinates": [ -54.59182, -20.412585 ] } },
{ "type": "Feature", "properties": { "Restrição de Atendimento": "ESCOLA EM FUNCIONAMENTO E SEM RESTRIÇÃO DE ATENDIMENTO", "Nome": "GEMS - CENTRO EDUCACIONAL MS LTDA - EDC - ESCOLA DE CURSOS", "Código INEP": 50034561, "UF": "MS", "Município": "Campo Grande", "Localização": "Urbana", "Localidade Diferenciada": "A escola não está em área de localização diferenciada", "Categoria Administrativa": "Privada", "Endereço": "AVENIDA GURY MARQUES, 4346 UNIVERSITARIO. 79112-342 Campo Grande - MS.", "Telefone": "(67) 30560020", "Tipo": "Privada", "Categoria Escola Privada": "Particular", "Conveniada Poder Público": "Não", "Regulamentação pelo Conselho de Educação": "Sim", "Porte da Escola": "Entre 201 e 500 matrículas de escolarização", "Etapas e Modalidade de Ensino Oferecidas": "Educação de Jovens Adultos", "Outras Ofertas Educacionais": null, "Latitude": "-204.502.513", "Longitude": "-5.465.151.709", "Lat tratada": -20.4502513, "Long tratada": -54.65151709, "field_22": null, "field_23": null, "field_24": null, "field_25": null }, "geometry": { "type": "Point", "coordinates": [ -54.65151709, -20.4502513 ] } },
{ "type": "Feature", "properties": { "Restrição de Atendimento": "ESCOLA EM FUNCIONAMENTO E SEM RESTRIÇÃO DE ATENDIMENTO", "Nome": "CENTRO ESTADUAL DE FORMACAO DE PROFESSORES INDIGENAS DE MS", "Código INEP": 50034600, "UF": "MS", "Município": "Campo Grande", "Localização": "Urbana", "Localidade Diferenciada": "A escola não está em área de localização diferenciada", "Categoria Administrativa": "Pública", "Endereço": "RUA TREZE DE MAIO, 1090 3º ANDAR - APTO 1. CENTRO. 79004-420 Campo Grande - MS.", "Telefone": "(67) 33658397", "Tipo": "Estadual", "Categoria Escola Privada": "Não Informado", "Conveniada Poder Público": "Não", "Regulamentação pelo Conselho de Educação": "Sim", "Porte da Escola": "Entre 51 e 200 matrículas de escolarização", "Etapas e Modalidade de Ensino Oferecidas": "Ensino Médio, Educação Profissional", "Outras Ofertas Educacionais": null, "Latitude": "-204.753.243", "Longitude": "-546.134.996", "Lat tratada": -20.4753243, "Long tratada": -54.6134996, "field_22": null, "field_23": null, "field_24": null, "field_25": null }, "geometry": { "type": "Point", "coordinates": [ -54.6134996, -20.4753243 ] } },
{ "type": "Feature", "properties": { "Restrição de Atendimento": "ESCOLA EM FUNCIONAMENTO E SEM RESTRIÇÃO DE ATENDIMENTO", "Nome": "EMEI PROFESSOR ALBERTO GUILHERME BATISTOTI", "Código INEP": 50034634, "UF": "MS", "Município": "Campo Grande", "Localização": "Urbana", "Localidade Diferenciada": "A escola não está em área de localização diferenciada", "Categoria Administrativa": "Pública", "Endereço": "RUA LUXEMBURGO, 2000 CENTRO. 79125-000 Campo Grande - MS.", "Telefone": "(67) 20204402", "Tipo": "Municipal", "Categoria Escola Privada": "Não Informado", "Conveniada Poder Público": "Não", "Regulamentação pelo Conselho de Educação": "Sim", "Porte da Escola": "Entre 51 e 200 matrículas de escolarização", "Etapas e Modalidade de Ensino Oferecidas": "Educação Infantil", "Outras Ofertas Educacionais": null, "Latitude": "-2.098.545.287", "Longitude": "-5.450.444.567", "Lat tratada": -20.98545287, "Long tratada": -54.50444567, "field_22": null, "field_23": null, "field_24": null, "field_25": null }, "geometry": { "type": "Point", "coordinates": [ -54.50444567, -20.98545287 ] } },
{ "type": "Feature", "properties": { "Restrição de Atendimento": "ESCOLA EM FUNCIONAMENTO E SEM RESTRIÇÃO DE ATENDIMENTO", "Nome": "EMEI ZARIFE MARTINS FRANCA", "Código INEP": 50034650, "UF": "MS", "Município": "Campo Grande", "Localização": "Urbana", "Localidade Diferenciada": "A escola não está em área de localização diferenciada", "Categoria Administrativa": "Pública", "Endereço": "RUA RENATO NASSER, 77 LOTEAMENTO VESPASIANO MARTINS. 79075-415 Campo Grande - MS.", "Telefone": "(67) 20204403", "Tipo": "Municipal", "Categoria Escola Privada": "Não Informado", "Conveniada Poder Público": "Não", "Regulamentação pelo Conselho de Educação": "Sim", "Porte da Escola": "Entre 201 e 500 matrículas de escolarização", "Etapas e Modalidade de Ensino Oferecidas": "Educação Infantil", "Outras Ofertas Educacionais": null, "Latitude": "-2.055.253.814", "Longitude": "-5.463.745.643", "Lat tratada": -20.55253814, "Long tratada": -54.63745643, "field_22": null, "field_23": null, "field_24": null, "field_25": null }, "geometry": { "type": "Point", "coordinates": [ -54.63745643, -20.55253814 ] } },
{ "type": "Feature", "properties": { "Restrição de Atendimento": "ESCOLA EM FUNCIONAMENTO E SEM RESTRIÇÃO DE ATENDIMENTO", "Nome": "COLEGIO REINO CRESCER", "Código INEP": 50034812, "UF": "MS", "Município": "Campo Grande", "Localização": "Urbana", "Localidade Diferenciada": "A escola não está em área de localização diferenciada", "Categoria Administrativa": "Privada", "Endereço": "RUA FRANCISCO AGUIAR PIMENTA, 1223 UNIVERSITARIO. 79063-100 Campo Grande - MS.", "Telefone": "(67) 30431143", "Tipo": "Privada", "Categoria Escola Privada": "Particular", "Conveniada Poder Público": "Não", "Regulamentação pelo Conselho de Educação": "Sim", "Porte da Escola": "Até 50 matrículas de escolarização", "Etapas e Modalidade de Ensino Oferecidas": "Educação Infantil, Ensino Fundamental", "Outras Ofertas Educacionais": null, "Latitude": "-205.270.375", "Longitude": "-5.459.783.108", "Lat tratada": -20.5270375, "Long tratada": -54.59783108, "field_22": null, "field_23": null, "field_24": null, "field_25": null }, "geometry": { "type": "Point", "coordinates": [ -54.59783108, -20.5270375 ] } },
{ "type": "Feature", "properties": { "Restrição de Atendimento": "ESCOLA EM FUNCIONAMENTO E SEM RESTRIÇÃO DE ATENDIMENTO", "Nome": "COLEGIO HARMONIA - UNIDADE II", "Código INEP": 50034839, "UF": "MS", "Município": "Campo Grande", "Localização": "Urbana", "Localidade Diferenciada": "A escola não está em área de localização diferenciada", "Categoria Administrativa": "Privada", "Endereço": "RUA PIRAJU, 374 JARDIM NOVA ERA. 79003-180 Campo Grande - MS.", "Telefone": "(67) 33416211", "Tipo": "Privada", "Categoria Escola Privada": "Particular", "Conveniada Poder Público": "Não", "Regulamentação pelo Conselho de Educação": "Sim", "Porte da Escola": "Entre 201 e 500 matrículas de escolarização", "Etapas e Modalidade de Ensino Oferecidas": "Ensino Fundamental", "Outras Ofertas Educacionais": null, "Latitude": "-204.730.466", "Longitude": "-5.459.637.822", "Lat tratada": -20.4730466, "Long tratada": -54.59637822, "field_22": null, "field_23": null, "field_24": null, "field_25": null }, "geometry": { "type": "Point", "coordinates": [ -54.59637822, -20.4730466 ] } },
{ "type": "Feature", "properties": { "Restrição de Atendimento": "ESCOLA EM FUNCIONAMENTO E SEM RESTRIÇÃO DE ATENDIMENTO", "Nome": "GRUPO EDUCACIONAL ATOS", "Código INEP": 50035010, "UF": "MS", "Município": "Campo Grande", "Localização": "Urbana", "Localidade Diferenciada": "A escola não está em área de localização diferenciada", "Categoria Administrativa": "Privada", "Endereço": "AVENIDA MINISTRO JOAO ARINOS, 4136 TIRADENTES. 79041-005 Campo Grande - MS.", "Telefone": "(67) 33429000", "Tipo": "Privada", "Categoria Escola Privada": "Particular", "Conveniada Poder Público": "Não", "Regulamentação pelo Conselho de Educação": "Sim", "Porte da Escola": "Entre 201 e 500 matrículas de escolarização", "Etapas e Modalidade de Ensino Oferecidas": "Educação Infantil, Ensino Fundamental", "Outras Ofertas Educacionais": null, "Latitude": "-204.677.547", "Longitude": "-5.457.652.025", "Lat tratada": -20.4677547, "Long tratada": -54.57652025, "field_22": null, "field_23": null, "field_24": null, "field_25": null }, "geometry": { "type": "Point", "coordinates": [ -54.57652025, -20.4677547 ] } },
{ "type": "Feature", "properties": { "Restrição de Atendimento": "ESCOLA EM FUNCIONAMENTO E SEM RESTRIÇÃO DE ATENDIMENTO", "Nome": "EMEI PROFª IRACEMA DA CUNHA BARRETO", "Código INEP": 50035266, "UF": "MS", "Município": "Campo Grande", "Localização": "Urbana", "Localidade Diferenciada": "A escola não está em área de localização diferenciada", "Categoria Administrativa": "Pública", "Endereço": "RUA DONA JULIA SERRA, 427 VILA NASSER. 79117-234 Campo Grande - MS.", "Telefone": "(67) 20204409", "Tipo": "Municipal", "Categoria Escola Privada": "Não Informado", "Conveniada Poder Público": "Não", "Regulamentação pelo Conselho de Educação": "Sim", "Porte da Escola": "Entre 201 e 500 matrículas de escolarização", "Etapas e Modalidade de Ensino Oferecidas": "Educação Infantil", "Outras Ofertas Educacionais": null, "Latitude": "-2.041.308.844", "Longitude": "-5.462.954.603", "Lat tratada": -20.41308844, "Long tratada": -54.62954603, "field_22": null, "field_23": null, "field_24": null, "field_25": null }, "geometry": { "type": "Point", "coordinates": [ -54.62954603, -20.41308844 ] } },
{ "type": "Feature", "properties": { "Restrição de Atendimento": "ESCOLA EM FUNCIONAMENTO E SEM RESTRIÇÃO DE ATENDIMENTO", "Nome": "COLEGIO ADVENTISTA VILAS BOAS", "Código INEP": 50035320, "UF": "MS", "Município": "Campo Grande", "Localização": "Urbana", "Localidade Diferenciada": "A escola não está em área de localização diferenciada", "Categoria Administrativa": "Privada", "Endereço": "RUA GIOCONDO ORSI, 848 VILA VILAS BOAS. 79050-270 Campo Grande - MS.", "Telefone": "(67) 33048330", "Tipo": "Privada", "Categoria Escola Privada": "Particular", "Conveniada Poder Público": "Não", "Regulamentação pelo Conselho de Educação": "Sim", "Porte da Escola": "Entre 501 e 1000 matrículas de escolarização", "Etapas e Modalidade de Ensino Oferecidas": "Educação Infantil, Ensino Fundamental", "Outras Ofertas Educacionais": null, "Latitude": "-2.048.607.914", "Longitude": "-545.984.219", "Lat tratada": -20.48607914, "Long tratada": -54.5984219, "field_22": null, "field_23": null, "field_24": null, "field_25": null }, "geometry": { "type": "Point", "coordinates": [ -54.5984219, -20.48607914 ] } },
{ "type": "Feature", "properties": { "Restrição de Atendimento": "ESCOLA EM FUNCIONAMENTO E SEM RESTRIÇÃO DE ATENDIMENTO", "Nome": "COLEGIO EVORA", "Código INEP": 50035690, "UF": "MS", "Município": "Campo Grande", "Localização": "Urbana", "Localidade Diferenciada": "A escola não está em área de localização diferenciada", "Categoria Administrativa": "Privada", "Endereço": "RUA TREZE DE JUNHO, 1882 MONTE CASTELO. 79010-200 Campo Grande - MS.", "Telefone": "(67) 991063609", "Tipo": "Privada", "Categoria Escola Privada": "Particular", "Conveniada Poder Público": "Não", "Regulamentação pelo Conselho de Educação": "Sim", "Porte da Escola": "Até 50 matrículas de escolarização", "Etapas e Modalidade de Ensino Oferecidas": "Ensino Médio", "Outras Ofertas Educacionais": null, "Latitude": "-2.044.922.728", "Longitude": "-5.460.920.059", "Lat tratada": -20.44922728, "Long tratada": -54.60920059, "field_22": null, "field_23": null, "field_24": null, "field_25": null }, "geometry": { "type": "Point", "coordinates": [ -54.60920059, -20.44922728 ] } },
{ "type": "Feature", "properties": { "Restrição de Atendimento": "ESCOLA EM FUNCIONAMENTO E SEM RESTRIÇÃO DE ATENDIMENTO", "Nome": "CENTRO EDUCACIONAL MANOEL DE BARROS", "Código INEP": 50035800, "UF": "MS", "Município": "Campo Grande", "Localização": "Urbana", "Localidade Diferenciada": "A escola não está em área de localização diferenciada", "Categoria Administrativa": "Privada", "Endereço": "RUA CARDOSO DE ALMEIDA, 586 JARDIM SAO LOURENCO. 79041-300 Campo Grande - MS.", "Telefone": "(67) 33416666", "Tipo": "Privada", "Categoria Escola Privada": "Particular", "Conveniada Poder Público": "Não", "Regulamentação pelo Conselho de Educação": "Sim", "Porte da Escola": "Entre 51 e 200 matrículas de escolarização", "Etapas e Modalidade de Ensino Oferecidas": "Educação Infantil, Ensino Fundamental", "Outras Ofertas Educacionais": null, "Latitude": "-204.764.531", "Longitude": "-545.858.856", "Lat tratada": -20.4764531, "Long tratada": -54.5858856, "field_22": null, "field_23": null, "field_24": null, "field_25": null }, "geometry": { "type": "Point", "coordinates": [ -54.5858856, -20.4764531 ] } },
{ "type": "Feature", "properties": { "Restrição de Atendimento": "ESCOLA EM FUNCIONAMENTO E SEM RESTRIÇÃO DE ATENDIMENTO", "Nome": "DESAFIO CENTRO EDUCACIONAL", "Código INEP": 50036009, "UF": "MS", "Município": "Campo Grande", "Localização": "Urbana", "Localidade Diferenciada": "A escola não está em área de localização diferenciada", "Categoria Administrativa": "Privada", "Endereço": "RUA GUIA LOPES, 363 AMAMBAI. 79005-330 Campo Grande - MS.", "Telefone": "(67) 30284298", "Tipo": "Privada", "Categoria Escola Privada": "Particular", "Conveniada Poder Público": "Não", "Regulamentação pelo Conselho de Educação": "Sim", "Porte da Escola": "Entre 51 e 200 matrículas de escolarização", "Etapas e Modalidade de Ensino Oferecidas": "Educação Infantil, Ensino Fundamental", "Outras Ofertas Educacionais": null, "Latitude": "-2.047.031", "Longitude": "-5.463.428", "Lat tratada": -20.47031, "Long tratada": -54.63428, "field_22": null, "field_23": null, "field_24": null, "field_25": null }, "geometry": { "type": "Point", "coordinates": [ -54.63428, -20.47031 ] } },
{ "type": "Feature", "properties": { "Restrição de Atendimento": "ESCOLA EM FUNCIONAMENTO E SEM RESTRIÇÃO DE ATENDIMENTO", "Nome": "EDUCANDARIO ESPIRITA BLAISE PASCAL", "Código INEP": 50038206, "UF": "MS", "Município": "Campo Grande", "Localização": "Urbana", "Localidade Diferenciada": "A escola não está em área de localização diferenciada", "Categoria Administrativa": "Privada", "Endereço": "AVENIDA ENGENHEIRO LUTHERO LOPES, 565 JAR HORTENCIAS III. CONJUNTO AERO RANCHO. 79084-180 Campo Grande - MS.", "Telefone": "(67) 33810520", "Tipo": "Privada", "Categoria Escola Privada": "Filantrópica", "Conveniada Poder Público": "Sim", "Regulamentação pelo Conselho de Educação": "Sim", "Porte da Escola": "Entre 51 e 200 matrículas de escolarização", "Etapas e Modalidade de Ensino Oferecidas": "Educação Infantil, Ensino Fundamental", "Outras Ofertas Educacionais": "Atividade Complementar", "Latitude": "-205.140.945", "Longitude": "-546.426.788", "Lat tratada": -20.5140945, "Long tratada": -54.6426788, "field_22": null, "field_23": null, "field_24": null, "field_25": null }, "geometry": { "type": "Point", "coordinates": [ -54.6426788, -20.5140945 ] } },
{ "type": "Feature", "properties": { "Restrição de Atendimento": "ESCOLA EM FUNCIONAMENTO E SEM RESTRIÇÃO DE ATENDIMENTO", "Nome": "ESCOLA ESPIRITA ANALIA FRANCO", "Código INEP": 50038400, "UF": "MS", "Município": "Campo Grande", "Localização": "Urbana", "Localidade Diferenciada": "A escola não está em área de localização diferenciada", "Categoria Administrativa": "Privada", "Endereço": "RUA ALBERTO ALBERTINI, 394 MORADA DO SOL. 79073-210 Campo Grande - MS.", "Telefone": "(67) 33970791", "Tipo": "Privada", "Categoria Escola Privada": "Filantrópica", "Conveniada Poder Público": "Sim", "Regulamentação pelo Conselho de Educação": "Sim", "Porte da Escola": "Entre 51 e 200 matrículas de escolarização", "Etapas e Modalidade de Ensino Oferecidas": "Educação Infantil", "Outras Ofertas Educacionais": null, "Latitude": "-20.546", "Longitude": "-54.634", "Lat tratada": -20.546, "Long tratada": -54.634, "field_22": null, "field_23": null, "field_24": null, "field_25": null }, "geometry": { "type": "Point", "coordinates": [ -54.634, -20.546 ] } },
{ "type": "Feature", "properties": { "Restrição de Atendimento": "ESCOLA EM FUNCIONAMENTO E SEM RESTRIÇÃO DE ATENDIMENTO", "Nome": "CRECHE NOSSA SENHORA AUXILIADORA - UNIDADE I", "Código INEP": 50038605, "UF": "MS", "Município": "Campo Grande", "Localização": "Urbana", "Localidade Diferenciada": "A escola não está em área de localização diferenciada", "Categoria Administrativa": "Privada", "Endereço": "RUA SAO PAULO, 1253 VILA CELIA. 79010-050 Campo Grande - MS.", "Telefone": "(67) 996498410", "Tipo": "Privada", "Categoria Escola Privada": "Filantrópica", "Conveniada Poder Público": "Sim", "Regulamentação pelo Conselho de Educação": "Sim", "Porte da Escola": "Até 50 matrículas de escolarização", "Etapas e Modalidade de Ensino Oferecidas": "Educação Infantil", "Outras Ofertas Educacionais": null, "Latitude": "-204.472", "Longitude": "-5.460.202", "Lat tratada": -20.4472, "Long tratada": -54.60202, "field_22": null, "field_23": null, "field_24": null, "field_25": null }, "geometry": { "type": "Point", "coordinates": [ -54.60202, -20.4472 ] } },
{ "type": "Feature", "properties": { "Restrição de Atendimento": "ESCOLA EM FUNCIONAMENTO E SEM RESTRIÇÃO DE ATENDIMENTO", "Nome": "EMEI RAMZA BEDOGLIN DOMINGOS", "Código INEP": 50041207, "UF": "MS", "Município": "Campo Grande", "Localização": "Urbana", "Localidade Diferenciada": "A escola não está em área de localização diferenciada", "Categoria Administrativa": "Pública", "Endereço": "RUA LUCIA DOS SANTOS, S/N DOM ANTONIO BARBOSA. 79075-104 Campo Grande - MS.", "Telefone": "(67) 20204282", "Tipo": "Municipal", "Categoria Escola Privada": "Não Informado", "Conveniada Poder Público": "Não", "Regulamentação pelo Conselho de Educação": "Sim", "Porte da Escola": "Entre 201 e 500 matrículas de escolarização", "Etapas e Modalidade de Ensino Oferecidas": "Educação Infantil", "Outras Ofertas Educacionais": null, "Latitude": "-205.513.941", "Longitude": "-546.461.157", "Lat tratada": -20.5513941, "Long tratada": -54.6461157, "field_22": null, "field_23": null, "field_24": null, "field_25": null }, "geometry": { "type": "Point", "coordinates": [ -54.6461157, -20.5513941 ] } },
{ "type": "Feature", "properties": { "Restrição de Atendimento": "ESCOLA EM FUNCIONAMENTO E SEM RESTRIÇÃO DE ATENDIMENTO", "Nome": "EMEI MARIA OLIVEIRA LIMA", "Código INEP": 50041215, "UF": "MS", "Município": "Campo Grande", "Localização": "Urbana", "Localidade Diferenciada": "A escola não está em área de localização diferenciada", "Categoria Administrativa": "Pública", "Endereço": "RUA BARUERI, S/N ESQUINA COM ARACATI. MORENINHA I. 79065-190 Campo Grande - MS.", "Telefone": "(67) 20204252", "Tipo": "Municipal", "Categoria Escola Privada": "Não Informado", "Conveniada Poder Público": "Não", "Regulamentação pelo Conselho de Educação": "Sim", "Porte da Escola": "Entre 201 e 500 matrículas de escolarização", "Etapas e Modalidade de Ensino Oferecidas": "Educação Infantil", "Outras Ofertas Educacionais": null, "Latitude": "-205.483.963", "Longitude": "-545.735.744", "Lat tratada": -20.5483963, "Long tratada": -54.5735744, "field_22": null, "field_23": null, "field_24": null, "field_25": null }, "geometry": { "type": "Point", "coordinates": [ -54.5735744, -20.5483963 ] } },
{ "type": "Feature", "properties": { "Restrição de Atendimento": "ESCOLA EM FUNCIONAMENTO E SEM RESTRIÇÃO DE ATENDIMENTO", "Nome": "EMEI PROFª AYD CAMARGO CESAR", "Código INEP": 50041401, "UF": "MS", "Município": "Campo Grande", "Localização": "Urbana", "Localidade Diferenciada": "A escola não está em área de localização diferenciada", "Categoria Administrativa": "Pública", "Endereço": "RUA EVELINA FIGUEIREDO SELINGARDI, 1488 PARQUE DO LAGEADO. 79075-015 Campo Grande - MS.", "Telefone": "(67) 20204278", "Tipo": "Municipal", "Categoria Escola Privada": "Não Informado", "Conveniada Poder Público": "Não", "Regulamentação pelo Conselho de Educação": "Sim", "Porte da Escola": "Entre 201 e 500 matrículas de escolarização", "Etapas e Modalidade de Ensino Oferecidas": "Educação Infantil", "Outras Ofertas Educacionais": null, "Latitude": "-205.595.042", "Longitude": "-546.495.949", "Lat tratada": -20.5595042, "Long tratada": -54.6495949, "field_22": null, "field_23": null, "field_24": null, "field_25": null }, "geometry": { "type": "Point", "coordinates": [ -54.6495949, -20.5595042 ] } },
{ "type": "Feature", "properties": { "Restrição de Atendimento": "ESCOLA EM FUNCIONAMENTO E SEM RESTRIÇÃO DE ATENDIMENTO", "Nome": "EMEI LAFAYETE CAMARA DE OLIVEIRA", "Código INEP": 50041606, "UF": "MS", "Município": "Campo Grande", "Localização": "Urbana", "Localidade Diferenciada": "A escola não está em área de localização diferenciada", "Categoria Administrativa": "Pública", "Endereço": "RUA TERCILIA DE MELO, S/N VILA MANOEL TAVEIRA. 79115-470 Campo Grande - MS.", "Telefone": "(67) 20204239", "Tipo": "Municipal", "Categoria Escola Privada": "Não Informado", "Conveniada Poder Público": "Não", "Regulamentação pelo Conselho de Educação": "Sim", "Porte da Escola": "Entre 201 e 500 matrículas de escolarização", "Etapas e Modalidade de Ensino Oferecidas": "Educação Infantil", "Outras Ofertas Educacionais": null, "Latitude": "-2.042.659.246", "Longitude": "-5.465.105.155", "Lat tratada": -20.42659246, "Long tratada": -54.65105155, "field_22": null, "field_23": null, "field_24": null, "field_25": null }, "geometry": { "type": "Point", "coordinates": [ -54.65105155, -20.42659246 ] } },
{ "type": "Feature", "properties": { "Restrição de Atendimento": "ESCOLA EM FUNCIONAMENTO E SEM RESTRIÇÃO DE ATENDIMENTO", "Nome": "EMEI MARIA CARLOTA TIBAU DE VASCONCELOS", "Código INEP": 50041800, "UF": "MS", "Município": "Campo Grande", "Localização": "Urbana", "Localidade Diferenciada": "A escola não está em área de localização diferenciada", "Categoria Administrativa": "Pública", "Endereço": "RUA CATIGUA, 1579 PAULO COELHO MACHADO. 79072-269 Campo Grande - MS.", "Telefone": "(67) 20204247", "Tipo": "Municipal", "Categoria Escola Privada": "Não Informado", "Conveniada Poder Público": "Não", "Regulamentação pelo Conselho de Educação": "Sim", "Porte da Escola": "Entre 201 e 500 matrículas de escolarização", "Etapas e Modalidade de Ensino Oferecidas": "Educação Infantil", "Outras Ofertas Educacionais": null, "Latitude": "-2.055.220.283", "Longitude": "-5.460.608.067", "Lat tratada": -20.55220283, "Long tratada": -54.60608067, "field_22": null, "field_23": null, "field_24": null, "field_25": null }, "geometry": { "type": "Point", "coordinates": [ -54.60608067, -20.55220283 ] } },
{ "type": "Feature", "properties": { "Restrição de Atendimento": "ESCOLA EM FUNCIONAMENTO E SEM RESTRIÇÃO DE ATENDIMENTO", "Nome": "ESCOLA CRISTA ESTACAO CRIANCA", "Código INEP": 50042807, "UF": "MS", "Município": "Campo Grande", "Localização": "Urbana", "Localidade Diferenciada": "A escola não está em área de localização diferenciada", "Categoria Administrativa": "Privada", "Endereço": "RUA MARANHAO, 79 VILA RICA. 79022-560 Campo Grande - MS.", "Telefone": "(67) 30422900", "Tipo": "Privada", "Categoria Escola Privada": "Particular", "Conveniada Poder Público": "Não", "Regulamentação pelo Conselho de Educação": "Sim", "Porte da Escola": "Entre 51 e 200 matrículas de escolarização", "Etapas e Modalidade de Ensino Oferecidas": "Educação Infantil, Ensino Fundamental", "Outras Ofertas Educacionais": null, "Latitude": "-2.044.103", "Longitude": "-5.460.313", "Lat tratada": -20.44103, "Long tratada": -54.60313, "field_22": null, "field_23": null, "field_24": null, "field_25": null }, "geometry": { "type": "Point", "coordinates": [ -54.60313, -20.44103 ] } },
{ "type": "Feature", "properties": { "Restrição de Atendimento": "ESCOLA EM FUNCIONAMENTO E SEM RESTRIÇÃO DE ATENDIMENTO", "Nome": "COLEGIO DE ENSINO FUNDAMENTAL NOVA GERACAO", "Código INEP": 50051806, "UF": "MS", "Município": "Campo Grande", "Localização": "Urbana", "Localidade Diferenciada": "A escola não está em área de localização diferenciada", "Categoria Administrativa": "Privada", "Endereço": "RUA ALBERT SABIN, 885 VILA TAVEIROPOLIS. 79090-160 Campo Grande - MS.", "Telefone": "(67) 33311591", "Tipo": "Privada", "Categoria Escola Privada": "Particular", "Conveniada Poder Público": "Não", "Regulamentação pelo Conselho de Educação": "Sim", "Porte da Escola": "Entre 501 e 1000 matrículas de escolarização", "Etapas e Modalidade de Ensino Oferecidas": "Ensino Fundamental", "Outras Ofertas Educacionais": null, "Latitude": "-2.047.532", "Longitude": "-5.464.464", "Lat tratada": -20.47532, "Long tratada": -54.64464, "field_22": null, "field_23": null, "field_24": null, "field_25": null }, "geometry": { "type": "Point", "coordinates": [ -54.64464, -20.47532 ] } },
{ "type": "Feature", "properties": { "Restrição de Atendimento": "ESCOLA EM FUNCIONAMENTO E SEM RESTRIÇÃO DE ATENDIMENTO", "Nome": "EMEI PROF EDISON DA SILVA", "Código INEP": 50059874, "UF": "MS", "Município": "Campo Grande", "Localização": "Urbana", "Localidade Diferenciada": "A escola não está em área de localização diferenciada", "Categoria Administrativa": "Pública", "Endereço": "RUA ANA LUIZA DE SOUZA, 2414 UNIVERSITARIO. 79070-140 Campo Grande - MS.", "Telefone": "(67) 20204272", "Tipo": "Municipal", "Categoria Escola Privada": "Não Informado", "Conveniada Poder Público": "Não", "Regulamentação pelo Conselho de Educação": "Sim", "Porte da Escola": "Entre 201 e 500 matrículas de escolarização", "Etapas e Modalidade de Ensino Oferecidas": "Educação Infantil", "Outras Ofertas Educacionais": null, "Latitude": "-2.052.355.062", "Longitude": "-5.462.444.321", "Lat tratada": -20.52355062, "Long tratada": -54.62444321, "field_22": null, "field_23": null, "field_24": null, "field_25": null }, "geometry": { "type": "Point", "coordinates": [ -54.62444321, -20.52355062 ] } },
{ "type": "Feature", "properties": { "Restrição de Atendimento": "ESCOLA EM FUNCIONAMENTO E SEM RESTRIÇÃO DE ATENDIMENTO", "Nome": "EMEI SANDRA MARA GOBBO", "Código INEP": 50059882, "UF": "MS", "Município": "Campo Grande", "Localização": "Urbana", "Localidade Diferenciada": "A escola não está em área de localização diferenciada", "Categoria Administrativa": "Pública", "Endereço": "RUA FRANCISCO ANTONIO DE SOUZA, S/N PORTAL CAIOBA II. 79096-701 Campo Grande - MS.", "Telefone": "(67) 20204284", "Tipo": "Municipal", "Categoria Escola Privada": "Não Informado", "Conveniada Poder Público": "Não", "Regulamentação pelo Conselho de Educação": "Sim", "Porte da Escola": "Entre 201 e 500 matrículas de escolarização", "Etapas e Modalidade de Ensino Oferecidas": "Educação Infantil", "Outras Ofertas Educacionais": null, "Latitude": "-20.517.475", "Longitude": "-546.866.653", "Lat tratada": -20.517475, "Long tratada": -54.6866653, "field_22": null, "field_23": null, "field_24": null, "field_25": null }, "geometry": { "type": "Point", "coordinates": [ -54.6866653, -20.517475 ] } },
{ "type": "Feature", "properties": { "Restrição de Atendimento": "ESCOLA EM FUNCIONAMENTO E SEM RESTRIÇÃO DE ATENDIMENTO", "Nome": "EM PROFESSORA ANA LUCIA DE OLIVEIRA BATISTA", "Código INEP": 50059890, "UF": "MS", "Município": "Campo Grande", "Localização": "Urbana", "Localidade Diferenciada": "A escola não está em área de localização diferenciada", "Categoria Administrativa": "Pública", "Endereço": "RUA PERCILIANA BARBOSA FERREIRA, 540 JARDIM PAULO COELHO MACHADO. 79072-430 Campo Grande - MS.", "Telefone": "(67) 20204123", "Tipo": "Municipal", "Categoria Escola Privada": "Não Informado", "Conveniada Poder Público": "Não", "Regulamentação pelo Conselho de Educação": "Sim", "Porte da Escola": "Entre 501 e 1000 matrículas de escolarização", "Etapas e Modalidade de Ensino Oferecidas": "Educação Infantil, Ensino Fundamental", "Outras Ofertas Educacionais": "Atendimento Educacional Especializado, Atividade Complementar", "Latitude": "-205.515.386", "Longitude": "-54.604.824", "Lat tratada": -20.5515386, "Long tratada": -54.604824, "field_22": null, "field_23": null, "field_24": null, "field_25": null }, "geometry": { "type": "Point", "coordinates": [ -54.604824, -20.5515386 ] } },
{ "type": "Feature", "properties": { "Restrição de Atendimento": "ESCOLA EM FUNCIONAMENTO E SEM RESTRIÇÃO DE ATENDIMENTO", "Nome": "EM PROFESSORA IRACEMA MARIA VICENTE", "Código INEP": 50059904, "UF": "MS", "Município": "Campo Grande", "Localização": "Urbana", "Localidade Diferenciada": "A escola não está em área de localização diferenciada", "Categoria Administrativa": "Pública", "Endereço": "RUA ROTTERDAN, 2053 PARQUE RESIDENCIAL RITA VIEIRA. 79052-293 Campo Grande - MS.", "Telefone": "(67) 20204145", "Tipo": "Municipal", "Categoria Escola Privada": "Não Informado", "Conveniada Poder Público": "Não", "Regulamentação pelo Conselho de Educação": "Sim", "Porte da Escola": "Entre 501 e 1000 matrículas de escolarização", "Etapas e Modalidade de Ensino Oferecidas": "Educação Infantil, Ensino Fundamental", "Outras Ofertas Educacionais": "Atendimento Educacional Especializado, Atividade Complementar", "Latitude": "-2.049.841.196", "Longitude": "-5.457.044.849", "Lat tratada": -20.49841196, "Long tratada": -54.57044849, "field_22": null, "field_23": null, "field_24": null, "field_25": null }, "geometry": { "type": "Point", "coordinates": [ -54.57044849, -20.49841196 ] } },
{ "type": "Feature", "properties": { "Restrição de Atendimento": "ESCOLA EM FUNCIONAMENTO E SEM RESTRIÇÃO DE ATENDIMENTO", "Nome": "NOVAESCOLA", "Código INEP": 50060015, "UF": "MS", "Município": "Campo Grande", "Localização": "Urbana", "Localidade Diferenciada": "A escola não está em área de localização diferenciada", "Categoria Administrativa": "Privada", "Endereço": "RUA RIO GRANDE DO SUL, 665 JARDIM DOS ESTADOS. 79020-010 Campo Grande - MS.", "Telefone": "(67) 30297166", "Tipo": "Privada", "Categoria Escola Privada": "Particular", "Conveniada Poder Público": "Não", "Regulamentação pelo Conselho de Educação": "Sim", "Porte da Escola": "Entre 51 e 200 matrículas de escolarização", "Etapas e Modalidade de Ensino Oferecidas": "Ensino Médio", "Outras Ofertas Educacionais": null, "Latitude": "-204.595.557", "Longitude": "-546.013.376", "Lat tratada": -20.4595557, "Long tratada": -54.6013376, "field_22": null, "field_23": null, "field_24": null, "field_25": null }, "geometry": { "type": "Point", "coordinates": [ -54.6013376, -20.4595557 ] } },
{ "type": "Feature", "properties": { "Restrição de Atendimento": "ESCOLA EM FUNCIONAMENTO E SEM RESTRIÇÃO DE ATENDIMENTO", "Nome": "CENTRO DE EDUCACAO INFANTIL RISCOS E RABISCOS", "Código INEP": 50060821, "UF": "MS", "Município": "Campo Grande", "Localização": "Urbana", "Localidade Diferenciada": "A escola não está em área de localização diferenciada", "Categoria Administrativa": "Privada", "Endereço": "RUA ROBERT BADEN POWELL, 182 RESIDENCIAL ANA MARIA DO COUTO. 79103-610 Campo Grande - MS.", "Telefone": "(67) 33913795", "Tipo": "Privada", "Categoria Escola Privada": "Particular", "Conveniada Poder Público": "Não", "Regulamentação pelo Conselho de Educação": "Sim", "Porte da Escola": "Entre 51 e 200 matrículas de escolarização", "Etapas e Modalidade de Ensino Oferecidas": "Educação Infantil, Ensino Fundamental", "Outras Ofertas Educacionais": null, "Latitude": "-2.044.534", "Longitude": "-5.467.353", "Lat tratada": -20.44534, "Long tratada": -54.67353, "field_22": null, "field_23": null, "field_24": null, "field_25": null }, "geometry": { "type": "Point", "coordinates": [ -54.67353, -20.44534 ] } },
{ "type": "Feature", "properties": { "Restrição de Atendimento": "ESCOLA EM FUNCIONAMENTO E SEM RESTRIÇÃO DE ATENDIMENTO", "Nome": "ESCOLA PADRAO LTDA", "Código INEP": 50070800, "UF": "MS", "Município": "Campo Grande", "Localização": "Urbana", "Localidade Diferenciada": "A escola não está em área de localização diferenciada", "Categoria Administrativa": "Privada", "Endereço": "RUA JOAQUIM MURTINHO, 2293 VILA MIGUEL COUTO. 79003-020 Campo Grande - MS.", "Telefone": "(67) 30261665", "Tipo": "Privada", "Categoria Escola Privada": "Particular", "Conveniada Poder Público": "Não", "Regulamentação pelo Conselho de Educação": "Sim", "Porte da Escola": "Mais de 1000 matrículas de escolarização", "Etapas e Modalidade de Ensino Oferecidas": "Educação Profissional, Educação de Jovens Adultos", "Outras Ofertas Educacionais": null, "Latitude": "-204.675.659", "Longitude": "-54.591.095", "Lat tratada": -20.4675659, "Long tratada": -54.591095, "field_22": null, "field_23": null, "field_24": null, "field_25": null }, "geometry": { "type": "Point", "coordinates": [ -54.591095, -20.4675659 ] } },
{ "type": "Feature", "properties": { "Restrição de Atendimento": "ESCOLA EM FUNCIONAMENTO E SEM RESTRIÇÃO DE ATENDIMENTO", "Nome": "ESCOLA CRIATIVIDADE", "Código INEP": 50072803, "UF": "MS", "Município": "Campo Grande", "Localização": "Urbana", "Localidade Diferenciada": "A escola não está em área de localização diferenciada", "Categoria Administrativa": "Privada", "Endereço": "RUA PIRATININGA, 317 JARDIM DOS ESTADOS. 79002-550 Campo Grande - MS.", "Telefone": "(67) 33213000", "Tipo": "Privada", "Categoria Escola Privada": "Particular", "Conveniada Poder Público": "Não", "Regulamentação pelo Conselho de Educação": "Sim", "Porte da Escola": "Entre 51 e 200 matrículas de escolarização", "Etapas e Modalidade de Ensino Oferecidas": "Educação Infantil, Ensino Fundamental", "Outras Ofertas Educacionais": null, "Latitude": "-2.045.778", "Longitude": "-5.460.116", "Lat tratada": -20.45778, "Long tratada": -54.60116, "field_22": null, "field_23": null, "field_24": null, "field_25": null }, "geometry": { "type": "Point", "coordinates": [ -54.60116, -20.45778 ] } },
{ "type": "Feature", "properties": { "Restrição de Atendimento": "ESCOLA EM FUNCIONAMENTO E SEM RESTRIÇÃO DE ATENDIMENTO", "Nome": "EM JOSE MAURO MESSIAS DA SILVA - POETA DAS MORENINHAS", "Código INEP": 50072846, "UF": "MS", "Município": "Campo Grande", "Localização": "Urbana", "Localidade Diferenciada": "A escola não está em área de localização diferenciada", "Categoria Administrativa": "Pública", "Endereço": "RUA IVO OSMAN MIRANDA, 281 VILA MORENINHA IV. 79065-493 Campo Grande - MS.", "Telefone": "(67) 20204055", "Tipo": "Municipal", "Categoria Escola Privada": "Não Informado", "Conveniada Poder Público": "Não", "Regulamentação pelo Conselho de Educação": "Sim", "Porte da Escola": "Mais de 1000 matrículas de escolarização", "Etapas e Modalidade de Ensino Oferecidas": "Ensino Fundamental, Educação de Jovens Adultos", "Outras Ofertas Educacionais": "Atendimento Educacional Especializado, Atividade Complementar", "Latitude": "-2.055.968", "Longitude": "-545.692.436", "Lat tratada": -20.55968, "Long tratada": -54.5692436, "field_22": null, "field_23": null, "field_24": null, "field_25": null }, "geometry": { "type": "Point", "coordinates": [ -54.5692436, -20.55968 ] } },
{ "type": "Feature", "properties": { "Restrição de Atendimento": "ESCOLA EM FUNCIONAMENTO E SEM RESTRIÇÃO DE ATENDIMENTO", "Nome": "EM OSVALDO CRUZ", "Código INEP": 50072927, "UF": "MS", "Município": "Campo Grande", "Localização": "Urbana", "Localidade Diferenciada": "A escola não está em área de localização diferenciada", "Categoria Administrativa": "Pública", "Endereço": "RUA YOKOAMA, 146 VILA PALMIRA. 79112-260 Campo Grande - MS.", "Telefone": "(67) 20204070", "Tipo": "Municipal", "Categoria Escola Privada": "Não Informado", "Conveniada Poder Público": "Não", "Regulamentação pelo Conselho de Educação": "Sim", "Porte da Escola": "Entre 201 e 500 matrículas de escolarização", "Etapas e Modalidade de Ensino Oferecidas": "Educação de Jovens Adultos", "Outras Ofertas Educacionais": null, "Latitude": "-2.044.483.977", "Longitude": "-5.465.982.086", "Lat tratada": -20.44483977, "Long tratada": -54.65982086, "field_22": null, "field_23": null, "field_24": null, "field_25": null }, "geometry": { "type": "Point", "coordinates": [ -54.65982086, -20.44483977 ] } },
{ "type": "Feature", "properties": { "Restrição de Atendimento": "ESCOLA EM FUNCIONAMENTO E SEM RESTRIÇÃO DE ATENDIMENTO", "Nome": "EMEI CONSTANCA CORREA DE ALMEIDA SERRA", "Código INEP": 50076817, "UF": "MS", "Município": "Campo Grande", "Localização": "Urbana", "Localidade Diferenciada": "A escola não está em área de localização diferenciada", "Categoria Administrativa": "Pública", "Endereço": "TRAVESSA EDMUNDO DA SILVA, 67 DALVA DE OLIVEIRA. 79041-121 Campo Grande - MS.", "Telefone": "(67) 20204216", "Tipo": "Municipal", "Categoria Escola Privada": "Não Informado", "Conveniada Poder Público": "Não", "Regulamentação pelo Conselho de Educação": "Sim", "Porte da Escola": "Entre 201 e 500 matrículas de escolarização", "Etapas e Modalidade de Ensino Oferecidas": "Educação Infantil", "Outras Ofertas Educacionais": null, "Latitude": "-204.693.602", "Longitude": "-545.683.322", "Lat tratada": -20.4693602, "Long tratada": -54.5683322, "field_22": null, "field_23": null, "field_24": null, "field_25": null }, "geometry": { "type": "Point", "coordinates": [ -54.5683322, -20.4693602 ] } },
{ "type": "Feature", "properties": { "Restrição de Atendimento": "ESCOLA EM FUNCIONAMENTO E SEM RESTRIÇÃO DE ATENDIMENTO", "Nome": "EMEI PROFª ADELIA LEITE KRAWIEC", "Código INEP": 50077805, "UF": "MS", "Município": "Campo Grande", "Localização": "Urbana", "Localidade Diferenciada": "A escola não está em área de localização diferenciada", "Categoria Administrativa": "Pública", "Endereço": "RUA SANTA MONICA, 1698 VILA COX. VILA SANTA LUZIA. 79116-502 Campo Grande - MS.", "Telefone": "(67) 20204276", "Tipo": "Municipal", "Categoria Escola Privada": "Não Informado", "Conveniada Poder Público": "Não", "Regulamentação pelo Conselho de Educação": "Sim", "Porte da Escola": "Entre 201 e 500 matrículas de escolarização", "Etapas e Modalidade de Ensino Oferecidas": "Educação Infantil", "Outras Ofertas Educacionais": null, "Latitude": "-2.041.175.158", "Longitude": "-5.464.403.744", "Lat tratada": -20.41175158, "Long tratada": -54.64403744, "field_22": null, "field_23": null, "field_24": null, "field_25": null }, "geometry": { "type": "Point", "coordinates": [ -54.64403744, -20.41175158 ] } },
{ "type": "Feature", "properties": { "Restrição de Atendimento": "ESCOLA EM FUNCIONAMENTO E SEM RESTRIÇÃO DE ATENDIMENTO", "Nome": "EMEI PROFª ADRIANA NOGUEIRA BORGES", "Código INEP": 50077813, "UF": "MS", "Município": "Campo Grande", "Localização": "Urbana", "Localidade Diferenciada": "A escola não está em área de localização diferenciada", "Categoria Administrativa": "Pública", "Endereço": "RUA JOAO MARCONDES, 307 JARDIM PRESIDENTE. 79015-320 Campo Grande - MS.", "Telefone": "(67) 20204277", "Tipo": "Municipal", "Categoria Escola Privada": "Não Informado", "Conveniada Poder Público": "Não", "Regulamentação pelo Conselho de Educação": "Sim", "Porte da Escola": "Entre 201 e 500 matrículas de escolarização", "Etapas e Modalidade de Ensino Oferecidas": "Educação Infantil", "Outras Ofertas Educacionais": null, "Latitude": "-2.040.068.115", "Longitude": "-545.865.767", "Lat tratada": -20.40068115, "Long tratada": -54.5865767, "field_22": null, "field_23": null, "field_24": null, "field_25": null }, "geometry": { "type": "Point", "coordinates": [ -54.5865767, -20.40068115 ] } },
{ "type": "Feature", "properties": { "Restrição de Atendimento": "ESCOLA EM FUNCIONAMENTO E SEM RESTRIÇÃO DE ATENDIMENTO", "Nome": "IFMS - CAMPUS CAMPO GRANDE", "Código INEP": 50082825, "UF": "MS", "Município": "Campo Grande", "Localização": "Urbana", "Localidade Diferenciada": "A escola não está em área de localização diferenciada", "Categoria Administrativa": "Pública", "Endereço": "RUA TAQUARI, 831 SANTO ANTONIO. 79100-510 Campo Grande - MS.", "Telefone": "(67) 33578501", "Tipo": "Federal", "Categoria Escola Privada": "Não Informado", "Conveniada Poder Público": "Não", "Regulamentação pelo Conselho de Educação": "Sim", "Porte da Escola": "Mais de 1000 matrículas de escolarização", "Etapas e Modalidade de Ensino Oferecidas": "Ensino Médio, Educação Profissional, Educação de Jovens Adultos", "Outras Ofertas Educacionais": null, "Latitude": "-2.045.797", "Longitude": "-5.461.656", "Lat tratada": -20.45797, "Long tratada": -54.61656, "field_22": null, "field_23": null, "field_24": null, "field_25": null }, "geometry": { "type": "Point", "coordinates": [ -54.61656, -20.45797 ] } }
]
}
